16.9281 	INFO 	Loaded monitor calibration from ['2025_08_21 09:54']
16.9420 	WARNING 	User requested fullscreen with size [1280  800], but screen is actually [1920, 1200]. Using actual size
17.7001 	INFO 	Using renderer 'Intel(R) UHD Graphics' for graphics
17.7001 	INFO 	OpenGL version supported by driver is 4..
17.7779 	EXP 	Created window1 = Window(allowGUI=True, allowStencil=True, autoLog=True, backendConf=UNKNOWN, backgroundFit=<method-wrapper '__getattribute__' of attributeSetter object at 0x0000024D397E25F0>, backgroundImage=<method-wrapper '__getattribute__' of attributeSetter object at 0x0000024D397E2590>, bitsMode=UNKNOWN, blendMode='avg', bpc=(8, 8, 8), color=array([0, 0, 0]), colorSpace='rgb', depthBits=8, fullscr=True, gamma=None, gammaErrorPolicy='raise', infoMsg=UNKNOWN, lms=UNKNOWN, monitor=<psychopy.monitors.calibTools.Monitor object at 0x0000024D3989BE50>, multiSample=False, name='window1', numSamples=2, pos=[np.float64(0.0), np.float64(0.0)], screen=0, size=array([1920, 1200]), stencilBits=8, stereo=False, title='PsychoPy', units='height', useFBO=True, useRetina=False, viewOri=0.0, viewPos=None, viewScale=None, waitBlanking=True, winType='pyglet')
17.7780 	EXP 	window1: backgroundImage = ''
17.7781 	EXP 	window1: backgroundFit = 'none'
18.3397 	EXP 	window1: Attempting to measure frame rate of screen (0) ...
18.3397 	EXP 	window1: recordFrameIntervals = False
18.4798 	EXP 	window1: recordFrameIntervals = True
18.6632 	EXP 	Screen (0) actual frame rate measured at 59.89Hz
18.6633 	EXP 	window1: recordFrameIntervals = False
18.8161 	INFO 	keyboard.Keyboard is using ptb backend.
18.8163 	INFO 	keyboard.Keyboard is using ptb backend.
19.4068 	INFO 	Created stream for speaker device: Speakers (Realtek(R) Audio) (4.0)
19.4090 	EXP 	intentional binding exp: status = STARTED
19.4161 	EXP 	Created polygon = ShapeStim(__class__=<class 'psychopy.visual.shape.ShapeStim'>, anchor=('center', 'center'), autoDraw=False, autoLog=True, closeShape=True, color=method-wrapper(...), colorSpace='rgb', contrast=None, depth=0.0, draggable=False, fillColor=array([1, 1, 1]), fillColorSpace='rgb', fillRGB=array([1, 1, 1]), interpolate=True, lineColor=array([1., 1., 1.]), lineColorSpace='rgb', lineRGB=array([1, 1, 1]), lineWidth=1.0, name='polygon', opacity=1, ori=0.0, pos=array([0., 0.]), size=array([0.2, 0.2]), units='height', vertices=ndarray(...), win=Window(...), windingRule=None)
19.4206 	EXP 	Created polygon_2 = ShapeStim(__class__=<class 'psychopy.visual.shape.ShapeStim'>, anchor=('center', 'center'), autoDraw=False, autoLog=True, closeShape=True, color=method-wrapper(...), colorSpace='rgb', contrast=None, depth=-1.0, draggable=False, fillColor=array([-1.    ,  0.0039, -1.    ]), fillColorSpace='rgb', fillRGB=array([-1.    ,  0.0039, -1.    ]), interpolate=True, lineColor=array([-1.    ,  0.0039, -1.    ]), lineColorSpace='rgb', lineRGB=array([-1.    ,  0.0039, -1.    ]), lineWidth=1.0, name='polygon_2', opacity=1, ori=0.0, pos=array([0., 0.]), size=array([0.2, 0.2]), units='height', vertices=ndarray(...), win=Window(...), windingRule=None)
19.4207 	EXP 	sound_1: sampleRate = 48000
19.4208 	EXP 	sound_1: channels = None
19.4221 	EXP 	Sound sound_1 set volume 1.000
19.5520 	EXP 	Created text = TextStim(__class__=<class 'psychopy.visual.text.TextStim'>, alignHoriz=method-wrapper(...), alignText='center', alignVert=method-wrapper(...), anchorHoriz='center', anchorVert='center', antialias=True, autoDraw=False, autoLog=True, bold=False, color=array([1., 1., 1.]), colorSpace='rgb', contrast=1.0, depth=0.0, draggable=False, flipHoriz=False, flipVert=False, font='Arial', fontFiles=[], height=np.float64(0.05), italic=False, languageStyle='LTR', name='text', opacity=1, ori=0.0, pos=array([0. , 0.3]), rgb=UNKNOWN, text=str(...), units='height', win=Window(...), wrapWidth=1)
0.0072 	EXP 	textbox: autoLog = True
0.0145 	EXP 	Imported ib.cons.xlsx as conditions, 12 conditions, 3 params
0.0193 	EXP 	New trial (rep=0, index=0): <Trial 0 (0 in rep 0) data={'delay': 0.4, 'freq': 1000, 'condition': 'exp', 'thisN': 0, 'thisTrialN': 0, 'thisRepN': 0}>
0.0225 	EXP 	polygon: autoDraw = True
1.0120 	INFO 	Keyboard events cleared
1.0119 	EXP 	polygon_2: autoDraw = True
1.0285 	EXP 	polygon: autoDraw = False
1.6055 	EXP 	Device response: <KeyPress from None: t=1.5524190000005547, value=space, duration=None>
1.6076 	DATA 	Keypress: space
1.6104 	EXP 	polygon: autoDraw = False
1.6104 	EXP 	polygon_2: autoDraw = False
1.6796 	EXP 	Device response: <KeyPress from None: t=1.5524190000005547, value=space, duration=0.11496429999988322>
1.9955 	EXP 	Sound sound_1 reached end of file
2.0117 	EXP 	Playing sound sound_1 on speaker Speakers (Realtek(R) Audio)
2.3066 	EXP 	Sound sound_1 stopped
2.3234 	EXP 	text: autoDraw = True
2.3234 	EXP 	textbox: autoDraw = True
5.1636 	EXP 	Device response: <KeyPress from None: t=5.159801900000275, value=lshift, duration=None>
5.3472 	EXP 	Device response: <KeyPress from None: t=5.159801900000275, value=lshift, duration=0.17788970000037807>
5.9101 	WARNING 	Keypress was given unknown key code (176)
5.9102 	EXP 	Device response: <KeyPress from None: t=5.891039400000409, value=unknown, duration=None>
6.6325 	EXP 	Device response: <KeyPress from None: t=5.891039400000409, value=unknown, duration=0.7340636999997514>
6.7183 	WARNING 	Keypress was given unknown key code (176)
6.7185 	EXP 	Device response: <KeyPress from None: t=6.710286600000472, value=unknown, duration=None>
6.8375 	EXP 	Device response: <KeyPress from None: t=6.710286600000472, value=unknown, duration=0.12256879999949888>
6.8853 	WARNING 	Keypress was given unknown key code (176)
6.8854 	EXP 	Device response: <KeyPress from None: t=6.877260100000058, value=unknown, duration=None>
7.0163 	EXP 	Device response: <KeyPress from None: t=6.877260100000058, value=unknown, duration=0.12556060000042635>
7.0513 	WARNING 	Keypress was given unknown key code (176)
7.0514 	EXP 	Device response: <KeyPress from None: t=7.045742000000246, value=unknown, duration=None>
8.2187 	EXP 	Device response: <KeyPress from None: t=7.045742000000246, value=unknown, duration=1.1664695999998003>
13.3181 	DATA 	Keypress: 0
13.3307 	EXP 	Device response: <KeyPress from None: t=13.316683600000033, value=0, duration=None>
13.3975 	EXP 	Device response: <KeyPress from None: t=13.316683600000033, value=0, duration=0.07641060000059952>
14.0546 	DATA 	Keypress: return
14.0630 	EXP 	Device response: <KeyPress from None: t=14.051442100000713, value=return, duration=None>
14.0992 	EXP 	Device response: <KeyPress from None: t=14.051442100000713, value=return, duration=0.03684789999988425>
15.3292 	DATA 	Mouse: Left button down, pos=(920,262)
15.3342 	EXP 	New trial (rep=0, index=1): <Trial 1 (1 in rep 0) data={'delay': 0.1, 'freq': 1000, 'condition': 'exp', 'thisN': 1, 'thisTrialN': 1, 'thisRepN': 0}>
15.3453 	EXP 	text: autoDraw = False
15.3453 	EXP 	textbox: autoDraw = False
15.3453 	EXP 	polygon: autoDraw = True
15.5670 	DATA 	Mouse:  Left button up, pos=(920,262)
16.3458 	INFO 	Keyboard events cleared
16.3455 	EXP 	polygon: autoDraw = False
16.3455 	EXP 	polygon_2: autoDraw = True
17.0134 	EXP 	Device response: <KeyPress from None: t=17.002190600000176, value=space, duration=None>
17.0169 	DATA 	Keypress: space
17.0287 	EXP 	polygon: autoDraw = False
17.0287 	EXP 	polygon_2: autoDraw = False
17.0963 	EXP 	Device response: <KeyPress from None: t=17.002190600000176, value=space, duration=0.08256520000031742>
17.1129 	EXP 	Sound sound_1 reached end of file
17.1289 	EXP 	Playing sound sound_1 on speaker Speakers (Realtek(R) Audio)
17.4285 	EXP 	Sound sound_1 stopped
17.4398 	EXP 	text: autoDraw = True
17.4398 	EXP 	textbox: autoDraw = True
22.1964 	DATA 	Keypress: 0
22.1982 	EXP 	Device response: <KeyPress from None: t=22.187769300000582, value=0, duration=None>
22.2632 	EXP 	Device response: <KeyPress from None: t=22.187769300000582, value=0, duration=0.06601210000007995>
22.8137 	DATA 	Keypress: return
22.8169 	EXP 	Device response: <KeyPress from None: t=22.80268200000046, value=return, duration=None>
22.8801 	EXP 	Device response: <KeyPress from None: t=22.80268200000046, value=return, duration=0.06066680000003544>
23.7291 	DATA 	Mouse: Left button down, pos=(1061,192)
23.7299 	EXP 	New trial (rep=0, index=2): <Trial 2 (2 in rep 0) data={'delay': 0.1, 'freq': 1000, 'condition': 'exp', 'thisN': 2, 'thisTrialN': 2, 'thisRepN': 0}>
23.7450 	EXP 	text: autoDraw = False
23.7450 	EXP 	textbox: autoDraw = False
23.7450 	EXP 	polygon: autoDraw = True
23.8500 	DATA 	Mouse:  Left button up, pos=(1061,192)
24.7454 	INFO 	Keyboard events cleared
24.7453 	EXP 	polygon: autoDraw = False
24.7453 	EXP 	polygon_2: autoDraw = True
25.1641 	DATA 	Keypress: space
25.1794 	EXP 	Device response: <KeyPress from None: t=25.163521100000253, value=space, duration=None>
25.1955 	EXP 	polygon: autoDraw = False
25.1955 	EXP 	polygon_2: autoDraw = False
25.2464 	EXP 	Device response: <KeyPress from None: t=25.163521100000253, value=space, duration=0.07642399999986083>
25.2630 	EXP 	Sound sound_1 reached end of file
25.2789 	EXP 	Playing sound sound_1 on speaker Speakers (Realtek(R) Audio)
25.5801 	EXP 	Sound sound_1 stopped
25.5892 	EXP 	text: autoDraw = True
25.5892 	EXP 	textbox: autoDraw = True
27.9471 	DATA 	Keypress: 1
27.9551 	EXP 	Device response: <KeyPress from None: t=27.938666100000773, value=1, duration=None>
28.0132 	EXP 	Device response: <KeyPress from None: t=27.938666100000773, value=1, duration=0.06643939999958093>
28.7971 	DATA 	Mouse: Left button down, pos=(915,299)
28.7983 	EXP 	New trial (rep=0, index=3): <Trial 3 (3 in rep 0) data={'delay': 0.4, 'freq': 400, 'condition': 'unexp', 'thisN': 3, 'thisTrialN': 3, 'thisRepN': 0}>
28.8122 	EXP 	text: autoDraw = False
28.8122 	EXP 	textbox: autoDraw = False
28.8122 	EXP 	polygon: autoDraw = True
28.9330 	DATA 	Mouse:  Left button up, pos=(915,299)
29.8121 	INFO 	Keyboard events cleared
29.8119 	EXP 	polygon: autoDraw = False
29.8119 	EXP 	polygon_2: autoDraw = True
30.3957 	EXP 	Device response: <KeyPress from None: t=30.3879093000005, value=space, duration=None>
30.3982 	DATA 	Keypress: space
30.4115 	EXP 	polygon: autoDraw = False
30.4115 	EXP 	polygon_2: autoDraw = False
30.4792 	EXP 	Device response: <KeyPress from None: t=30.3879093000005, value=space, duration=0.08568130000003293>
30.7956 	EXP 	Sound sound_1 reached end of file
30.8116 	EXP 	Playing sound sound_1 on speaker Speakers (Realtek(R) Audio)
31.1095 	EXP 	Sound sound_1 stopped
31.1194 	EXP 	text: autoDraw = True
31.1194 	EXP 	textbox: autoDraw = True
37.0792 	DATA 	Keypress: 0
37.0819 	EXP 	Device response: <KeyPress from None: t=37.07506570000078, value=0, duration=None>
37.2963 	EXP 	Device response: <KeyPress from None: t=37.07506570000078, value=0, duration=0.2078152999993108>
51.3626 	DATA 	Mouse: Left button down, pos=(931,266)
51.3638 	EXP 	New trial (rep=0, index=4): <Trial 4 (4 in rep 0) data={'delay': 0.1, 'freq': 1000, 'condition': 'exp', 'thisN': 4, 'thisTrialN': 4, 'thisRepN': 0}>
51.3782 	EXP 	text: autoDraw = False
51.3782 	EXP 	textbox: autoDraw = False
51.3782 	EXP 	polygon: autoDraw = True
51.5812 	DATA 	Mouse:  Left button up, pos=(931,266)
52.3782 	INFO 	Keyboard events cleared
52.3781 	EXP 	polygon: autoDraw = False
52.3781 	EXP 	polygon_2: autoDraw = True
52.8790 	EXP 	Device response: <KeyPress from None: t=52.869887600000766, value=space, duration=None>
52.8811 	DATA 	Keypress: space
52.8948 	EXP 	polygon: autoDraw = False
52.8948 	EXP 	polygon_2: autoDraw = False
52.9126 	EXP 	Device response: <KeyPress from None: t=52.869887600000766, value=space, duration=0.032796099999359285>
52.9623 	EXP 	Sound sound_1 reached end of file
52.9785 	EXP 	Playing sound sound_1 on speaker Speakers (Realtek(R) Audio)
53.2799 	EXP 	Sound sound_1 stopped
53.2898 	EXP 	text: autoDraw = True
53.2898 	EXP 	textbox: autoDraw = True
54.6622 	DATA 	Keypress: 1
54.6638 	EXP 	Device response: <KeyPress from None: t=54.65897050000058, value=1, duration=None>
54.7460 	EXP 	Device response: <KeyPress from None: t=54.65897050000058, value=1, duration=0.07298179999997956>
55.2178 	DATA 	Mouse: Left button down, pos=(931,266)
55.2296 	EXP 	New trial (rep=0, index=5): <Trial 5 (5 in rep 0) data={'delay': 0.4, 'freq': 1000, 'condition': 'exp', 'thisN': 5, 'thisTrialN': 5, 'thisRepN': 0}>
55.2449 	EXP 	text: autoDraw = False
55.2449 	EXP 	textbox: autoDraw = False
55.2449 	EXP 	polygon: autoDraw = True
55.3157 	DATA 	Mouse:  Left button up, pos=(931,266)
56.2284 	INFO 	Keyboard events cleared
56.2282 	EXP 	polygon_2: autoDraw = True
56.2452 	EXP 	polygon: autoDraw = False
56.5122 	EXP 	Device response: <KeyPress from None: t=56.511559800000214, value=space, duration=None>
56.5141 	DATA 	Keypress: space
56.5281 	EXP 	polygon: autoDraw = False
56.5281 	EXP 	polygon_2: autoDraw = False
56.5960 	EXP 	Device response: <KeyPress from None: t=56.511559800000214, value=space, duration=0.08342110000012326>
56.9121 	EXP 	Sound sound_1 reached end of file
56.9284 	EXP 	Playing sound sound_1 on speaker Speakers (Realtek(R) Audio)
57.2280 	EXP 	Sound sound_1 stopped
57.2371 	EXP 	text: autoDraw = True
57.2371 	EXP 	textbox: autoDraw = True
58.6203 	DATA 	Keypress: 1
58.6298 	EXP 	Device response: <KeyPress from None: t=58.617036100000405, value=1, duration=None>
58.7470 	EXP 	Device response: <KeyPress from None: t=58.617036100000405, value=1, duration=0.11871450000035111>
59.7526 	DATA 	Mouse: Left button down, pos=(931,266)
59.7628 	EXP 	New trial (rep=0, index=6): <Trial 6 (6 in rep 0) data={'delay': 0.4, 'freq': 1000, 'condition': 'exp', 'thisN': 6, 'thisTrialN': 6, 'thisRepN': 0}>
59.7783 	EXP 	text: autoDraw = False
59.7783 	EXP 	textbox: autoDraw = False
59.7783 	EXP 	polygon: autoDraw = True
59.9829 	DATA 	Mouse:  Left button up, pos=(931,266)
60.7781 	INFO 	Keyboard events cleared
60.7780 	EXP 	polygon: autoDraw = False
60.7780 	EXP 	polygon_2: autoDraw = True
63.1291 	EXP 	Device response: <KeyPress from None: t=63.12145650000002, value=space, duration=None>
63.1314 	DATA 	Keypress: space
63.1450 	EXP 	polygon: autoDraw = False
63.1450 	EXP 	polygon_2: autoDraw = False
63.1953 	EXP 	Device response: <KeyPress from None: t=63.12145650000002, value=space, duration=0.06565769999997428>
63.5291 	EXP 	Sound sound_1 reached end of file
63.5452 	EXP 	Playing sound sound_1 on speaker Speakers (Realtek(R) Audio)
63.8366 	EXP 	Sound sound_1 stopped
63.8478 	EXP 	text: autoDraw = True
63.8478 	EXP 	textbox: autoDraw = True
65.1628 	DATA 	Keypress: 1
65.1651 	EXP 	Device response: <KeyPress from None: t=65.15889810000044, value=1, duration=None>
65.2304 	EXP 	Device response: <KeyPress from None: t=65.15889810000044, value=1, duration=0.06923879999976634>
67.9649 	DATA 	Mouse: Left button down, pos=(923,361)
67.9793 	EXP 	New trial (rep=0, index=7): <Trial 7 (7 in rep 0) data={'delay': 0.7, 'freq': 1000, 'condition': 'exp', 'thisN': 7, 'thisTrialN': 7, 'thisRepN': 0}>
67.9947 	EXP 	text: autoDraw = False
67.9947 	EXP 	textbox: autoDraw = False
67.9947 	EXP 	polygon: autoDraw = True
68.1820 	DATA 	Mouse:  Left button up, pos=(923,361)
68.9950 	INFO 	Keyboard events cleared
68.9947 	EXP 	polygon: autoDraw = False
68.9947 	EXP 	polygon_2: autoDraw = True
72.1286 	EXP 	Device response: <KeyPress from None: t=72.11921990000064, value=space, duration=None>
72.1307 	DATA 	Keypress: space
72.1440 	EXP 	polygon: autoDraw = False
72.1440 	EXP 	polygon_2: autoDraw = False
72.1782 	EXP 	Device response: <KeyPress from None: t=72.11921990000064, value=space, duration=0.05556299999989278>
72.8289 	EXP 	Sound sound_1 reached end of file
72.8452 	EXP 	Playing sound sound_1 on speaker Speakers (Realtek(R) Audio)
73.1478 	EXP 	Sound sound_1 stopped
73.1590 	EXP 	text: autoDraw = True
73.1590 	EXP 	textbox: autoDraw = True
75.2112 	DATA 	Keypress: 2
75.2219 	EXP 	Device response: <KeyPress from None: t=75.20683210000061, value=2, duration=None>
75.2964 	EXP 	Device response: <KeyPress from None: t=75.20683210000061, value=2, duration=0.08676099999956932>
76.2791 	DATA 	Mouse: Left button down, pos=(927,304)
76.2800 	EXP 	New trial (rep=0, index=8): <Trial 8 (8 in rep 0) data={'delay': 0.1, 'freq': 400, 'condition': 'unexp', 'thisN': 8, 'thisTrialN': 8, 'thisRepN': 0}>
76.2949 	EXP 	text: autoDraw = False
76.2949 	EXP 	textbox: autoDraw = False
76.2949 	EXP 	polygon: autoDraw = True
76.5147 	DATA 	Mouse:  Left button up, pos=(927,304)
77.2951 	INFO 	Keyboard events cleared
77.2949 	EXP 	polygon: autoDraw = False
77.2949 	EXP 	polygon_2: autoDraw = True
78.0284 	EXP 	Device response: <KeyPress from None: t=78.01978790000067, value=space, duration=None>
78.0314 	DATA 	Keypress: space
78.0445 	EXP 	polygon: autoDraw = False
78.0445 	EXP 	polygon_2: autoDraw = False
78.1115 	EXP 	Sound sound_1 reached end of file
78.1279 	EXP 	Playing sound sound_1 on speaker Speakers (Realtek(R) Audio)
78.1783 	EXP 	Device response: <KeyPress from None: t=78.01978790000067, value=space, duration=0.15520829999968555>
78.4298 	EXP 	Sound sound_1 stopped
78.4394 	EXP 	text: autoDraw = True
78.4394 	EXP 	textbox: autoDraw = True
80.0464 	DATA 	Keypress: 0
80.0495 	EXP 	Device response: <KeyPress from None: t=80.03600280000046, value=0, duration=None>
80.1791 	EXP 	Device response: <KeyPress from None: t=80.03600280000046, value=0, duration=0.12896139999975276>
81.3467 	DATA 	Mouse: Left button down, pos=(982,292)
81.3478 	EXP 	New trial (rep=0, index=9): <Trial 9 (9 in rep 0) data={'delay': 0.7, 'freq': 1000, 'condition': 'exp', 'thisN': 9, 'thisTrialN': 9, 'thisRepN': 0}>
81.3612 	EXP 	text: autoDraw = False
81.3612 	EXP 	textbox: autoDraw = False
81.3612 	EXP 	polygon: autoDraw = True
81.5801 	DATA 	Mouse:  Left button up, pos=(982,292)
82.3614 	INFO 	Keyboard events cleared
82.3613 	EXP 	polygon: autoDraw = False
82.3613 	EXP 	polygon_2: autoDraw = True
82.6784 	EXP 	Device response: <KeyPress from None: t=82.6674993000006, value=space, duration=None>
82.6805 	DATA 	Keypress: space
82.6947 	EXP 	polygon: autoDraw = False
82.6947 	EXP 	polygon_2: autoDraw = False
82.8116 	EXP 	Device response: <KeyPress from None: t=82.6674993000006, value=space, duration=0.13512619999983144>
83.3617 	EXP 	Sound sound_1 reached end of file
83.3780 	EXP 	Playing sound sound_1 on speaker Speakers (Realtek(R) Audio)
83.6765 	EXP 	Sound sound_1 stopped
83.6866 	EXP 	text: autoDraw = True
83.6866 	EXP 	textbox: autoDraw = True
84.8191 	DATA 	Keypress: 2
84.8287 	EXP 	Device response: <KeyPress from None: t=84.8155998000002, value=2, duration=None>
84.9120 	EXP 	Device response: <KeyPress from None: t=84.8155998000002, value=2, duration=0.0826972000004389>
85.8220 	DATA 	Mouse: Left button down, pos=(982,292)
85.8294 	EXP 	New trial (rep=0, index=10): <Trial 10 (10 in rep 0) data={'delay': 0.7, 'freq': 400, 'condition': 'unexp', 'thisN': 10, 'thisTrialN': 10, 'thisRepN': 0}>
85.8446 	EXP 	text: autoDraw = False
85.8446 	EXP 	textbox: autoDraw = False
85.8446 	EXP 	polygon: autoDraw = True
85.9163 	DATA 	Mouse:  Left button up, pos=(982,292)
86.8449 	INFO 	Keyboard events cleared
86.8447 	EXP 	polygon: autoDraw = False
86.8447 	EXP 	polygon_2: autoDraw = True
87.3284 	EXP 	Device response: <KeyPress from None: t=87.32110310000007, value=space, duration=None>
87.3306 	DATA 	Keypress: space
87.3447 	EXP 	polygon: autoDraw = False
87.3447 	EXP 	polygon_2: autoDraw = False
87.4615 	EXP 	Device response: <KeyPress from None: t=87.32110310000007, value=space, duration=0.13617440000052738>
88.0117 	EXP 	Sound sound_1 reached end of file
88.0279 	EXP 	Playing sound sound_1 on speaker Speakers (Realtek(R) Audio)
88.3274 	EXP 	Sound sound_1 stopped
88.3366 	EXP 	text: autoDraw = True
88.3366 	EXP 	textbox: autoDraw = True
89.3186 	DATA 	Keypress: 0
89.3288 	EXP 	Device response: <KeyPress from None: t=89.31670450000001, value=0, duration=None>
89.4470 	EXP 	Device response: <KeyPress from None: t=89.31670450000001, value=0, duration=0.12581500000032975>
89.8458 	DATA 	Mouse: Left button down, pos=(982,292)
89.8476 	EXP 	New trial (rep=0, index=11): <Trial 11 (11 in rep 0) data={'delay': 0.7, 'freq': 1000, 'condition': 'exp', 'thisN': 11, 'thisTrialN': 11, 'thisRepN': 0}>
89.8617 	EXP 	text: autoDraw = False
89.8617 	EXP 	textbox: autoDraw = False
89.8617 	EXP 	polygon: autoDraw = True
89.9323 	DATA 	Mouse:  Left button up, pos=(982,292)
90.8615 	INFO 	Keyboard events cleared
90.8613 	EXP 	polygon: autoDraw = False
90.8613 	EXP 	polygon_2: autoDraw = True
91.3780 	EXP 	Device response: <KeyPress from None: t=91.36320080000041, value=space, duration=None>
91.3798 	DATA 	Keypress: space
91.3941 	EXP 	polygon: autoDraw = False
91.3941 	EXP 	polygon_2: autoDraw = False
91.4455 	EXP 	Device response: <KeyPress from None: t=91.36320080000041, value=space, duration=0.07318269999996119>
92.0616 	EXP 	Sound sound_1 reached end of file
92.0779 	EXP 	Playing sound sound_1 on speaker Speakers (Realtek(R) Audio)
92.3789 	EXP 	Sound sound_1 stopped
92.3894 	EXP 	text: autoDraw = True
92.3894 	EXP 	textbox: autoDraw = True
93.3020 	DATA 	Keypress: 2
93.3118 	EXP 	Device response: <KeyPress from None: t=93.30061280000064, value=2, duration=None>
93.3954 	EXP 	Device response: <KeyPress from None: t=93.30061280000064, value=2, duration=0.08220709999932296>
93.9619 	DATA 	Mouse: Left button down, pos=(982,292)
93.9632 	EXP 	New trial (rep=1, index=0): <Trial 12 (0 in rep 1) data={'delay': 0.4, 'freq': 1000, 'condition': 'exp', 'thisN': 12, 'thisTrialN': 0, 'thisRepN': 1}>
93.9776 	EXP 	text: autoDraw = False
93.9776 	EXP 	textbox: autoDraw = False
93.9776 	EXP 	polygon: autoDraw = True
94.0300 	DATA 	Mouse:  Left button up, pos=(982,292)
94.9777 	INFO 	Keyboard events cleared
94.9775 	EXP 	polygon: autoDraw = False
94.9775 	EXP 	polygon_2: autoDraw = True
95.6445 	EXP 	Device response: <KeyPress from None: t=95.63521750000018, value=space, duration=None>
95.6468 	DATA 	Keypress: space
95.6607 	EXP 	polygon: autoDraw = False
95.6607 	EXP 	polygon_2: autoDraw = False
95.7613 	EXP 	Device response: <KeyPress from None: t=95.63521750000018, value=space, duration=0.10952950000046258>
96.0280 	EXP 	Sound sound_1 reached end of file
96.0441 	EXP 	Playing sound sound_1 on speaker Speakers (Realtek(R) Audio)
96.3456 	EXP 	Sound sound_1 stopped
96.3589 	EXP 	text: autoDraw = True
96.3589 	EXP 	textbox: autoDraw = True
99.0991 	DATA 	Keypress: 1
99.1006 	EXP 	Device response: <KeyPress from None: t=99.0903672000004, value=1, duration=None>
99.1846 	EXP 	Device response: <KeyPress from None: t=99.0903672000004, value=1, duration=0.0822598000004291>
100.0039 	DATA 	Mouse: Left button down, pos=(849,206)
100.0159 	EXP 	New trial (rep=1, index=1): <Trial 13 (1 in rep 1) data={'delay': 0.1, 'freq': 1000, 'condition': 'exp', 'thisN': 13, 'thisTrialN': 1, 'thisRepN': 1}>
100.0309 	EXP 	text: autoDraw = False
100.0309 	EXP 	textbox: autoDraw = False
100.0309 	EXP 	polygon: autoDraw = True
100.1019 	DATA 	Mouse:  Left button up, pos=(849,206)
101.0170 	INFO 	Keyboard events cleared
101.0168 	EXP 	polygon_2: autoDraw = True
101.0317 	EXP 	polygon: autoDraw = False
101.8161 	EXP 	Device response: <KeyPress from None: t=101.80324590000055, value=space, duration=None>
101.8176 	DATA 	Keypress: space
101.8312 	EXP 	polygon: autoDraw = False
101.8312 	EXP 	polygon_2: autoDraw = False
101.8993 	EXP 	Sound sound_1 reached end of file
101.9154 	EXP 	Playing sound sound_1 on speaker Speakers (Realtek(R) Audio)
101.9156 	EXP 	Device response: <KeyPress from None: t=101.80324590000055, value=space, duration=0.10215139999945677>
102.2102 	EXP 	Sound sound_1 stopped
102.2196 	EXP 	text: autoDraw = True
102.2196 	EXP 	textbox: autoDraw = True
103.6663 	DATA 	Keypress: 1
103.6779 	EXP 	Device response: <KeyPress from None: t=103.66547330000049, value=1, duration=None>
103.7777 	EXP 	Device response: <KeyPress from None: t=103.66547330000049, value=1, duration=0.09666899999956513>
104.6617 	DATA 	Mouse: Left button down, pos=(920,269)
104.6625 	EXP 	New trial (rep=1, index=2): <Trial 14 (2 in rep 1) data={'delay': 0.1, 'freq': 1000, 'condition': 'exp', 'thisN': 14, 'thisTrialN': 2, 'thisRepN': 1}>
104.6771 	EXP 	text: autoDraw = False
104.6771 	EXP 	textbox: autoDraw = False
104.6771 	EXP 	polygon: autoDraw = True
104.7469 	DATA 	Mouse:  Left button up, pos=(920,269)
105.6771 	INFO 	Keyboard events cleared
105.6770 	EXP 	polygon: autoDraw = False
105.6770 	EXP 	polygon_2: autoDraw = True
106.5612 	EXP 	Device response: <KeyPress from None: t=106.55726670000058, value=space, duration=None>
106.5637 	DATA 	Keypress: space
106.5775 	EXP 	polygon: autoDraw = False
106.5775 	EXP 	polygon_2: autoDraw = False
106.6450 	EXP 	Sound sound_1 reached end of file
106.6606 	EXP 	Playing sound sound_1 on speaker Speakers (Realtek(R) Audio)
106.6777 	EXP 	Device response: <KeyPress from None: t=106.55726670000058, value=space, duration=0.11214959999961138>
106.9569 	EXP 	Sound sound_1 stopped
106.9689 	EXP 	text: autoDraw = True
106.9689 	EXP 	textbox: autoDraw = True
108.5613 	DATA 	Keypress: 1
108.5624 	EXP 	Device response: <KeyPress from None: t=108.5524632000006, value=1, duration=None>
108.6452 	EXP 	Device response: <KeyPress from None: t=108.5524632000006, value=1, duration=0.07575550000001385>
111.3465 	DATA 	Mouse: Left button down, pos=(921,187)
111.3476 	EXP 	New trial (rep=1, index=3): <Trial 15 (3 in rep 1) data={'delay': 0.7, 'freq': 400, 'condition': 'unexp', 'thisN': 15, 'thisTrialN': 3, 'thisRepN': 1}>
111.3609 	EXP 	text: autoDraw = False
111.3609 	EXP 	textbox: autoDraw = False
111.3609 	EXP 	polygon: autoDraw = True
111.4490 	DATA 	Mouse:  Left button up, pos=(921,187)
112.3605 	INFO 	Keyboard events cleared
112.3604 	EXP 	polygon: autoDraw = False
112.3604 	EXP 	polygon_2: autoDraw = True
112.9614 	EXP 	Device response: <KeyPress from None: t=112.9543575000007, value=space, duration=None>
112.9648 	DATA 	Keypress: space
112.9774 	EXP 	polygon: autoDraw = False
112.9774 	EXP 	polygon_2: autoDraw = False
113.0610 	EXP 	Device response: <KeyPress from None: t=112.9543575000007, value=space, duration=0.10573199999998906>
113.6615 	EXP 	Sound sound_1 reached end of file
113.6777 	EXP 	Playing sound sound_1 on speaker Speakers (Realtek(R) Audio)
113.9793 	EXP 	Sound sound_1 stopped
113.9894 	EXP 	text: autoDraw = True
113.9894 	EXP 	textbox: autoDraw = True
114.8679 	DATA 	Keypress: 0
114.8781 	EXP 	Device response: <KeyPress from None: t=114.86509960000058, value=0, duration=None>
114.9793 	EXP 	Device response: <KeyPress from None: t=114.86509960000058, value=0, duration=0.10920919999989565>
115.3876 	DATA 	Mouse: Left button down, pos=(921,187)
115.3959 	EXP 	New trial (rep=1, index=4): <Trial 16 (4 in rep 1) data={'delay': 0.1, 'freq': 400, 'condition': 'unexp', 'thisN': 16, 'thisTrialN': 4, 'thisRepN': 1}>
115.4107 	EXP 	text: autoDraw = False
115.4107 	EXP 	textbox: autoDraw = False
115.4107 	EXP 	polygon: autoDraw = True
115.4808 	DATA 	Mouse:  Left button up, pos=(921,187)
116.4108 	INFO 	Keyboard events cleared
116.4107 	EXP 	polygon: autoDraw = False
116.4107 	EXP 	polygon_2: autoDraw = True
116.8618 	EXP 	Device response: <KeyPress from None: t=116.84940040000038, value=space, duration=None>
116.8641 	DATA 	Keypress: space
116.8775 	EXP 	polygon: autoDraw = False
116.8775 	EXP 	polygon_2: autoDraw = False
116.9457 	EXP 	Sound sound_1 reached end of file
116.9611 	EXP 	Playing sound sound_1 on speaker Speakers (Realtek(R) Audio)
116.9461 	EXP 	Device response: <KeyPress from None: t=116.84940040000038, value=space, duration=0.09592379999958212>
117.2581 	EXP 	Sound sound_1 stopped
117.2692 	EXP 	text: autoDraw = True
117.2692 	EXP 	textbox: autoDraw = True
118.0044 	DATA 	Keypress: 0
118.0116 	EXP 	Device response: <KeyPress from None: t=118.00099920000048, value=0, duration=None>
118.1281 	EXP 	Device response: <KeyPress from None: t=118.00099920000048, value=0, duration=0.11541419999957725>
119.0125 	DATA 	Mouse: Left button down, pos=(912,301)
119.0137 	EXP 	New trial (rep=1, index=5): <Trial 17 (5 in rep 1) data={'delay': 0.4, 'freq': 400, 'condition': 'unexp', 'thisN': 17, 'thisTrialN': 5, 'thisRepN': 1}>
119.0274 	EXP 	text: autoDraw = False
119.0274 	EXP 	textbox: autoDraw = False
119.0274 	EXP 	polygon: autoDraw = True
119.1152 	DATA 	Mouse:  Left button up, pos=(912,301)
120.0276 	INFO 	Keyboard events cleared
120.0275 	EXP 	polygon: autoDraw = False
120.0275 	EXP 	polygon_2: autoDraw = True
120.5277 	EXP 	Device response: <KeyPress from None: t=120.51364170000033, value=space, duration=None>
120.5298 	DATA 	Keypress: space
120.5442 	EXP 	polygon: autoDraw = False
120.5442 	EXP 	polygon_2: autoDraw = False
120.6114 	EXP 	Device response: <KeyPress from None: t=120.51364170000033, value=space, duration=0.0851797000004808>
120.9110 	EXP 	Sound sound_1 reached end of file
120.9273 	EXP 	Playing sound sound_1 on speaker Speakers (Realtek(R) Audio)
121.2275 	EXP 	Sound sound_1 stopped
121.2386 	EXP 	text: autoDraw = True
121.2386 	EXP 	textbox: autoDraw = True
122.1361 	DATA 	Keypress: 0
122.1447 	EXP 	Device response: <KeyPress from None: t=122.13333070000044, value=0, duration=None>
122.2448 	EXP 	Device response: <KeyPress from None: t=122.13333070000044, value=0, duration=0.09624249999978929>
123.0300 	DATA 	Mouse: Left button down, pos=(997,253)
123.0310 	EXP 	New trial (rep=1, index=6): <Trial 18 (6 in rep 1) data={'delay': 0.4, 'freq': 1000, 'condition': 'exp', 'thisN': 18, 'thisTrialN': 6, 'thisRepN': 1}>
123.0439 	EXP 	text: autoDraw = False
123.0439 	EXP 	textbox: autoDraw = False
123.0439 	EXP 	polygon: autoDraw = True
123.0974 	DATA 	Mouse:  Left button up, pos=(997,253)
124.0441 	INFO 	Keyboard events cleared
124.0439 	EXP 	polygon: autoDraw = False
124.0439 	EXP 	polygon_2: autoDraw = True
124.8447 	EXP 	Device response: <KeyPress from None: t=124.83446090000052, value=space, duration=None>
124.8469 	DATA 	Keypress: space
124.8608 	EXP 	polygon: autoDraw = False
124.8608 	EXP 	polygon_2: autoDraw = False
124.9114 	EXP 	Device response: <KeyPress from None: t=124.83446090000052, value=space, duration=0.06556959999943501>
125.2279 	EXP 	Sound sound_1 reached end of file
125.2442 	EXP 	Playing sound sound_1 on speaker Speakers (Realtek(R) Audio)
125.5367 	EXP 	Sound sound_1 stopped
125.5468 	EXP 	text: autoDraw = True
125.5468 	EXP 	textbox: autoDraw = True
126.2656 	DATA 	Keypress: 1
126.2774 	EXP 	Device response: <KeyPress from None: t=126.26377880000018, value=1, duration=None>
126.3784 	EXP 	Device response: <KeyPress from None: t=126.26377880000018, value=1, duration=0.10587519999990036>
126.8946 	DATA 	Keypress: space
126.8967 	EXP 	Device response: <KeyPress from None: t=126.88449870000022, value=space, duration=None>
126.9787 	EXP 	Device response: <KeyPress from None: t=126.88449870000022, value=space, duration=0.08958400000028632>
127.7279 	DATA 	Keypress: equal
127.7367 	EXP 	Device response: <KeyPress from None: t=127.72208740000042, value=equal, duration=None>
127.8446 	EXP 	Device response: <KeyPress from None: t=127.72208740000042, value=equal, duration=0.11874259999967762>
128.5448 	DATA 	Keypress: backspace
128.5472 	EXP 	Device response: <KeyPress from None: t=128.5385937000001, value=backspace, duration=None>
128.6273 	EXP 	Device response: <KeyPress from None: t=128.5385937000001, value=backspace, duration=0.07603030000063882>
128.6948 	DATA 	Keypress: backspace
128.6962 	EXP 	Device response: <KeyPress from None: t=128.68922400000065, value=backspace, duration=None>
128.7469 	EXP 	Device response: <KeyPress from None: t=128.68922400000065, value=backspace, duration=0.050055300000167335>
129.4661 	DATA 	Mouse: Left button down, pos=(1062,201)
129.4787 	EXP 	New trial (rep=1, index=7): <Trial 19 (7 in rep 1) data={'delay': 0.4, 'freq': 1000, 'condition': 'exp', 'thisN': 19, 'thisTrialN': 7, 'thisRepN': 1}>
129.4939 	EXP 	text: autoDraw = False
129.4939 	EXP 	textbox: autoDraw = False
129.4939 	EXP 	polygon: autoDraw = True
129.5652 	DATA 	Mouse:  Left button up, pos=(1062,201)
130.4940 	INFO 	Keyboard events cleared
130.4938 	EXP 	polygon: autoDraw = False
130.4938 	EXP 	polygon_2: autoDraw = True
130.7775 	EXP 	Device response: <KeyPress from None: t=130.7745648, value=space, duration=None>
130.7794 	DATA 	Keypress: space
130.7939 	EXP 	polygon: autoDraw = False
130.7939 	EXP 	polygon_2: autoDraw = False
130.8444 	EXP 	Device response: <KeyPress from None: t=130.7745648, value=space, duration=0.06567489999997633>
131.1612 	EXP 	Sound sound_1 reached end of file
131.1775 	EXP 	Playing sound sound_1 on speaker Speakers (Realtek(R) Audio)
131.4769 	EXP 	Sound sound_1 stopped
131.4867 	EXP 	text: autoDraw = True
131.4867 	EXP 	textbox: autoDraw = True
132.5836 	DATA 	Keypress: 1
132.5946 	EXP 	Device response: <KeyPress from None: t=132.58032560000083, value=1, duration=None>
132.6293 	EXP 	Device response: <KeyPress from None: t=132.58032560000083, value=1, duration=0.04700649999995221>
135.6286 	DATA 	Mouse: Left button down, pos=(979,170)
135.6303 	EXP 	New trial (rep=1, index=8): <Trial 20 (8 in rep 1) data={'delay': 0.7, 'freq': 1000, 'condition': 'exp', 'thisN': 20, 'thisTrialN': 8, 'thisRepN': 1}>
135.6440 	EXP 	text: autoDraw = False
135.6440 	EXP 	textbox: autoDraw = False
135.6440 	EXP 	polygon: autoDraw = True
135.7302 	DATA 	Mouse:  Left button up, pos=(979,170)
136.6439 	INFO 	Keyboard events cleared
136.6437 	EXP 	polygon: autoDraw = False
136.6437 	EXP 	polygon_2: autoDraw = True
136.9789 	DATA 	Keypress: space
136.9946 	EXP 	Device response: <KeyPress from None: t=136.97799269999996, value=space, duration=None>
137.0102 	EXP 	polygon: autoDraw = False
137.0102 	EXP 	polygon_2: autoDraw = False
137.1109 	EXP 	Device response: <KeyPress from None: t=136.97799269999996, value=space, duration=0.11907330000030925>
137.6947 	EXP 	Sound sound_1 reached end of file
137.7104 	EXP 	Playing sound sound_1 on speaker Speakers (Realtek(R) Audio)
138.0061 	EXP 	Sound sound_1 stopped
138.0229 	EXP 	text: autoDraw = True
138.0229 	EXP 	textbox: autoDraw = True
138.6176 	DATA 	Keypress: 1
138.6276 	EXP 	Device response: <KeyPress from None: t=138.61337790000016, value=1, duration=None>
138.6963 	EXP 	Device response: <KeyPress from None: t=138.61337790000016, value=1, duration=0.07247749999987718>
139.6463 	DATA 	Mouse: Left button down, pos=(1038,319)
139.6477 	EXP 	New trial (rep=1, index=9): <Trial 21 (9 in rep 1) data={'delay': 0.7, 'freq': 1000, 'condition': 'exp', 'thisN': 21, 'thisTrialN': 9, 'thisRepN': 1}>
139.6606 	EXP 	text: autoDraw = False
139.6606 	EXP 	textbox: autoDraw = False
139.6606 	EXP 	polygon: autoDraw = True
139.7462 	DATA 	Mouse:  Left button up, pos=(1038,319)
140.6609 	INFO 	Keyboard events cleared
140.6607 	EXP 	polygon: autoDraw = False
140.6607 	EXP 	polygon_2: autoDraw = True
141.0111 	EXP 	Device response: <KeyPress from None: t=140.9993501000008, value=space, duration=None>
141.0140 	DATA 	Keypress: space
141.0270 	EXP 	polygon: autoDraw = False
141.0270 	EXP 	polygon_2: autoDraw = False
141.1275 	EXP 	Device response: <KeyPress from None: t=140.9993501000008, value=space, duration=0.1191423999998733>
141.7106 	EXP 	Sound sound_1 reached end of file
141.7268 	EXP 	Playing sound sound_1 on speaker Speakers (Realtek(R) Audio)
142.0274 	EXP 	Sound sound_1 stopped
142.0378 	EXP 	text: autoDraw = True
142.0378 	EXP 	textbox: autoDraw = True
142.9283 	DATA 	Keypress: 1
142.9306 	EXP 	Device response: <KeyPress from None: t=142.92223990000002, value=1, duration=None>
142.9952 	EXP 	Device response: <KeyPress from None: t=142.92223990000002, value=1, duration=0.05970470000011119>
144.0815 	DATA 	Mouse: Left button down, pos=(1024,319)
144.0959 	EXP 	New trial (rep=1, index=10): <Trial 22 (10 in rep 1) data={'delay': 0.1, 'freq': 1000, 'condition': 'exp', 'thisN': 22, 'thisTrialN': 10, 'thisRepN': 1}>
144.1106 	EXP 	text: autoDraw = False
144.1106 	EXP 	textbox: autoDraw = False
144.1106 	EXP 	polygon: autoDraw = True
144.1503 	DATA 	Mouse:  Left button up, pos=(1024,319)
145.1103 	INFO 	Keyboard events cleared
145.1101 	EXP 	polygon: autoDraw = False
145.1101 	EXP 	polygon_2: autoDraw = True
145.8109 	EXP 	Device response: <KeyPress from None: t=145.7987103000005, value=space, duration=None>
145.8129 	DATA 	Keypress: space
145.8267 	EXP 	polygon: autoDraw = False
145.8267 	EXP 	polygon_2: autoDraw = False
145.9110 	EXP 	Sound sound_1 reached end of file
145.9273 	EXP 	Playing sound sound_1 on speaker Speakers (Realtek(R) Audio)
145.9272 	EXP 	Device response: <KeyPress from None: t=145.7987103000005, value=space, duration=0.12581320000026608>
146.2156 	EXP 	Sound sound_1 stopped
146.2316 	EXP 	text: autoDraw = True
146.2316 	EXP 	textbox: autoDraw = True
147.4171 	DATA 	Keypress: 1
147.4274 	EXP 	Device response: <KeyPress from None: t=147.41666430000078, value=1, duration=None>
147.5446 	EXP 	Device response: <KeyPress from None: t=147.41666430000078, value=1, duration=0.11279369999920164>
148.0948 	DATA 	Keypress: return
148.0974 	EXP 	Device response: <KeyPress from None: t=148.09143740000036, value=return, duration=None>
148.1972 	EXP 	Device response: <KeyPress from None: t=148.09143740000036, value=return, duration=0.09844210000028397>
148.7964 	DATA 	Mouse: Left button down, pos=(965,281)
148.7976 	EXP 	New trial (rep=1, index=11): <Trial 23 (11 in rep 1) data={'delay': 0.7, 'freq': 1000, 'condition': 'exp', 'thisN': 23, 'thisTrialN': 11, 'thisRepN': 1}>
148.8105 	EXP 	text: autoDraw = False
148.8105 	EXP 	textbox: autoDraw = False
148.8105 	EXP 	polygon: autoDraw = True
148.8968 	DATA 	Mouse:  Left button up, pos=(965,281)
149.8100 	INFO 	Keyboard events cleared
149.8099 	EXP 	polygon: autoDraw = False
149.8099 	EXP 	polygon_2: autoDraw = True
150.9275 	EXP 	Device response: <KeyPress from None: t=150.91908469999998, value=space, duration=None>
150.9297 	DATA 	Keypress: space
150.9438 	EXP 	polygon: autoDraw = False
150.9438 	EXP 	polygon_2: autoDraw = False
150.9952 	EXP 	Device response: <KeyPress from None: t=150.91908469999998, value=space, duration=0.0692417000000205>
151.6108 	EXP 	Sound sound_1 reached end of file
151.6270 	EXP 	Playing sound sound_1 on speaker Speakers (Realtek(R) Audio)
151.9261 	EXP 	Sound sound_1 stopped
151.9356 	EXP 	text: autoDraw = True
151.9356 	EXP 	textbox: autoDraw = True
153.4525 	DATA 	Keypress: 2
153.4609 	EXP 	Device response: <KeyPress from None: t=153.45177160000003, value=2, duration=None>
153.5799 	EXP 	Device response: <KeyPress from None: t=153.45177160000003, value=2, duration=0.11997410000003583>
154.3956 	DATA 	Mouse: Left button down, pos=(930,248)
154.3966 	EXP 	New trial (rep=2, index=0): <Trial 24 (0 in rep 2) data={'delay': 0.7, 'freq': 1000, 'condition': 'exp', 'thisN': 24, 'thisTrialN': 0, 'thisRepN': 2}>
154.4104 	EXP 	text: autoDraw = False
154.4104 	EXP 	textbox: autoDraw = False
154.4104 	EXP 	polygon: autoDraw = True
154.4809 	DATA 	Mouse:  Left button up, pos=(930,248)
155.4101 	INFO 	Keyboard events cleared
155.4099 	EXP 	polygon: autoDraw = False
155.4099 	EXP 	polygon_2: autoDraw = True
156.2623 	DATA 	Mouse: Left button down, pos=(967,554)
156.3955 	DATA 	Mouse:  Left button up, pos=(967,554)
156.8456 	DATA 	Keypress: space
156.8610 	EXP 	Device response: <KeyPress from None: t=156.8444229000006, value=space, duration=None>
156.8766 	EXP 	polygon: autoDraw = False
156.8766 	EXP 	polygon_2: autoDraw = False
156.9605 	EXP 	Device response: <KeyPress from None: t=156.8444229000006, value=space, duration=0.11170399999991787>
157.5607 	EXP 	Sound sound_1 reached end of file
157.5769 	EXP 	Playing sound sound_1 on speaker Speakers (Realtek(R) Audio)
157.8695 	EXP 	Sound sound_1 stopped
157.8797 	EXP 	text: autoDraw = True
157.8797 	EXP 	textbox: autoDraw = True
158.9180 	DATA 	Keypress: 2
158.9277 	EXP 	Device response: <KeyPress from None: t=158.91315250000025, value=2, duration=None>
158.9943 	EXP 	Device response: <KeyPress from None: t=158.91315250000025, value=2, duration=0.06924760000038077>
160.6456 	DATA 	Mouse: Left button down, pos=(965,287)
160.6469 	EXP 	New trial (rep=2, index=1): <Trial 25 (1 in rep 2) data={'delay': 0.4, 'freq': 1000, 'condition': 'exp', 'thisN': 25, 'thisTrialN': 1, 'thisRepN': 2}>
160.6601 	EXP 	text: autoDraw = False
160.6601 	EXP 	textbox: autoDraw = False
160.6601 	EXP 	polygon: autoDraw = True
160.7632 	DATA 	Mouse:  Left button up, pos=(965,287)
161.6599 	INFO 	Keyboard events cleared
161.6598 	EXP 	polygon: autoDraw = False
161.6598 	EXP 	polygon_2: autoDraw = True
163.0937 	EXP 	Device response: <KeyPress from None: t=163.07811850000053, value=space, duration=None>
163.0960 	DATA 	Keypress: space
163.1100 	EXP 	polygon: autoDraw = False
163.1100 	EXP 	polygon_2: autoDraw = False
163.1944 	EXP 	Device response: <KeyPress from None: t=163.07811850000053, value=space, duration=0.10338320000028034>
163.4775 	EXP 	Sound sound_1 reached end of file
163.4936 	EXP 	Playing sound sound_1 on speaker Speakers (Realtek(R) Audio)
163.7889 	EXP 	Sound sound_1 stopped
163.7994 	EXP 	text: autoDraw = True
163.7994 	EXP 	textbox: autoDraw = True
165.1112 	DATA 	Keypress: 2
165.1129 	EXP 	Device response: <KeyPress from None: t=165.11061060000065, value=2, duration=None>
165.2110 	EXP 	Device response: <KeyPress from None: t=165.11061060000065, value=2, duration=0.08895729999949253>
166.2612 	DATA 	Mouse: Left button down, pos=(965,287)
166.2623 	EXP 	New trial (rep=2, index=2): <Trial 26 (2 in rep 2) data={'delay': 0.4, 'freq': 400, 'condition': 'unexp', 'thisN': 26, 'thisTrialN': 2, 'thisRepN': 2}>
166.2768 	EXP 	text: autoDraw = False
166.2768 	EXP 	textbox: autoDraw = False
166.2768 	EXP 	polygon: autoDraw = True
166.4814 	DATA 	Mouse:  Left button up, pos=(965,287)
167.2767 	INFO 	Keyboard events cleared
167.2766 	EXP 	polygon: autoDraw = False
167.2766 	EXP 	polygon_2: autoDraw = True
167.6607 	EXP 	Device response: <KeyPress from None: t=167.65611270000045, value=space, duration=None>
167.6627 	DATA 	Keypress: space
167.6766 	EXP 	polygon: autoDraw = False
167.6766 	EXP 	polygon_2: autoDraw = False
167.7438 	EXP 	Device response: <KeyPress from None: t=167.65611270000045, value=space, duration=0.08696799999961513>
168.0599 	EXP 	Sound sound_1 reached end of file
168.0762 	EXP 	Playing sound sound_1 on speaker Speakers (Realtek(R) Audio)
168.3760 	EXP 	Sound sound_1 stopped
168.3876 	EXP 	text: autoDraw = True
168.3876 	EXP 	textbox: autoDraw = True
169.9944 	DATA 	Keypress: 0
169.9968 	EXP 	Device response: <KeyPress from None: t=169.98663580000084, value=0, duration=None>
170.0962 	EXP 	Device response: <KeyPress from None: t=169.98663580000084, value=0, duration=0.10648549999950774>
171.8341 	DATA 	Mouse: Left button down, pos=(974,328)
171.8461 	EXP 	New trial (rep=2, index=3): <Trial 27 (3 in rep 2) data={'delay': 0.7, 'freq': 1000, 'condition': 'exp', 'thisN': 27, 'thisTrialN': 3, 'thisRepN': 2}>
171.8601 	EXP 	text: autoDraw = False
171.8601 	EXP 	textbox: autoDraw = False
171.8601 	EXP 	polygon: autoDraw = True
171.9808 	DATA 	Mouse:  Left button up, pos=(974,328)
172.8602 	INFO 	Keyboard events cleared
172.8600 	EXP 	polygon: autoDraw = False
172.8600 	EXP 	polygon_2: autoDraw = True
173.1435 	EXP 	Device response: <KeyPress from None: t=173.13742290000027, value=space, duration=None>
173.1460 	DATA 	Keypress: space
173.1597 	EXP 	polygon: autoDraw = False
173.1597 	EXP 	polygon_2: autoDraw = False
173.2441 	EXP 	Device response: <KeyPress from None: t=173.13742290000027, value=space, duration=0.09300830000029237>
173.8270 	EXP 	Sound sound_1 reached end of file
173.8432 	EXP 	Playing sound sound_1 on speaker Speakers (Realtek(R) Audio)
174.1378 	EXP 	Sound sound_1 stopped
174.1480 	EXP 	text: autoDraw = True
174.1480 	EXP 	textbox: autoDraw = True
175.6944 	DATA 	Keypress: 2
175.6965 	EXP 	Device response: <KeyPress from None: t=175.6925069000008, value=2, duration=None>
175.7780 	EXP 	Device response: <KeyPress from None: t=175.6925069000008, value=2, duration=0.0721717999995235>
177.2188 	DATA 	Mouse: Left button down, pos=(899,232)
177.2281 	EXP 	New trial (rep=2, index=4): <Trial 28 (4 in rep 2) data={'delay': 0.1, 'freq': 1000, 'condition': 'exp', 'thisN': 28, 'thisTrialN': 4, 'thisRepN': 2}>
177.2431 	EXP 	text: autoDraw = False
177.2431 	EXP 	textbox: autoDraw = False
177.2431 	EXP 	polygon: autoDraw = True
177.3286 	DATA 	Mouse:  Left button up, pos=(899,232)
178.2437 	INFO 	Keyboard events cleared
178.2435 	EXP 	polygon: autoDraw = False
178.2435 	EXP 	polygon_2: autoDraw = True
178.8606 	EXP 	Device response: <KeyPress from None: t=178.8548791000003, value=space, duration=None>
178.8628 	DATA 	Keypress: space
178.8762 	EXP 	polygon: autoDraw = False
178.8762 	EXP 	polygon_2: autoDraw = False
178.9435 	EXP 	Device response: <KeyPress from None: t=178.8548791000003, value=space, duration=0.07921319999968546>
178.9600 	EXP 	Sound sound_1 reached end of file
178.9763 	EXP 	Playing sound sound_1 on speaker Speakers (Realtek(R) Audio)
179.2706 	EXP 	Sound sound_1 stopped
179.2796 	EXP 	text: autoDraw = True
179.2796 	EXP 	textbox: autoDraw = True
180.2606 	DATA 	Keypress: 1
180.2639 	EXP 	Device response: <KeyPress from None: t=180.2540140000001, value=1, duration=None>
180.3633 	EXP 	Device response: <KeyPress from None: t=180.2540140000001, value=1, duration=0.10603140000057465>
196.2104 	DATA 	Mouse: Left button down, pos=(978,202)
196.2112 	EXP 	New trial (rep=2, index=5): <Trial 29 (5 in rep 2) data={'delay': 0.1, 'freq': 400, 'condition': 'unexp', 'thisN': 29, 'thisTrialN': 5, 'thisRepN': 2}>
196.2263 	EXP 	text: autoDraw = False
196.2263 	EXP 	textbox: autoDraw = False
196.2263 	EXP 	polygon: autoDraw = True
196.3132 	DATA 	Mouse:  Left button up, pos=(978,202)
197.2260 	INFO 	Keyboard events cleared
197.2259 	EXP 	polygon: autoDraw = False
197.2259 	EXP 	polygon_2: autoDraw = True
198.6099 	EXP 	Device response: <KeyPress from None: t=198.60190240000065, value=space, duration=None>
198.6117 	DATA 	Keypress: space
198.6259 	EXP 	polygon: autoDraw = False
198.6259 	EXP 	polygon_2: autoDraw = False
198.7099 	EXP 	Sound sound_1 reached end of file
198.7262 	EXP 	Playing sound sound_1 on speaker Speakers (Realtek(R) Audio)
198.7765 	EXP 	Device response: <KeyPress from None: t=198.60190240000065, value=space, duration=0.1656542000000627>
199.0193 	EXP 	Sound sound_1 stopped
199.0284 	EXP 	text: autoDraw = True
199.0284 	EXP 	textbox: autoDraw = True
204.7504 	DATA 	Keypress: 0
204.7601 	EXP 	Device response: <KeyPress from None: t=204.7484153000005, value=0, duration=None>
204.8271 	EXP 	Device response: <KeyPress from None: t=204.7484153000005, value=0, duration=0.07274719999986701>
205.3768 	DATA 	Mouse: Left button down, pos=(978,202)
205.3776 	EXP 	New trial (rep=2, index=6): <Trial 30 (6 in rep 2) data={'delay': 0.4, 'freq': 1000, 'condition': 'exp', 'thisN': 30, 'thisTrialN': 6, 'thisRepN': 2}>
205.3930 	EXP 	text: autoDraw = False
205.3930 	EXP 	textbox: autoDraw = False
205.3930 	EXP 	polygon: autoDraw = True
205.4447 	DATA 	Mouse:  Left button up, pos=(978,202)
206.3925 	INFO 	Keyboard events cleared
206.3924 	EXP 	polygon: autoDraw = False
206.3924 	EXP 	polygon_2: autoDraw = True
206.9436 	DATA 	Keypress: space
206.9594 	EXP 	Device response: <KeyPress from None: t=206.94330119999995, value=space, duration=None>
206.9757 	EXP 	polygon: autoDraw = False
206.9757 	EXP 	polygon_2: autoDraw = False
207.0427 	EXP 	Device response: <KeyPress from None: t=206.94330119999995, value=space, duration=0.08274490000076185>
207.3434 	EXP 	Sound sound_1 reached end of file
207.3597 	EXP 	Playing sound sound_1 on speaker Speakers (Realtek(R) Audio)
207.6570 	EXP 	Sound sound_1 stopped
207.6680 	EXP 	text: autoDraw = True
207.6680 	EXP 	textbox: autoDraw = True
210.1597 	DATA 	Keypress: 1
210.1608 	EXP 	Device response: <KeyPress from None: t=210.1561345, value=1, duration=None>
210.2276 	EXP 	Device response: <KeyPress from None: t=210.1561345, value=1, duration=0.0670616000006703>
210.2930 	DATA 	Keypress: 1
210.2948 	EXP 	Device response: <KeyPress from None: t=210.28971020000063, value=1, duration=None>
210.3764 	EXP 	Device response: <KeyPress from None: t=210.28971020000063, value=1, duration=0.07229240000015125>
211.0146 	DATA 	Keypress: 0
211.0263 	EXP 	Device response: <KeyPress from None: t=211.0142149000003, value=0, duration=None>
211.0945 	EXP 	Device response: <KeyPress from None: t=211.0142149000003, value=0, duration=0.07326910000028874>
215.5765 	DATA 	Mouse: Left button down, pos=(1000,230)
215.5772 	EXP 	New trial (rep=2, index=7): <Trial 31 (7 in rep 2) data={'delay': 0.1, 'freq': 1000, 'condition': 'exp', 'thisN': 31, 'thisTrialN': 7, 'thisRepN': 2}>
215.5928 	EXP 	text: autoDraw = False
215.5928 	EXP 	textbox: autoDraw = False
215.5928 	EXP 	polygon: autoDraw = True
215.8139 	DATA 	Mouse:  Left button up, pos=(1000,230)
216.5924 	INFO 	Keyboard events cleared
216.5923 	EXP 	polygon: autoDraw = False
216.5923 	EXP 	polygon_2: autoDraw = True
221.4260 	EXP 	Device response: <KeyPress from None: t=221.41207150000082, value=space, duration=None>
221.4273 	DATA 	Keypress: space
221.4421 	EXP 	polygon: autoDraw = False
221.4421 	EXP 	polygon_2: autoDraw = False
221.4757 	EXP 	Device response: <KeyPress from None: t=221.41207150000082, value=space, duration=0.05948819999957777>
221.5090 	EXP 	Sound sound_1 reached end of file
221.5254 	EXP 	Playing sound sound_1 on speaker Speakers (Realtek(R) Audio)
221.8270 	EXP 	Sound sound_1 stopped
221.8365 	EXP 	text: autoDraw = True
221.8365 	EXP 	textbox: autoDraw = True
223.1802 	DATA 	Keypress: 9
223.1912 	EXP 	Device response: <KeyPress from None: t=223.1730217000004, value=9, duration=None>
223.2633 	EXP 	Device response: <KeyPress from None: t=223.1730217000004, value=9, duration=0.07497479999983625>
223.3977 	DATA 	Keypress: 0
223.3985 	EXP 	Device response: <KeyPress from None: t=223.38855580000018, value=0, duration=None>
223.4973 	EXP 	Device response: <KeyPress from None: t=223.38855580000018, value=0, duration=0.0923438999998325>
224.6134 	DATA 	Mouse: Left button down, pos=(873,275)
224.6147 	EXP 	New trial (rep=2, index=8): <Trial 32 (8 in rep 2) data={'delay': 0.4, 'freq': 1000, 'condition': 'exp', 'thisN': 32, 'thisTrialN': 8, 'thisRepN': 2}>
224.6304 	EXP 	text: autoDraw = False
224.6304 	EXP 	textbox: autoDraw = False
224.6304 	EXP 	polygon: autoDraw = True
224.8333 	DATA 	Mouse:  Left button up, pos=(873,275)
225.6130 	INFO 	Keyboard events cleared
225.6128 	EXP 	polygon_2: autoDraw = True
225.6312 	EXP 	polygon: autoDraw = False
226.2482 	EXP 	Device response: <KeyPress from None: t=226.24750190000032, value=space, duration=None>
226.2500 	DATA 	Keypress: space
226.2629 	EXP 	polygon: autoDraw = False
226.2629 	EXP 	polygon_2: autoDraw = False
226.3988 	EXP 	Device response: <KeyPress from None: t=226.24750190000032, value=space, duration=0.141537900000003>
226.6312 	EXP 	Sound sound_1 reached end of file
226.6474 	EXP 	Playing sound sound_1 on speaker Speakers (Realtek(R) Audio)
226.9460 	EXP 	Sound sound_1 stopped
226.9540 	EXP 	text: autoDraw = True
226.9540 	EXP 	textbox: autoDraw = True
228.7797 	DATA 	Keypress: 9
228.7806 	EXP 	Device response: <KeyPress from None: t=228.7733584000007, value=9, duration=None>
228.8637 	EXP 	Device response: <KeyPress from None: t=228.7733584000007, value=9, duration=0.07587989999956335>
228.9305 	DATA 	Keypress: 0
228.9313 	EXP 	Device response: <KeyPress from None: t=228.91752150000048, value=0, duration=None>
228.9980 	EXP 	Device response: <KeyPress from None: t=228.91752150000048, value=0, duration=0.06639139999970212>
230.4448 	DATA 	Mouse: Left button down, pos=(903,222)
230.4460 	EXP 	New trial (rep=2, index=9): <Trial 33 (9 in rep 2) data={'delay': 0.1, 'freq': 1000, 'condition': 'exp', 'thisN': 33, 'thisTrialN': 9, 'thisRepN': 2}>
230.4591 	EXP 	text: autoDraw = False
230.4591 	EXP 	textbox: autoDraw = False
230.4591 	EXP 	polygon: autoDraw = True
230.6627 	DATA 	Mouse:  Left button up, pos=(903,222)
231.4594 	INFO 	Keyboard events cleared
231.4593 	EXP 	polygon: autoDraw = False
231.4593 	EXP 	polygon_2: autoDraw = True
231.8103 	DATA 	Keypress: space
231.8264 	EXP 	Device response: <KeyPress from None: t=231.80983330000072, value=space, duration=None>
231.8422 	EXP 	polygon: autoDraw = False
231.8422 	EXP 	polygon_2: autoDraw = False
231.9098 	EXP 	Sound sound_1 reached end of file
231.9258 	EXP 	Playing sound sound_1 on speaker Speakers (Realtek(R) Audio)
231.9262 	EXP 	Device response: <KeyPress from None: t=231.80983330000072, value=space, duration=0.10921249999955762>
232.2203 	EXP 	Sound sound_1 stopped
232.2303 	EXP 	text: autoDraw = True
232.2303 	EXP 	textbox: autoDraw = True
234.4433 	DATA 	Keypress: 8
234.4527 	EXP 	Device response: <KeyPress from None: t=234.4388252000008, value=8, duration=None>
234.5125 	DATA 	Keypress: 0
234.5261 	EXP 	Device response: <KeyPress from None: t=234.5114325000004, value=0, duration=None>
234.5761 	EXP 	Device response: <KeyPress from None: t=234.4388252000008, value=8, duration=0.12615339999956632>
234.6431 	EXP 	Device response: <KeyPress from None: t=234.5114325000004, value=0, duration=0.11640350000016042>
235.6104 	DATA 	Mouse: Left button down, pos=(899,231)
235.6113 	EXP 	New trial (rep=2, index=10): <Trial 34 (10 in rep 2) data={'delay': 0.7, 'freq': 1000, 'condition': 'exp', 'thisN': 34, 'thisTrialN': 10, 'thisRepN': 2}>
235.6253 	EXP 	text: autoDraw = False
235.6253 	EXP 	textbox: autoDraw = False
235.6253 	EXP 	polygon: autoDraw = True
235.8470 	DATA 	Mouse:  Left button up, pos=(899,231)
236.6254 	INFO 	Keyboard events cleared
236.6252 	EXP 	polygon: autoDraw = False
236.6252 	EXP 	polygon_2: autoDraw = True
237.0926 	EXP 	Device response: <KeyPress from None: t=237.08010600000034, value=space, duration=None>
237.0944 	DATA 	Keypress: space
237.1091 	EXP 	polygon: autoDraw = False
237.1091 	EXP 	polygon_2: autoDraw = False
237.2098 	EXP 	Device response: <KeyPress from None: t=237.08010600000034, value=space, duration=0.11284760000035021>
237.7756 	EXP 	Sound sound_1 reached end of file
237.7920 	EXP 	Playing sound sound_1 on speaker Speakers (Realtek(R) Audio)
238.0860 	EXP 	Sound sound_1 stopped
238.1007 	EXP 	text: autoDraw = True
238.1007 	EXP 	textbox: autoDraw = True
239.9431 	DATA 	Keypress: 1
239.9454 	EXP 	Device response: <KeyPress from None: t=239.93529190000027, value=1, duration=None>
240.0436 	EXP 	Device response: <KeyPress from None: t=239.93529190000027, value=1, duration=0.10228420000021288>
240.4102 	DATA 	Keypress: 3
240.4185 	EXP 	Device response: <KeyPress from None: t=240.40588900000057, value=3, duration=None>
240.5288 	EXP 	Device response: <KeyPress from None: t=240.40588900000057, value=3, duration=0.11627219999991212>
241.4100 	DATA 	Keypress: 0
241.4113 	EXP 	Device response: <KeyPress from None: t=241.40967190000083, value=0, duration=None>
241.4940 	EXP 	Device response: <KeyPress from None: t=241.40967190000083, value=0, duration=0.07278519999999844>
242.3095 	DATA 	Mouse: Left button down, pos=(955,352)
242.3103 	EXP 	New trial (rep=2, index=11): <Trial 35 (11 in rep 2) data={'delay': 0.7, 'freq': 400, 'condition': 'unexp', 'thisN': 35, 'thisTrialN': 11, 'thisRepN': 2}>
242.3257 	EXP 	text: autoDraw = False
242.3257 	EXP 	textbox: autoDraw = False
242.3257 	EXP 	polygon: autoDraw = True
242.4138 	DATA 	Mouse:  Left button up, pos=(955,352)
243.3259 	INFO 	Keyboard events cleared
243.3257 	EXP 	polygon: autoDraw = False
243.3257 	EXP 	polygon_2: autoDraw = True
244.0594 	EXP 	Device response: <KeyPress from None: t=244.0449096000002, value=space, duration=None>
244.0614 	DATA 	Keypress: space
244.0755 	EXP 	polygon: autoDraw = False
244.0755 	EXP 	polygon_2: autoDraw = False
244.1427 	EXP 	Device response: <KeyPress from None: t=244.0449096000002, value=space, duration=0.08983080000052723>
244.7424 	EXP 	Sound sound_1 reached end of file
244.7587 	EXP 	Playing sound sound_1 on speaker Speakers (Realtek(R) Audio)
245.0582 	EXP 	Sound sound_1 stopped
245.0681 	EXP 	text: autoDraw = True
245.0681 	EXP 	textbox: autoDraw = True
246.1262 	DATA 	Keypress: 0
246.1279 	EXP 	Device response: <KeyPress from None: t=246.1221411000006, value=0, duration=None>
246.2425 	EXP 	Device response: <KeyPress from None: t=246.1221411000006, value=0, duration=0.10553139999956329>
247.1127 	DATA 	Mouse: Left button down, pos=(960,262)
247.1265 	EXP 	New trial (rep=3, index=0): <Trial 36 (0 in rep 3) data={'delay': 0.1, 'freq': 1000, 'condition': 'exp', 'thisN': 36, 'thisTrialN': 0, 'thisRepN': 3}>
247.1420 	EXP 	text: autoDraw = False
247.1420 	EXP 	textbox: autoDraw = False
247.1420 	EXP 	polygon: autoDraw = True
247.3458 	DATA 	Mouse:  Left button up, pos=(960,262)
248.1259 	INFO 	Keyboard events cleared
248.1257 	EXP 	polygon_2: autoDraw = True
248.1423 	EXP 	polygon: autoDraw = False
248.1622 	DATA 	Mouse: Left button down, pos=(976,643)
248.3794 	DATA 	Mouse:  Left button up, pos=(976,643)
249.5923 	EXP 	Device response: <KeyPress from None: t=249.58339380000052, value=space, duration=None>
249.5948 	DATA 	Keypress: space
249.6086 	EXP 	polygon: autoDraw = False
249.6086 	EXP 	polygon_2: autoDraw = False
249.6758 	EXP 	Sound sound_1 reached end of file
249.6918 	EXP 	Playing sound sound_1 on speaker Speakers (Realtek(R) Audio)
249.6760 	EXP 	Device response: <KeyPress from None: t=249.58339380000052, value=space, duration=0.08875979999993433>
249.9856 	EXP 	Sound sound_1 stopped
249.9953 	EXP 	text: autoDraw = True
249.9953 	EXP 	textbox: autoDraw = True
252.1589 	DATA 	Keypress: 9
252.1598 	EXP 	Device response: <KeyPress from None: t=252.1516231000005, value=9, duration=None>
252.2267 	EXP 	Device response: <KeyPress from None: t=252.1516231000005, value=9, duration=0.0629890999998679>
252.2923 	DATA 	Keypress: 0
252.2930 	EXP 	Device response: <KeyPress from None: t=252.28806340000028, value=0, duration=None>
252.4422 	EXP 	Device response: <KeyPress from None: t=252.28806340000028, value=0, duration=0.08267230000001291>
253.2474 	DATA 	Mouse: Left button down, pos=(1024,195)
253.2480 	EXP 	New trial (rep=3, index=1): <Trial 37 (1 in rep 3) data={'delay': 0.1, 'freq': 1000, 'condition': 'exp', 'thisN': 37, 'thisTrialN': 1, 'thisRepN': 3}>
253.2622 	EXP 	text: autoDraw = False
253.2622 	EXP 	textbox: autoDraw = False
253.2622 	EXP 	polygon: autoDraw = True
253.3498 	DATA 	Mouse:  Left button up, pos=(1024,195)
254.2468 	INFO 	Keyboard events cleared
254.2466 	EXP 	polygon_2: autoDraw = True
254.2631 	EXP 	polygon: autoDraw = False
256.2965 	EXP 	Device response: <KeyPress from None: t=256.29526780000015, value=space, duration=None>
256.2980 	DATA 	Keypress: space
256.3131 	EXP 	polygon: autoDraw = False
256.3131 	EXP 	polygon_2: autoDraw = False
256.3818 	EXP 	Sound sound_1 reached end of file
256.3980 	EXP 	Playing sound sound_1 on speaker Speakers (Realtek(R) Audio)
256.3822 	EXP 	Device response: <KeyPress from None: t=256.29526780000015, value=space, duration=0.0814103000002433>
256.6984 	EXP 	Sound sound_1 stopped
256.7113 	EXP 	text: autoDraw = True
256.7113 	EXP 	textbox: autoDraw = True
258.9625 	DATA 	Keypress: 8
258.9640 	EXP 	Device response: <KeyPress from None: t=258.95781090000037, value=8, duration=None>
259.1455 	DATA 	Keypress: 0
259.1549 	EXP 	Device response: <KeyPress from None: t=259.1059787000004, value=0, duration=None>
259.1550 	EXP 	Device response: <KeyPress from None: t=258.95781090000037, value=8, duration=0.1527896999996301>
259.1844 	EXP 	Device response: <KeyPress from None: t=259.1059787000004, value=0, duration=0.0735845999997764>
259.9923 	DATA 	Mouse: Left button down, pos=(940,230)
259.9934 	EXP 	New trial (rep=3, index=2): <Trial 38 (2 in rep 3) data={'delay': 0.4, 'freq': 400, 'condition': 'unexp', 'thisN': 38, 'thisTrialN': 2, 'thisRepN': 3}>
260.0089 	EXP 	text: autoDraw = False
260.0089 	EXP 	textbox: autoDraw = False
260.0089 	EXP 	polygon: autoDraw = True
260.0796 	DATA 	Mouse:  Left button up, pos=(940,230)
261.0089 	INFO 	Keyboard events cleared
261.0087 	EXP 	polygon: autoDraw = False
261.0087 	EXP 	polygon_2: autoDraw = True
261.5435 	DATA 	Keypress: space
261.5592 	EXP 	Device response: <KeyPress from None: t=261.54250310000043, value=space, duration=None>
261.5751 	EXP 	polygon: autoDraw = False
261.5751 	EXP 	polygon_2: autoDraw = False
261.6758 	EXP 	Device response: <KeyPress from None: t=261.54250310000043, value=space, duration=0.128893799999787>
261.9428 	EXP 	Sound sound_1 reached end of file
261.9588 	EXP 	Playing sound sound_1 on speaker Speakers (Realtek(R) Audio)
262.2586 	EXP 	Sound sound_1 stopped
262.2670 	EXP 	text: autoDraw = True
262.2670 	EXP 	textbox: autoDraw = True
263.0799 	DATA 	Keypress: 0
263.0926 	EXP 	Device response: <KeyPress from None: t=263.0783740000006, value=0, duration=None>
263.2124 	EXP 	Device response: <KeyPress from None: t=263.0783740000006, value=0, duration=0.12264460000005784>
263.9427 	DATA 	Mouse: Left button down, pos=(977,281)
263.9434 	EXP 	New trial (rep=3, index=3): <Trial 39 (3 in rep 3) data={'delay': 0.7, 'freq': 1000, 'condition': 'exp', 'thisN': 39, 'thisTrialN': 3, 'thisRepN': 3}>
263.9584 	EXP 	text: autoDraw = False
263.9584 	EXP 	textbox: autoDraw = False
263.9584 	EXP 	polygon: autoDraw = True
264.0471 	DATA 	Mouse:  Left button up, pos=(977,281)
264.9423 	INFO 	Keyboard events cleared
264.9421 	EXP 	polygon_2: autoDraw = True
264.9588 	EXP 	polygon: autoDraw = False
265.8091 	EXP 	Device response: <KeyPress from None: t=265.80104220000067, value=space, duration=None>
265.8108 	DATA 	Keypress: space
265.8258 	EXP 	polygon: autoDraw = False
265.8258 	EXP 	polygon_2: autoDraw = False
265.9085 	EXP 	Device response: <KeyPress from None: t=265.80104220000067, value=space, duration=0.10350719999951252>
266.4925 	EXP 	Sound sound_1 reached end of file
266.5086 	EXP 	Playing sound sound_1 on speaker Speakers (Realtek(R) Audio)
266.8091 	EXP 	Sound sound_1 stopped
266.8178 	EXP 	text: autoDraw = True
266.8178 	EXP 	textbox: autoDraw = True
268.4090 	DATA 	Keypress: 1
268.4104 	EXP 	Device response: <KeyPress from None: t=268.40657590000046, value=1, duration=None>
268.5275 	EXP 	Device response: <KeyPress from None: t=268.40657590000046, value=1, duration=0.10913319999963278>
268.6760 	DATA 	Keypress: 2
268.6775 	EXP 	Device response: <KeyPress from None: t=268.6741428000005, value=2, duration=None>
268.7943 	EXP 	Device response: <KeyPress from None: t=268.6741428000005, value=2, duration=0.10798160000013013>
269.3425 	DATA 	Keypress: 9
269.3446 	EXP 	Device response: <KeyPress from None: t=269.34007199999996, value=9, duration=None>
269.4115 	EXP 	Device response: <KeyPress from None: t=269.34007199999996, value=9, duration=0.0657602000001134>
270.0759 	DATA 	Keypress: backspace
270.0775 	EXP 	Device response: <KeyPress from None: t=270.0691368000007, value=backspace, duration=None>
270.1600 	EXP 	Device response: <KeyPress from None: t=270.0691368000007, value=backspace, duration=0.08301489999939804>
270.3636 	DATA 	Keypress: 0
270.3761 	EXP 	Device response: <KeyPress from None: t=270.3600475000003, value=0, duration=None>
270.4447 	EXP 	Device response: <KeyPress from None: t=270.3600475000003, value=0, duration=0.07273739999982354>
271.1936 	DATA 	Mouse: Left button down, pos=(1003,304)
271.1947 	EXP 	New trial (rep=3, index=4): <Trial 40 (4 in rep 3) data={'delay': 0.7, 'freq': 1000, 'condition': 'exp', 'thisN': 40, 'thisTrialN': 4, 'thisRepN': 3}>
271.2088 	EXP 	text: autoDraw = False
271.2088 	EXP 	textbox: autoDraw = False
271.2088 	EXP 	polygon: autoDraw = True
271.2955 	DATA 	Mouse:  Left button up, pos=(1003,304)
272.2085 	INFO 	Keyboard events cleared
272.2084 	EXP 	polygon: autoDraw = False
272.2084 	EXP 	polygon_2: autoDraw = True
273.1429 	EXP 	Device response: <KeyPress from None: t=273.1314817000002, value=space, duration=None>
273.1449 	DATA 	Keypress: space
273.1586 	EXP 	polygon: autoDraw = False
273.1586 	EXP 	polygon_2: autoDraw = False
273.2442 	EXP 	Device response: <KeyPress from None: t=273.1314817000002, value=space, duration=0.10923910000019532>
273.8263 	EXP 	Sound sound_1 reached end of file
273.8425 	EXP 	Playing sound sound_1 on speaker Speakers (Realtek(R) Audio)
274.1403 	EXP 	Sound sound_1 stopped
274.1487 	EXP 	text: autoDraw = True
274.1487 	EXP 	textbox: autoDraw = True
275.5805 	DATA 	Keypress: 2
275.5919 	EXP 	Device response: <KeyPress from None: t=275.5777788000005, value=2, duration=None>
275.7091 	EXP 	Device response: <KeyPress from None: t=275.5777788000005, value=2, duration=0.11913189999995666>
276.1151 	DATA 	Keypress: 5
276.1282 	EXP 	Device response: <KeyPress from None: t=276.1146738000007, value=5, duration=None>
276.2606 	EXP 	Device response: <KeyPress from None: t=276.1146738000007, value=5, duration=0.14303259999996953>
276.5257 	DATA 	Keypress: 0
276.5273 	EXP 	Device response: <KeyPress from None: t=276.5183598000003, value=0, duration=None>
276.6604 	EXP 	Device response: <KeyPress from None: t=276.5183598000003, value=0, duration=0.13950060000024678>
277.3257 	DATA 	Mouse: Left button down, pos=(968,427)
277.4277 	DATA 	Mouse:  Left button up, pos=(968,427)
277.8138 	DATA 	Mouse: Left button down, pos=(943,323)
277.8261 	EXP 	New trial (rep=3, index=5): <Trial 41 (5 in rep 3) data={'delay': 0.4, 'freq': 1000, 'condition': 'exp', 'thisN': 41, 'thisTrialN': 5, 'thisRepN': 3}>
277.8420 	EXP 	text: autoDraw = False
277.8420 	EXP 	textbox: autoDraw = False
277.8420 	EXP 	polygon: autoDraw = True
277.8947 	DATA 	Mouse:  Left button up, pos=(943,323)
278.8252 	INFO 	Keyboard events cleared
278.8250 	EXP 	polygon_2: autoDraw = True
278.8418 	EXP 	polygon: autoDraw = False
279.6088 	EXP 	Device response: <KeyPress from None: t=279.60591490000024, value=space, duration=None>
279.6108 	DATA 	Keypress: space
279.6248 	EXP 	polygon: autoDraw = False
279.6248 	EXP 	polygon_2: autoDraw = False
279.6919 	EXP 	Device response: <KeyPress from None: t=279.60591490000024, value=space, duration=0.07646160000058444>
279.9922 	EXP 	Sound sound_1 reached end of file
280.0084 	EXP 	Playing sound sound_1 on speaker Speakers (Realtek(R) Audio)
280.3088 	EXP 	Sound sound_1 stopped
280.3195 	EXP 	text: autoDraw = True
280.3195 	EXP 	textbox: autoDraw = True
282.4109 	DATA 	Keypress: 9
282.4131 	EXP 	Device response: <KeyPress from None: t=282.40934650000054, value=9, duration=None>
282.5095 	DATA 	Keypress: 0
282.5115 	EXP 	Device response: <KeyPress from None: t=282.50467480000043, value=0, duration=None>
282.5449 	EXP 	Device response: <KeyPress from None: t=282.40934650000054, value=9, duration=0.12909940000008646>
282.6089 	EXP 	Device response: <KeyPress from None: t=282.50467480000043, value=0, duration=0.09286979999978939>
283.5689 	DATA 	Mouse: Left button down, pos=(979,172)
283.5768 	EXP 	New trial (rep=3, index=6): <Trial 42 (6 in rep 3) data={'delay': 0.4, 'freq': 1000, 'condition': 'exp', 'thisN': 42, 'thisTrialN': 6, 'thisRepN': 3}>
283.5919 	EXP 	text: autoDraw = False
283.5919 	EXP 	textbox: autoDraw = False
283.5919 	EXP 	polygon: autoDraw = True
283.7929 	DATA 	Mouse:  Left button up, pos=(979,172)
284.5918 	INFO 	Keyboard events cleared
284.5917 	EXP 	polygon: autoDraw = False
284.5917 	EXP 	polygon_2: autoDraw = True
285.2089 	EXP 	Device response: <KeyPress from None: t=285.19646640000065, value=space, duration=None>
285.2113 	DATA 	Keypress: space
285.2249 	EXP 	polygon: autoDraw = False
285.2249 	EXP 	polygon_2: autoDraw = False
285.2922 	EXP 	Device response: <KeyPress from None: t=285.19646640000065, value=space, duration=0.08962929999961489>
285.5923 	EXP 	Sound sound_1 reached end of file
285.6085 	EXP 	Playing sound sound_1 on speaker Speakers (Realtek(R) Audio)
285.9064 	EXP 	Sound sound_1 stopped
285.9190 	EXP 	text: autoDraw = True
285.9190 	EXP 	textbox: autoDraw = True
287.6493 	DATA 	Keypress: 1
287.6591 	EXP 	Device response: <KeyPress from None: t=287.6449111000002, value=1, duration=None>
287.7756 	EXP 	Device response: <KeyPress from None: t=287.6449111000002, value=1, duration=0.11901990000023943>
288.1300 	DATA 	Keypress: 7
288.1477 	EXP 	Device response: <KeyPress from None: t=288.12813860000006, value=7, duration=None>
288.2275 	EXP 	Device response: <KeyPress from None: t=288.12813860000006, value=7, duration=0.09282359999997425>
288.4422 	DATA 	Keypress: 0
288.4438 	EXP 	Device response: <KeyPress from None: t=288.43529190000027, value=0, duration=None>
288.5598 	EXP 	Device response: <KeyPress from None: t=288.43529190000027, value=0, duration=0.11579400000027817>
289.4167 	DATA 	Mouse: Left button down, pos=(994,262)
289.4268 	EXP 	New trial (rep=3, index=7): <Trial 43 (7 in rep 3) data={'delay': 0.7, 'freq': 1000, 'condition': 'exp', 'thisN': 43, 'thisTrialN': 7, 'thisRepN': 3}>
289.4418 	EXP 	text: autoDraw = False
289.4418 	EXP 	textbox: autoDraw = False
289.4418 	EXP 	polygon: autoDraw = True
289.6445 	DATA 	Mouse:  Left button up, pos=(994,262)
290.4418 	INFO 	Keyboard events cleared
290.4416 	EXP 	polygon: autoDraw = False
290.4416 	EXP 	polygon_2: autoDraw = True
290.5252 	EXP 	Device response: <KeyPress from None: t=290.5242584000007, value=space, duration=None>
290.5269 	DATA 	Keypress: space
290.5416 	EXP 	polygon: autoDraw = False
290.5416 	EXP 	polygon_2: autoDraw = False
290.6087 	EXP 	Device response: <KeyPress from None: t=290.5242584000007, value=space, duration=0.07561579999946844>
291.2090 	EXP 	Sound sound_1 reached end of file
291.2253 	EXP 	Playing sound sound_1 on speaker Speakers (Realtek(R) Audio)
291.5254 	EXP 	Sound sound_1 stopped
291.5358 	EXP 	text: autoDraw = True
291.5358 	EXP 	textbox: autoDraw = True
294.1816 	DATA 	Keypress: 2
294.1926 	EXP 	Device response: <KeyPress from None: t=294.1791557000006, value=2, duration=None>
294.2788 	EXP 	Device response: <KeyPress from None: t=294.1791557000006, value=2, duration=0.09277359999941837>
294.7259 	DATA 	Keypress: 0
294.7283 	EXP 	Device response: <KeyPress from None: t=294.71880560000045, value=0, duration=None>
294.8275 	EXP 	Device response: <KeyPress from None: t=294.71880560000045, value=0, duration=0.1028481000003012>
294.8774 	DATA 	Keypress: 0
294.8805 	EXP 	Device response: <KeyPress from None: t=294.8678851000004, value=0, duration=None>
294.9440 	EXP 	Device response: <KeyPress from None: t=294.8678851000004, value=0, duration=0.06932090000009339>
295.9327 	DATA 	Mouse: Left button down, pos=(1040,236)
295.9430 	EXP 	New trial (rep=3, index=8): <Trial 44 (8 in rep 3) data={'delay': 0.1, 'freq': 400, 'condition': 'unexp', 'thisN': 44, 'thisTrialN': 8, 'thisRepN': 3}>
295.9583 	EXP 	text: autoDraw = False
295.9583 	EXP 	textbox: autoDraw = False
295.9583 	EXP 	polygon: autoDraw = True
296.1629 	DATA 	Mouse:  Left button up, pos=(1040,236)
296.9585 	INFO 	Keyboard events cleared
296.9583 	EXP 	polygon: autoDraw = False
296.9583 	EXP 	polygon_2: autoDraw = True
297.5086 	EXP 	Device response: <KeyPress from None: t=297.49597130000075, value=space, duration=None>
297.5102 	DATA 	Keypress: space
297.5248 	EXP 	polygon: autoDraw = False
297.5248 	EXP 	polygon_2: autoDraw = False
297.5921 	EXP 	Sound sound_1 reached end of file
297.6083 	EXP 	Playing sound sound_1 on speaker Speakers (Realtek(R) Audio)
297.5924 	EXP 	Device response: <KeyPress from None: t=297.49597130000075, value=space, duration=0.08004369999980554>
297.9083 	EXP 	Sound sound_1 stopped
297.9189 	EXP 	text: autoDraw = True
297.9189 	EXP 	textbox: autoDraw = True
298.7423 	DATA 	Keypress: 0
298.7440 	EXP 	Device response: <KeyPress from None: t=298.74162909999995, value=0, duration=None>
298.8441 	EXP 	Device response: <KeyPress from None: t=298.74162909999995, value=0, duration=0.09577510000053735>
299.7759 	DATA 	Mouse: Left button down, pos=(1065,221)
299.7769 	EXP 	New trial (rep=3, index=9): <Trial 45 (9 in rep 3) data={'delay': 0.7, 'freq': 400, 'condition': 'unexp', 'thisN': 45, 'thisTrialN': 9, 'thisRepN': 3}>
299.7915 	EXP 	text: autoDraw = False
299.7915 	EXP 	textbox: autoDraw = False
299.7915 	EXP 	polygon: autoDraw = True
300.0127 	DATA 	Mouse:  Left button up, pos=(1065,221)
300.7919 	INFO 	Keyboard events cleared
300.7917 	EXP 	polygon: autoDraw = False
300.7917 	EXP 	polygon_2: autoDraw = True
302.3946 	DATA 	Keypress: space
302.4087 	EXP 	Device response: <KeyPress from None: t=302.3938037000007, value=space, duration=None>
302.4250 	EXP 	polygon: autoDraw = False
302.4250 	EXP 	polygon_2: autoDraw = False
302.4586 	EXP 	Device response: <KeyPress from None: t=302.3938037000007, value=space, duration=0.059225599999990663>
303.0919 	EXP 	Sound sound_1 reached end of file
303.1083 	EXP 	Playing sound sound_1 on speaker Speakers (Realtek(R) Audio)
303.4063 	EXP 	Sound sound_1 stopped
303.4161 	EXP 	text: autoDraw = True
303.4161 	EXP 	textbox: autoDraw = True
304.2487 	DATA 	Keypress: 0
304.2589 	EXP 	Device response: <KeyPress from None: t=304.24563490000037, value=0, duration=None>
304.3431 	EXP 	Device response: <KeyPress from None: t=304.24563490000037, value=0, duration=0.08920820000003005>
309.6004 	DATA 	Mouse: Left button down, pos=(1030,358)
309.6099 	EXP 	New trial (rep=3, index=10): <Trial 46 (10 in rep 3) data={'delay': 0.1, 'freq': 1000, 'condition': 'exp', 'thisN': 46, 'thisTrialN': 10, 'thisRepN': 3}>
309.6248 	EXP 	text: autoDraw = False
309.6248 	EXP 	textbox: autoDraw = False
309.6248 	EXP 	polygon: autoDraw = True
309.8279 	DATA 	Mouse:  Left button up, pos=(1030,358)
310.6247 	INFO 	Keyboard events cleared
310.6245 	EXP 	polygon: autoDraw = False
310.6245 	EXP 	polygon_2: autoDraw = True
311.8417 	EXP 	Device response: <KeyPress from None: t=311.83868390000043, value=space, duration=None>
311.8436 	DATA 	Keypress: space
311.8581 	EXP 	polygon: autoDraw = False
311.8581 	EXP 	polygon_2: autoDraw = False
311.9090 	EXP 	Device response: <KeyPress from None: t=311.83868390000043, value=space, duration=0.0697399000000587>
311.9251 	EXP 	Sound sound_1 reached end of file
311.9411 	EXP 	Playing sound sound_1 on speaker Speakers (Realtek(R) Audio)
312.2362 	EXP 	Sound sound_1 stopped
312.2458 	EXP 	text: autoDraw = True
312.2458 	EXP 	textbox: autoDraw = True
313.3922 	DATA 	Keypress: 1
313.3945 	EXP 	Device response: <KeyPress from None: t=313.3888577000007, value=1, duration=None>
313.4442 	EXP 	Device response: <KeyPress from None: t=313.3888577000007, value=1, duration=0.05055679999986751>
314.1803 	DATA 	Mouse: Left button down, pos=(951,277)
314.1929 	EXP 	New trial (rep=3, index=11): <Trial 47 (11 in rep 3) data={'delay': 0.4, 'freq': 1000, 'condition': 'exp', 'thisN': 47, 'thisTrialN': 11, 'thisRepN': 3}>
314.2080 	EXP 	text: autoDraw = False
314.2080 	EXP 	textbox: autoDraw = False
314.2080 	EXP 	polygon: autoDraw = True
314.2602 	DATA 	Mouse:  Left button up, pos=(951,277)
315.2081 	INFO 	Keyboard events cleared
315.2080 	EXP 	polygon: autoDraw = False
315.2080 	EXP 	polygon_2: autoDraw = True
316.5249 	EXP 	Device response: <KeyPress from None: t=316.5243937000005, value=space, duration=None>
316.5267 	DATA 	Keypress: space
316.5416 	EXP 	polygon: autoDraw = False
316.5416 	EXP 	polygon_2: autoDraw = False
316.6086 	EXP 	Device response: <KeyPress from None: t=316.5243937000005, value=space, duration=0.07804680000026565>
316.9086 	EXP 	Sound sound_1 reached end of file
316.9249 	EXP 	Playing sound sound_1 on speaker Speakers (Realtek(R) Audio)
317.2277 	EXP 	Sound sound_1 stopped
317.2381 	EXP 	text: autoDraw = True
317.2381 	EXP 	textbox: autoDraw = True
318.6593 	DATA 	Keypress: 2
318.6619 	EXP 	Device response: <KeyPress from None: t=318.6520395000007, value=2, duration=None>
318.7437 	EXP 	Device response: <KeyPress from None: t=318.6520395000007, value=2, duration=0.08267519999935757>
320.6105 	DATA 	Mouse: Left button down, pos=(959,274)
320.6136 	EXP 	New trial (rep=4, index=0): <Trial 48 (0 in rep 4) data={'delay': 0.4, 'freq': 1000, 'condition': 'exp', 'thisN': 48, 'thisTrialN': 0, 'thisRepN': 4}>
320.6247 	EXP 	text: autoDraw = False
320.6247 	EXP 	textbox: autoDraw = False
320.6247 	EXP 	polygon: autoDraw = True
320.6944 	DATA 	Mouse:  Left button up, pos=(959,274)
321.6250 	INFO 	Keyboard events cleared
321.6249 	EXP 	polygon: autoDraw = False
321.6249 	EXP 	polygon_2: autoDraw = True
322.3251 	EXP 	Device response: <KeyPress from None: t=322.31006310000066, value=space, duration=None>
322.3269 	DATA 	Keypress: space
322.3410 	EXP 	polygon: autoDraw = False
322.3410 	EXP 	polygon_2: autoDraw = False
322.4082 	EXP 	Device response: <KeyPress from None: t=322.31006310000066, value=space, duration=0.09577489999992395>
322.7082 	EXP 	Sound sound_1 reached end of file
322.7246 	EXP 	Playing sound sound_1 on speaker Speakers (Realtek(R) Audio)
323.0256 	EXP 	Sound sound_1 stopped
323.0437 	EXP 	text: autoDraw = True
323.0437 	EXP 	textbox: autoDraw = True
326.2322 	DATA 	Keypress: 1
326.2417 	EXP 	Device response: <KeyPress from None: t=326.2307969000003, value=1, duration=None>
326.3596 	EXP 	Device response: <KeyPress from None: t=326.2307969000003, value=1, duration=0.11943460000020423>
343.8272 	DATA 	Mouse: Left button down, pos=(884,356)
343.8284 	EXP 	New trial (rep=4, index=1): <Trial 49 (1 in rep 4) data={'delay': 0.1, 'freq': 1000, 'condition': 'exp', 'thisN': 49, 'thisTrialN': 1, 'thisRepN': 4}>
343.8421 	EXP 	text: autoDraw = False
343.8421 	EXP 	textbox: autoDraw = False
343.8421 	EXP 	polygon: autoDraw = True
343.8950 	DATA 	Mouse:  Left button up, pos=(884,356)
344.8412 	INFO 	Keyboard events cleared
344.8410 	EXP 	polygon_2: autoDraw = True
344.8578 	EXP 	polygon: autoDraw = False
345.2257 	EXP 	Device response: <KeyPress from None: t=345.2207070000004, value=space, duration=None>
345.2278 	DATA 	Keypress: space
345.2410 	EXP 	polygon: autoDraw = False
345.2410 	EXP 	polygon_2: autoDraw = False
345.3246 	EXP 	Sound sound_1 reached end of file
345.3407 	EXP 	Playing sound sound_1 on speaker Speakers (Realtek(R) Audio)
345.3251 	EXP 	Device response: <KeyPress from None: t=345.2207070000004, value=space, duration=0.1029513000003135>
345.6384 	EXP 	Sound sound_1 stopped
345.6487 	EXP 	text: autoDraw = True
345.6487 	EXP 	textbox: autoDraw = True
347.9802 	DATA 	Keypress: 1
347.9917 	EXP 	Device response: <KeyPress from None: t=347.9757787000008, value=1, duration=None>
348.0595 	EXP 	Device response: <KeyPress from None: t=347.9757787000008, value=1, duration=0.07290789999933622>
351.7922 	DATA 	Mouse: Left button down, pos=(1066,275)
351.7936 	EXP 	New trial (rep=4, index=2): <Trial 50 (2 in rep 4) data={'delay': 0.7, 'freq': 1000, 'condition': 'exp', 'thisN': 50, 'thisTrialN': 2, 'thisRepN': 4}>
351.8084 	EXP 	text: autoDraw = False
351.8084 	EXP 	textbox: autoDraw = False
351.8084 	EXP 	polygon: autoDraw = True
352.0125 	DATA 	Mouse:  Left button up, pos=(1066,275)
352.8075 	INFO 	Keyboard events cleared
352.8074 	EXP 	polygon: autoDraw = False
352.8074 	EXP 	polygon_2: autoDraw = True
353.0758 	DATA 	Mouse: Left button down, pos=(913,578)
353.2927 	DATA 	Mouse:  Left button up, pos=(913,578)
354.0424 	EXP 	Device response: <KeyPress from None: t=354.03581060000033, value=space, duration=None>
354.0445 	DATA 	Keypress: space
354.0577 	EXP 	polygon: autoDraw = False
354.0577 	EXP 	polygon_2: autoDraw = False
354.2080 	EXP 	Device response: <KeyPress from None: t=354.03581060000033, value=space, duration=0.15868099999988772>
354.7412 	EXP 	Sound sound_1 reached end of file
354.7575 	EXP 	Playing sound sound_1 on speaker Speakers (Realtek(R) Audio)
355.0587 	EXP 	Sound sound_1 stopped
355.0714 	EXP 	text: autoDraw = True
355.0714 	EXP 	textbox: autoDraw = True
356.5581 	DATA 	Keypress: 2
356.5600 	EXP 	Device response: <KeyPress from None: t=356.55723880000005, value=2, duration=None>
356.6266 	EXP 	Device response: <KeyPress from None: t=356.55723880000005, value=2, duration=0.06693770000038057>
358.5130 	DATA 	Mouse: Left button down, pos=(969,277)
358.5253 	EXP 	New trial (rep=4, index=3): <Trial 51 (3 in rep 4) data={'delay': 0.7, 'freq': 1000, 'condition': 'exp', 'thisN': 51, 'thisTrialN': 3, 'thisRepN': 4}>
358.5409 	EXP 	text: autoDraw = False
358.5409 	EXP 	textbox: autoDraw = False
358.5409 	EXP 	polygon: autoDraw = True
358.7300 	DATA 	Mouse:  Left button up, pos=(969,277)
359.5405 	INFO 	Keyboard events cleared
359.5403 	EXP 	polygon: autoDraw = False
359.5403 	EXP 	polygon_2: autoDraw = True
360.0581 	EXP 	Device response: <KeyPress from None: t=360.0548910000007, value=space, duration=None>
360.0598 	DATA 	Keypress: space
360.0740 	EXP 	polygon: autoDraw = False
360.0740 	EXP 	polygon_2: autoDraw = False
360.1414 	EXP 	Device response: <KeyPress from None: t=360.0548910000007, value=space, duration=0.0758335000000443>
360.7577 	EXP 	Sound sound_1 reached end of file
360.7739 	EXP 	Playing sound sound_1 on speaker Speakers (Realtek(R) Audio)
361.0744 	EXP 	Sound sound_1 stopped
361.0860 	EXP 	text: autoDraw = True
361.0860 	EXP 	textbox: autoDraw = True
361.6837 	DATA 	Mouse: Left button down, pos=(975,457)
361.7524 	DATA 	Mouse:  Left button up, pos=(975,457)
362.1817 	DATA 	Keypress: 3
362.1917 	EXP 	Device response: <KeyPress from None: t=362.1775174000004, value=3, duration=None>
362.2581 	EXP 	Device response: <KeyPress from None: t=362.1775174000004, value=3, duration=0.06913530000019819>
363.2314 	DATA 	Mouse: Left button down, pos=(922,189)
363.2428 	EXP 	New trial (rep=4, index=4): <Trial 52 (4 in rep 4) data={'delay': 0.1, 'freq': 400, 'condition': 'unexp', 'thisN': 52, 'thisTrialN': 4, 'thisRepN': 4}>
363.2573 	EXP 	text: autoDraw = False
363.2573 	EXP 	textbox: autoDraw = False
363.2573 	EXP 	polygon: autoDraw = True
363.3621 	DATA 	Mouse:  Left button up, pos=(922,189)
364.2573 	INFO 	Keyboard events cleared
364.2571 	EXP 	polygon: autoDraw = False
364.2571 	EXP 	polygon_2: autoDraw = True
365.4280 	DATA 	Mouse: Left button down, pos=(1004,642)
365.5262 	DATA 	Mouse:  Left button up, pos=(1004,642)
368.1579 	EXP 	Device response: <KeyPress from None: t=368.1477861000003, value=space, duration=None>
368.1599 	DATA 	Keypress: space
368.1742 	EXP 	polygon: autoDraw = False
368.1742 	EXP 	polygon_2: autoDraw = False
368.2413 	EXP 	Sound sound_1 reached end of file
368.2576 	EXP 	Playing sound sound_1 on speaker Speakers (Realtek(R) Audio)
368.2417 	EXP 	Device response: <KeyPress from None: t=368.1477861000003, value=space, duration=0.07938999999987573>
368.5588 	EXP 	Sound sound_1 stopped
368.5683 	EXP 	text: autoDraw = True
368.5683 	EXP 	textbox: autoDraw = True
369.7978 	DATA 	Keypress: 0
369.8079 	EXP 	Device response: <KeyPress from None: t=369.79624110000077, value=0, duration=None>
369.9081 	EXP 	Device response: <KeyPress from None: t=369.79624110000077, value=0, duration=0.09639079999942624>
370.7314 	DATA 	Mouse: Left button down, pos=(943,380)
370.7425 	EXP 	New trial (rep=4, index=5): <Trial 53 (5 in rep 4) data={'delay': 0.7, 'freq': 1000, 'condition': 'exp', 'thisN': 53, 'thisTrialN': 5, 'thisRepN': 4}>
370.7571 	EXP 	text: autoDraw = False
370.7571 	EXP 	textbox: autoDraw = False
370.7571 	EXP 	polygon: autoDraw = True
370.8278 	DATA 	Mouse:  Left button up, pos=(943,380)
371.7574 	INFO 	Keyboard events cleared
371.7573 	EXP 	polygon: autoDraw = False
371.7573 	EXP 	polygon_2: autoDraw = True
372.9410 	EXP 	Device response: <KeyPress from None: t=372.93604400000004, value=space, duration=None>
372.9428 	DATA 	Keypress: space
372.9574 	EXP 	polygon: autoDraw = False
372.9574 	EXP 	polygon_2: autoDraw = False
373.0248 	EXP 	Device response: <KeyPress from None: t=372.93604400000004, value=space, duration=0.08290970000052766>
373.6404 	EXP 	Sound sound_1 reached end of file
373.6568 	EXP 	Playing sound sound_1 on speaker Speakers (Realtek(R) Audio)
373.9600 	EXP 	Sound sound_1 stopped
373.9743 	EXP 	text: autoDraw = True
373.9743 	EXP 	textbox: autoDraw = True
375.2741 	DATA 	Keypress: 4
375.2892 	EXP 	Device response: <KeyPress from None: t=375.26612660000046, value=4, duration=None>
375.3413 	EXP 	Device response: <KeyPress from None: t=375.26612660000046, value=4, duration=0.06638850000035745>
376.2085 	DATA 	Mouse: Left button down, pos=(932,63)
376.2097 	EXP 	New trial (rep=4, index=6): <Trial 54 (6 in rep 4) data={'delay': 0.4, 'freq': 1000, 'condition': 'exp', 'thisN': 54, 'thisTrialN': 6, 'thisRepN': 4}>
376.2239 	EXP 	text: autoDraw = False
376.2239 	EXP 	textbox: autoDraw = False
376.2239 	EXP 	polygon: autoDraw = True
376.3112 	DATA 	Mouse:  Left button up, pos=(932,63)
377.2241 	INFO 	Keyboard events cleared
377.2238 	EXP 	polygon: autoDraw = False
377.2238 	EXP 	polygon_2: autoDraw = True
378.2933 	DATA 	Mouse: Left button down, pos=(1022,642)
378.4299 	DATA 	Mouse:  Left button up, pos=(1022,642)
378.9906 	EXP 	Device response: <KeyPress from None: t=378.9895968000001, value=space, duration=None>
378.9925 	DATA 	Keypress: space
379.0069 	EXP 	polygon: autoDraw = False
379.0069 	EXP 	polygon_2: autoDraw = False
379.1070 	EXP 	Device response: <KeyPress from None: t=378.9895968000001, value=space, duration=0.1150368000007802>
379.3743 	EXP 	Sound sound_1 reached end of file
379.3904 	EXP 	Playing sound sound_1 on speaker Speakers (Realtek(R) Audio)
379.6909 	EXP 	Sound sound_1 stopped
379.7003 	EXP 	text: autoDraw = True
379.7003 	EXP 	textbox: autoDraw = True
380.7076 	DATA 	Keypress: 2
380.7088 	EXP 	Device response: <KeyPress from None: t=380.7039095, value=2, duration=None>
380.7757 	EXP 	Device response: <KeyPress from None: t=380.7039095, value=2, duration=0.06266520000008313>
381.5448 	DATA 	Mouse: Left button down, pos=(962,260)
381.5584 	EXP 	New trial (rep=4, index=7): <Trial 55 (7 in rep 4) data={'delay': 0.1, 'freq': 1000, 'condition': 'exp', 'thisN': 55, 'thisTrialN': 7, 'thisRepN': 4}>
381.5736 	EXP 	text: autoDraw = False
381.5736 	EXP 	textbox: autoDraw = False
381.5736 	EXP 	polygon: autoDraw = True
381.6448 	DATA 	Mouse:  Left button up, pos=(962,260)
382.5738 	INFO 	Keyboard events cleared
382.5735 	EXP 	polygon: autoDraw = False
382.5735 	EXP 	polygon_2: autoDraw = True
383.4574 	EXP 	Device response: <KeyPress from None: t=383.4524271, value=space, duration=None>
383.4599 	DATA 	Keypress: space
383.4752 	EXP 	polygon: autoDraw = False
383.4752 	EXP 	polygon_2: autoDraw = False
383.5408 	EXP 	Sound sound_1 reached end of file
383.5569 	EXP 	Playing sound sound_1 on speaker Speakers (Realtek(R) Audio)
383.5915 	EXP 	Device response: <KeyPress from None: t=383.4524271, value=space, duration=0.1385736000001998>
383.8563 	EXP 	Sound sound_1 stopped
383.8680 	EXP 	text: autoDraw = True
383.8680 	EXP 	textbox: autoDraw = True
385.4407 	DATA 	Keypress: 3
385.4415 	EXP 	Device response: <KeyPress from None: t=385.4304680000005, value=3, duration=None>
385.5085 	EXP 	Device response: <KeyPress from None: t=385.4304680000005, value=3, duration=0.0765097000003152>
386.2584 	DATA 	Mouse: Left button down, pos=(855,179)
386.2599 	EXP 	New trial (rep=4, index=8): <Trial 56 (8 in rep 4) data={'delay': 0.7, 'freq': 400, 'condition': 'unexp', 'thisN': 56, 'thisTrialN': 8, 'thisRepN': 4}>
386.2737 	EXP 	text: autoDraw = False
386.2737 	EXP 	textbox: autoDraw = False
386.2737 	EXP 	polygon: autoDraw = True
386.3454 	DATA 	Mouse:  Left button up, pos=(855,179)
387.2737 	INFO 	Keyboard events cleared
387.2735 	EXP 	polygon: autoDraw = False
387.2735 	EXP 	polygon_2: autoDraw = True
388.0905 	EXP 	Device response: <KeyPress from None: t=388.08358540000063, value=space, duration=None>
388.0920 	DATA 	Keypress: space
388.1065 	EXP 	polygon: autoDraw = False
388.1065 	EXP 	polygon_2: autoDraw = False
388.1901 	EXP 	Device response: <KeyPress from None: t=388.08358540000063, value=space, duration=0.10487990000001446>
388.7750 	EXP 	Sound sound_1 reached end of file
388.7903 	EXP 	Playing sound sound_1 on speaker Speakers (Realtek(R) Audio)
389.0908 	EXP 	Sound sound_1 stopped
389.1006 	EXP 	text: autoDraw = True
389.1006 	EXP 	textbox: autoDraw = True
390.0145 	DATA 	Keypress: 0
390.0244 	EXP 	Device response: <KeyPress from None: t=390.01210380000066, value=0, duration=None>
390.1433 	EXP 	Device response: <KeyPress from None: t=390.01210380000066, value=0, duration=0.1256044000001566>
390.9748 	DATA 	Mouse: Left button down, pos=(999,359)
390.9762 	EXP 	New trial (rep=4, index=9): <Trial 57 (9 in rep 4) data={'delay': 0.4, 'freq': 1000, 'condition': 'exp', 'thisN': 57, 'thisTrialN': 9, 'thisRepN': 4}>
390.9906 	EXP 	text: autoDraw = False
390.9906 	EXP 	textbox: autoDraw = False
390.9906 	EXP 	polygon: autoDraw = True
391.0779 	DATA 	Mouse:  Left button up, pos=(999,359)
391.9903 	INFO 	Keyboard events cleared
391.9902 	EXP 	polygon: autoDraw = False
391.9902 	EXP 	polygon_2: autoDraw = True
392.7241 	EXP 	Device response: <KeyPress from None: t=392.71549330000016, value=space, duration=None>
392.7268 	DATA 	Keypress: space
392.7402 	EXP 	polygon: autoDraw = False
392.7402 	EXP 	polygon_2: autoDraw = False
392.8751 	EXP 	Device response: <KeyPress from None: t=392.71549330000016, value=space, duration=0.1590927000006559>
393.1072 	EXP 	Sound sound_1 reached end of file
393.1234 	EXP 	Playing sound sound_1 on speaker Speakers (Realtek(R) Audio)
393.4187 	EXP 	Sound sound_1 stopped
393.4299 	EXP 	text: autoDraw = True
393.4299 	EXP 	textbox: autoDraw = True
394.6912 	DATA 	Keypress: 2
394.6936 	EXP 	Device response: <KeyPress from None: t=394.6907768000001, value=2, duration=None>
394.8248 	EXP 	Device response: <KeyPress from None: t=394.6907768000001, value=2, duration=0.12182860000029905>
395.5926 	DATA 	Mouse: Left button down, pos=(973,336)
395.5941 	EXP 	New trial (rep=4, index=10): <Trial 58 (10 in rep 4) data={'delay': 0.4, 'freq': 400, 'condition': 'unexp', 'thisN': 58, 'thisTrialN': 10, 'thisRepN': 4}>
395.6069 	EXP 	text: autoDraw = False
395.6069 	EXP 	textbox: autoDraw = False
395.6069 	EXP 	polygon: autoDraw = True
395.6782 	DATA 	Mouse:  Left button up, pos=(973,336)
396.6069 	INFO 	Keyboard events cleared
396.6067 	EXP 	polygon: autoDraw = False
396.6067 	EXP 	polygon_2: autoDraw = True
397.3905 	EXP 	Device response: <KeyPress from None: t=397.3789112000004, value=space, duration=None>
397.3924 	DATA 	Keypress: space
397.4071 	EXP 	polygon: autoDraw = False
397.4071 	EXP 	polygon_2: autoDraw = False
397.4908 	EXP 	Device response: <KeyPress from None: t=397.3789112000004, value=space, duration=0.10216959999979736>
397.7743 	EXP 	Sound sound_1 reached end of file
397.7900 	EXP 	Playing sound sound_1 on speaker Speakers (Realtek(R) Audio)
398.0870 	EXP 	Sound sound_1 stopped
398.0966 	EXP 	text: autoDraw = True
398.0966 	EXP 	textbox: autoDraw = True
398.7153 	DATA 	Mouse: Left button down, pos=(977,538)
399.2674 	DATA 	Mouse:  Left button up, pos=(961,525)
399.5742 	DATA 	Keypress: 0
399.5769 	EXP 	Device response: <KeyPress from None: t=399.5714876000002, value=0, duration=None>
399.6927 	EXP 	Device response: <KeyPress from None: t=399.5714876000002, value=0, duration=0.11190280000027997>
400.3915 	DATA 	Mouse: Left button down, pos=(953,428)
400.5269 	DATA 	Mouse:  Left button up, pos=(953,428)
401.0926 	DATA 	Mouse: Left button down, pos=(939,285)
401.0941 	EXP 	New trial (rep=4, index=11): <Trial 59 (11 in rep 4) data={'delay': 0.1, 'freq': 1000, 'condition': 'exp', 'thisN': 59, 'thisTrialN': 11, 'thisRepN': 4}>
401.1067 	EXP 	text: autoDraw = False
401.1067 	EXP 	textbox: autoDraw = False
401.1067 	EXP 	polygon: autoDraw = True
401.1616 	DATA 	Mouse:  Left button up, pos=(939,285)
402.1071 	INFO 	Keyboard events cleared
402.1069 	EXP 	polygon: autoDraw = False
402.1069 	EXP 	polygon_2: autoDraw = True
404.4078 	DATA 	Mouse: Left button down, pos=(938,574)
404.4939 	DATA 	Mouse:  Left button up, pos=(938,574)
404.7576 	EXP 	Device response: <KeyPress from None: t=404.75732850000077, value=space, duration=None>
404.7585 	DATA 	Keypress: space
404.7901 	EXP 	polygon: autoDraw = False
404.7901 	EXP 	polygon_2: autoDraw = False
404.8744 	EXP 	Sound sound_1 reached end of file
404.8902 	EXP 	Playing sound sound_1 on speaker Speakers (Realtek(R) Audio)
404.9074 	EXP 	Device response: <KeyPress from None: t=404.75732850000077, value=space, duration=0.13508829999955196>
405.1902 	EXP 	Sound sound_1 stopped
405.2000 	EXP 	text: autoDraw = True
405.2000 	EXP 	textbox: autoDraw = True
406.4984 	DATA 	Keypress: 1
406.5076 	EXP 	Device response: <KeyPress from None: t=406.496032, value=1, duration=None>
406.5907 	EXP 	Device response: <KeyPress from None: t=406.496032, value=1, duration=0.08290540000052715>
407.3421 	DATA 	Mouse: Left button down, pos=(1047,251)
407.3437 	EXP 	New trial (rep=5, index=0): <Trial 60 (0 in rep 5) data={'delay': 0.4, 'freq': 1000, 'condition': 'exp', 'thisN': 60, 'thisTrialN': 0, 'thisRepN': 5}>
407.3564 	EXP 	text: autoDraw = False
407.3564 	EXP 	textbox: autoDraw = False
407.3564 	EXP 	polygon: autoDraw = True
407.4277 	DATA 	Mouse:  Left button up, pos=(1047,251)
408.3568 	INFO 	Keyboard events cleared
408.3566 	EXP 	polygon: autoDraw = False
408.3566 	EXP 	polygon_2: autoDraw = True
409.0068 	EXP 	Device response: <KeyPress from None: t=408.99197540000023, value=space, duration=None>
409.0085 	DATA 	Keypress: space
409.0235 	EXP 	polygon: autoDraw = False
409.0235 	EXP 	polygon_2: autoDraw = False
409.1251 	EXP 	Device response: <KeyPress from None: t=408.99197540000023, value=space, duration=0.12241259999973408>
409.3899 	EXP 	Sound sound_1 reached end of file
409.4062 	EXP 	Playing sound sound_1 on speaker Speakers (Realtek(R) Audio)
409.7095 	EXP 	Sound sound_1 stopped
409.7201 	EXP 	text: autoDraw = True
409.7201 	EXP 	textbox: autoDraw = True
412.0167 	DATA 	Keypress: 2
412.0242 	EXP 	Device response: <KeyPress from None: t=412.0088224000001, value=2, duration=None>
412.1087 	EXP 	Device response: <KeyPress from None: t=412.0088224000001, value=2, duration=0.09580439999990631>
413.4312 	DATA 	Mouse: Left button down, pos=(982,324)
413.4415 	EXP 	New trial (rep=5, index=1): <Trial 61 (1 in rep 5) data={'delay': 0.4, 'freq': 1000, 'condition': 'exp', 'thisN': 61, 'thisTrialN': 1, 'thisRepN': 5}>
413.4567 	EXP 	text: autoDraw = False
413.4567 	EXP 	textbox: autoDraw = False
413.4567 	EXP 	polygon: autoDraw = True
413.5284 	DATA 	Mouse:  Left button up, pos=(982,324)
414.4567 	INFO 	Keyboard events cleared
414.4565 	EXP 	polygon: autoDraw = False
414.4565 	EXP 	polygon_2: autoDraw = True
414.8759 	EXP 	Device response: <KeyPress from None: t=414.8594002, value=space, duration=None>
414.8783 	DATA 	Keypress: space
414.8897 	EXP 	polygon: autoDraw = False
414.8897 	EXP 	polygon_2: autoDraw = False
415.0068 	EXP 	Device response: <KeyPress from None: t=414.8594002, value=space, duration=0.13561120000031224>
415.2744 	EXP 	Sound sound_1 reached end of file
415.2903 	EXP 	Playing sound sound_1 on speaker Speakers (Realtek(R) Audio)
415.5867 	EXP 	Sound sound_1 stopped
415.5974 	EXP 	text: autoDraw = True
415.5974 	EXP 	textbox: autoDraw = True
417.0575 	DATA 	Keypress: 1
417.0588 	EXP 	Device response: <KeyPress from None: t=417.0536582000004, value=1, duration=None>
417.1906 	EXP 	Device response: <KeyPress from None: t=417.0536582000004, value=1, duration=0.1217663999996148>
418.1953 	DATA 	Keypress: backspace
418.2076 	EXP 	Device response: <KeyPress from None: t=418.19152380000014, value=backspace, duration=None>
418.3094 	EXP 	Device response: <KeyPress from None: t=418.19152380000014, value=backspace, duration=0.11263959999996587>
418.7674 	DATA 	Keypress: 3
418.7741 	EXP 	Device response: <KeyPress from None: t=418.7670749000008, value=3, duration=None>
418.8413 	EXP 	Device response: <KeyPress from None: t=418.7670749000008, value=3, duration=0.06647849999990285>
419.6911 	DATA 	Mouse: Left button down, pos=(968,261)
419.6922 	EXP 	New trial (rep=5, index=2): <Trial 62 (2 in rep 5) data={'delay': 0.7, 'freq': 400, 'condition': 'unexp', 'thisN': 62, 'thisTrialN': 2, 'thisRepN': 5}>
419.7066 	EXP 	text: autoDraw = False
419.7066 	EXP 	textbox: autoDraw = False
419.7066 	EXP 	polygon: autoDraw = True
419.7780 	DATA 	Mouse:  Left button up, pos=(968,261)
420.7068 	INFO 	Keyboard events cleared
420.7066 	EXP 	polygon: autoDraw = False
420.7066 	EXP 	polygon_2: autoDraw = True
421.4760 	DATA 	Mouse: Left button down, pos=(910,679)
421.6929 	DATA 	Mouse:  Left button up, pos=(910,679)
421.8246 	EXP 	Device response: <KeyPress from None: t=421.82018140000037, value=space, duration=None>
421.8270 	DATA 	Keypress: space
421.8398 	EXP 	polygon: autoDraw = False
421.8398 	EXP 	polygon_2: autoDraw = False
421.9570 	EXP 	Device response: <KeyPress from None: t=421.82018140000037, value=space, duration=0.1319499999999607>
422.5237 	EXP 	Sound sound_1 reached end of file
422.5394 	EXP 	Playing sound sound_1 on speaker Speakers (Realtek(R) Audio)
422.8365 	EXP 	Sound sound_1 stopped
422.8537 	EXP 	text: autoDraw = True
422.8537 	EXP 	textbox: autoDraw = True
423.9291 	DATA 	Keypress: 0
423.9403 	EXP 	Device response: <KeyPress from None: t=423.9273460000004, value=0, duration=None>
424.0567 	EXP 	Device response: <KeyPress from None: t=423.9273460000004, value=0, duration=0.11640689999967435>
424.7796 	DATA 	Mouse: Left button down, pos=(967,262)
424.7913 	EXP 	New trial (rep=5, index=3): <Trial 63 (3 in rep 5) data={'delay': 0.7, 'freq': 1000, 'condition': 'exp', 'thisN': 63, 'thisTrialN': 3, 'thisRepN': 5}>
424.8062 	EXP 	text: autoDraw = False
424.8062 	EXP 	textbox: autoDraw = False
424.8062 	EXP 	polygon: autoDraw = True
424.8781 	DATA 	Mouse:  Left button up, pos=(967,262)
425.8063 	INFO 	Keyboard events cleared
425.8061 	EXP 	polygon: autoDraw = False
425.8061 	EXP 	polygon_2: autoDraw = True
426.0729 	EXP 	Device response: <KeyPress from None: t=426.06593050000083, value=space, duration=None>
426.0748 	DATA 	Keypress: space
426.0895 	EXP 	polygon: autoDraw = False
426.0895 	EXP 	polygon_2: autoDraw = False
426.1733 	EXP 	Device response: <KeyPress from None: t=426.06593050000083, value=space, duration=0.10625119999986055>
426.7567 	EXP 	Sound sound_1 reached end of file
426.7729 	EXP 	Playing sound sound_1 on speaker Speakers (Realtek(R) Audio)
427.0664 	EXP 	Sound sound_1 stopped
427.0768 	EXP 	text: autoDraw = True
427.0768 	EXP 	textbox: autoDraw = True
428.8241 	DATA 	Keypress: 2
428.8262 	EXP 	Device response: <KeyPress from None: t=428.81938290000016, value=2, duration=None>
428.9259 	EXP 	Device response: <KeyPress from None: t=428.81938290000016, value=2, duration=0.0997696000003998>
429.6580 	DATA 	Mouse: Left button down, pos=(967,262)
429.6594 	EXP 	New trial (rep=5, index=4): <Trial 64 (4 in rep 5) data={'delay': 0.1, 'freq': 1000, 'condition': 'exp', 'thisN': 64, 'thisTrialN': 4, 'thisRepN': 5}>
429.6732 	EXP 	text: autoDraw = False
429.6732 	EXP 	textbox: autoDraw = False
429.6732 	EXP 	polygon: autoDraw = True
429.7581 	DATA 	Mouse:  Left button up, pos=(967,262)
430.6735 	INFO 	Keyboard events cleared
430.6733 	EXP 	polygon: autoDraw = False
430.6733 	EXP 	polygon_2: autoDraw = True
430.9568 	EXP 	Device response: <KeyPress from None: t=430.95104150000043, value=space, duration=None>
430.9589 	DATA 	Keypress: space
430.9731 	EXP 	polygon: autoDraw = False
430.9731 	EXP 	polygon_2: autoDraw = False
431.0400 	EXP 	Sound sound_1 reached end of file
431.0561 	EXP 	Playing sound sound_1 on speaker Speakers (Realtek(R) Audio)
431.1064 	EXP 	Device response: <KeyPress from None: t=430.95104150000043, value=space, duration=0.14137790000040695>
431.3548 	EXP 	Sound sound_1 stopped
431.3636 	EXP 	text: autoDraw = True
431.3636 	EXP 	textbox: autoDraw = True
433.8203 	DATA 	Keypress: 1
433.8240 	EXP 	Device response: <KeyPress from None: t=433.8191729, value=1, duration=None>
433.9423 	EXP 	Device response: <KeyPress from None: t=433.8191729, value=1, duration=0.11508540000068024>
435.3082 	DATA 	Mouse: Left button down, pos=(954,319)
435.3093 	EXP 	New trial (rep=5, index=5): <Trial 65 (5 in rep 5) data={'delay': 0.7, 'freq': 1000, 'condition': 'exp', 'thisN': 65, 'thisTrialN': 5, 'thisRepN': 5}>
435.3229 	EXP 	text: autoDraw = False
435.3229 	EXP 	textbox: autoDraw = False
435.3229 	EXP 	polygon: autoDraw = True
435.4102 	DATA 	Mouse:  Left button up, pos=(954,319)
436.3231 	INFO 	Keyboard events cleared
436.3229 	EXP 	polygon: autoDraw = False
436.3229 	EXP 	polygon_2: autoDraw = True
436.6405 	EXP 	Device response: <KeyPress from None: t=436.62505350000083, value=space, duration=None>
436.6432 	DATA 	Keypress: space
436.6562 	EXP 	polygon: autoDraw = False
436.6562 	EXP 	polygon_2: autoDraw = False
436.7566 	EXP 	Device response: <KeyPress from None: t=436.62505350000083, value=space, duration=0.1258239999997386>
437.3397 	EXP 	Sound sound_1 reached end of file
437.3560 	EXP 	Playing sound sound_1 on speaker Speakers (Realtek(R) Audio)
437.6544 	EXP 	Sound sound_1 stopped
437.6633 	EXP 	text: autoDraw = True
437.6633 	EXP 	textbox: autoDraw = True
439.1401 	DATA 	Keypress: 3
439.1431 	EXP 	Device response: <KeyPress from None: t=439.1288058, value=3, duration=None>
439.2088 	EXP 	Device response: <KeyPress from None: t=439.1288058, value=3, duration=0.0692508000001908>
440.0609 	DATA 	Mouse: Left button down, pos=(1006,205)
440.0739 	EXP 	New trial (rep=5, index=6): <Trial 66 (6 in rep 5) data={'delay': 0.1, 'freq': 1000, 'condition': 'exp', 'thisN': 66, 'thisTrialN': 6, 'thisRepN': 5}>
440.0892 	EXP 	text: autoDraw = False
440.0892 	EXP 	textbox: autoDraw = False
440.0892 	EXP 	polygon: autoDraw = True
440.1581 	DATA 	Mouse:  Left button up, pos=(1006,205)
441.0894 	INFO 	Keyboard events cleared
441.0893 	EXP 	polygon: autoDraw = False
441.0893 	EXP 	polygon_2: autoDraw = True
441.6402 	EXP 	Device response: <KeyPress from None: t=441.6309809000004, value=space, duration=None>
441.6424 	DATA 	Keypress: space
441.6562 	EXP 	polygon: autoDraw = False
441.6562 	EXP 	polygon_2: autoDraw = False
441.7239 	EXP 	Sound sound_1 reached end of file
441.7398 	EXP 	Playing sound sound_1 on speaker Speakers (Realtek(R) Audio)
441.7566 	EXP 	Device response: <KeyPress from None: t=441.6309809000004, value=space, duration=0.1168760000000475>
442.0400 	EXP 	Sound sound_1 stopped
442.0501 	EXP 	text: autoDraw = True
442.0501 	EXP 	textbox: autoDraw = True
447.2244 	DATA 	Keypress: 2
447.2260 	EXP 	Device response: <KeyPress from None: t=447.2161554000004, value=2, duration=None>
447.3239 	EXP 	Device response: <KeyPress from None: t=447.2161554000004, value=2, duration=0.09189570000035019>
448.1069 	DATA 	Mouse: Left button down, pos=(969,208)
448.1077 	EXP 	New trial (rep=5, index=7): <Trial 67 (7 in rep 5) data={'delay': 0.1, 'freq': 400, 'condition': 'unexp', 'thisN': 67, 'thisTrialN': 7, 'thisRepN': 5}>
448.1231 	EXP 	text: autoDraw = False
448.1231 	EXP 	textbox: autoDraw = False
448.1231 	EXP 	polygon: autoDraw = True
448.1772 	DATA 	Mouse:  Left button up, pos=(969,208)
449.1232 	INFO 	Keyboard events cleared
449.1228 	EXP 	polygon: autoDraw = False
449.1228 	EXP 	polygon_2: autoDraw = True
449.3737 	EXP 	Device response: <KeyPress from None: t=449.3610965000007, value=space, duration=None>
449.3762 	DATA 	Keypress: space
449.3893 	EXP 	polygon: autoDraw = False
449.3893 	EXP 	polygon_2: autoDraw = False
449.4741 	EXP 	Sound sound_1 reached end of file
449.4893 	EXP 	Playing sound sound_1 on speaker Speakers (Realtek(R) Audio)
449.5069 	EXP 	Device response: <KeyPress from None: t=449.3610965000007, value=space, duration=0.13240979999955016>
449.7887 	EXP 	Sound sound_1 stopped
449.8051 	EXP 	text: autoDraw = True
449.8051 	EXP 	textbox: autoDraw = True
450.5651 	DATA 	Keypress: 0
450.5735 	EXP 	Device response: <KeyPress from None: t=450.5643407000007, value=0, duration=None>
450.6921 	EXP 	Device response: <KeyPress from None: t=450.5643407000007, value=0, duration=0.11583189999964816>
451.4903 	DATA 	Mouse: Left button down, pos=(982,171)
451.4923 	EXP 	New trial (rep=5, index=8): <Trial 68 (8 in rep 5) data={'delay': 0.1, 'freq': 1000, 'condition': 'exp', 'thisN': 68, 'thisTrialN': 8, 'thisRepN': 5}>
451.5062 	EXP 	text: autoDraw = False
451.5062 	EXP 	textbox: autoDraw = False
451.5062 	EXP 	polygon: autoDraw = True
451.5768 	DATA 	Mouse:  Left button up, pos=(982,171)
452.3233 	EXP 	Device response: <KeyPress from None: t=452.3125353000005, value=space, duration=None>
452.3245 	DATA 	Keypress: space
452.4239 	EXP 	Device response: <KeyPress from None: t=452.3125353000005, value=space, duration=0.1025469999995039>
452.5061 	INFO 	Keyboard events cleared
452.5060 	EXP 	polygon: autoDraw = False
452.5060 	EXP 	polygon_2: autoDraw = True
452.9727 	EXP 	Device response: <KeyPress from None: t=452.9687599000008, value=space, duration=None>
452.9745 	DATA 	Keypress: space
452.9892 	EXP 	polygon: autoDraw = False
452.9892 	EXP 	polygon_2: autoDraw = False
453.0565 	EXP 	Sound sound_1 reached end of file
453.0729 	EXP 	Playing sound sound_1 on speaker Speakers (Realtek(R) Audio)
453.0727 	EXP 	Device response: <KeyPress from None: t=452.9687599000008, value=space, duration=0.09947669999928621>
453.3676 	EXP 	Sound sound_1 stopped
453.3772 	EXP 	text: autoDraw = True
453.3772 	EXP 	textbox: autoDraw = True
454.7107 	DATA 	Keypress: 1
454.7120 	EXP 	Device response: <KeyPress from None: t=454.7089263000007, value=1, duration=None>
454.8281 	EXP 	Device response: <KeyPress from None: t=454.7089263000007, value=1, duration=0.10433889999967505>
455.6458 	DATA 	Mouse: Left button down, pos=(892,244)
455.6611 	EXP 	New trial (rep=5, index=9): <Trial 69 (9 in rep 5) data={'delay': 0.4, 'freq': 400, 'condition': 'unexp', 'thisN': 69, 'thisTrialN': 9, 'thisRepN': 5}>
455.6759 	EXP 	text: autoDraw = False
455.6759 	EXP 	textbox: autoDraw = False
455.6759 	EXP 	polygon: autoDraw = True
455.7286 	DATA 	Mouse:  Left button up, pos=(892,244)
456.6770 	INFO 	Keyboard events cleared
456.6769 	EXP 	polygon: autoDraw = False
456.6769 	EXP 	polygon_2: autoDraw = True
457.2941 	EXP 	Device response: <KeyPress from None: t=457.2846068000008, value=space, duration=None>
457.2954 	DATA 	Keypress: space
457.3096 	EXP 	polygon: autoDraw = False
457.3096 	EXP 	polygon_2: autoDraw = False
457.3963 	EXP 	Device response: <KeyPress from None: t=457.2846068000008, value=space, duration=0.1098744999999326>
457.6941 	EXP 	Sound sound_1 reached end of file
457.7103 	EXP 	Playing sound sound_1 on speaker Speakers (Realtek(R) Audio)
458.0112 	EXP 	Sound sound_1 stopped
458.0192 	EXP 	text: autoDraw = True
458.0192 	EXP 	textbox: autoDraw = True
459.0564 	DATA 	Keypress: 0
459.0577 	EXP 	Device response: <KeyPress from None: t=459.0494748000001, value=0, duration=None>
459.1575 	EXP 	Device response: <KeyPress from None: t=459.0494748000001, value=0, duration=0.09933180000007269>
459.9918 	DATA 	Mouse: Left button down, pos=(922,243)
460.0063 	EXP 	New trial (rep=5, index=10): <Trial 70 (10 in rep 5) data={'delay': 0.4, 'freq': 1000, 'condition': 'exp', 'thisN': 70, 'thisTrialN': 10, 'thisRepN': 5}>
460.0232 	EXP 	text: autoDraw = False
460.0232 	EXP 	textbox: autoDraw = False
460.0232 	EXP 	polygon: autoDraw = True
460.0936 	DATA 	Mouse:  Left button up, pos=(922,243)
461.0059 	INFO 	Keyboard events cleared
461.0057 	EXP 	polygon_2: autoDraw = True
461.0230 	EXP 	polygon: autoDraw = False
461.3586 	DATA 	Keypress: space
461.3732 	EXP 	Device response: <KeyPress from None: t=461.3568496000007, value=space, duration=None>
461.3889 	EXP 	polygon: autoDraw = False
461.3889 	EXP 	polygon_2: autoDraw = False
461.4734 	EXP 	Device response: <KeyPress from None: t=461.3568496000007, value=space, duration=0.1022358999998687>
461.7564 	EXP 	Sound sound_1 reached end of file
461.7727 	EXP 	Playing sound sound_1 on speaker Speakers (Realtek(R) Audio)
462.0658 	EXP 	Sound sound_1 stopped
462.0769 	EXP 	text: autoDraw = True
462.0769 	EXP 	textbox: autoDraw = True
463.1904 	DATA 	Keypress: 1
463.1919 	EXP 	Device response: <KeyPress from None: t=463.18541840000034, value=1, duration=None>
463.3251 	EXP 	Device response: <KeyPress from None: t=463.18541840000034, value=1, duration=0.12862099999983911>
464.0742 	DATA 	Mouse: Left button down, pos=(934,286)
464.0749 	EXP 	New trial (rep=5, index=11): <Trial 71 (11 in rep 5) data={'delay': 0.7, 'freq': 1000, 'condition': 'exp', 'thisN': 71, 'thisTrialN': 11, 'thisRepN': 5}>
464.0892 	EXP 	text: autoDraw = False
464.0892 	EXP 	textbox: autoDraw = False
464.0892 	EXP 	polygon: autoDraw = True
464.1777 	DATA 	Mouse:  Left button up, pos=(934,286)
465.0897 	INFO 	Keyboard events cleared
465.0894 	EXP 	polygon: autoDraw = False
465.0894 	EXP 	polygon_2: autoDraw = True
465.8399 	EXP 	Device response: <KeyPress from None: t=465.83509290000075, value=space, duration=None>
465.8427 	DATA 	Keypress: space
465.8559 	EXP 	polygon: autoDraw = False
465.8559 	EXP 	polygon_2: autoDraw = False
465.9232 	EXP 	Device response: <KeyPress from None: t=465.83509290000075, value=space, duration=0.0795271999995748>
466.5232 	EXP 	Sound sound_1 reached end of file
466.5394 	EXP 	Playing sound sound_1 on speaker Speakers (Realtek(R) Audio)
466.8358 	EXP 	Sound sound_1 stopped
466.8496 	EXP 	text: autoDraw = True
466.8496 	EXP 	textbox: autoDraw = True
467.9061 	DATA 	Keypress: 3
467.9070 	EXP 	Device response: <KeyPress from None: t=467.89613850000023, value=3, duration=None>
467.9731 	EXP 	Device response: <KeyPress from None: t=467.89613850000023, value=3, duration=0.06340490000002319>
468.9069 	DATA 	Mouse: Left button down, pos=(1024,245)
468.9094 	EXP 	New trial (rep=6, index=0): <Trial 72 (0 in rep 6) data={'delay': 0.1, 'freq': 1000, 'condition': 'exp', 'thisN': 72, 'thisTrialN': 0, 'thisRepN': 6}>
468.9230 	EXP 	text: autoDraw = False
468.9230 	EXP 	textbox: autoDraw = False
468.9230 	EXP 	polygon: autoDraw = True
469.0080 	DATA 	Mouse:  Left button up, pos=(1024,245)
469.9228 	INFO 	Keyboard events cleared
469.9226 	EXP 	polygon: autoDraw = False
469.9226 	EXP 	polygon_2: autoDraw = True
470.4892 	EXP 	Device response: <KeyPress from None: t=470.4835341000007, value=space, duration=None>
470.4909 	DATA 	Keypress: space
470.5056 	EXP 	polygon: autoDraw = False
470.5056 	EXP 	polygon_2: autoDraw = False
470.5737 	EXP 	Sound sound_1 reached end of file
470.5892 	EXP 	Playing sound sound_1 on speaker Speakers (Realtek(R) Audio)
470.5897 	EXP 	Device response: <KeyPress from None: t=470.4835341000007, value=space, duration=0.1020898999995552>
470.8894 	EXP 	Sound sound_1 stopped
470.9021 	EXP 	text: autoDraw = True
470.9021 	EXP 	textbox: autoDraw = True
472.1398 	DATA 	Keypress: 1
472.1424 	EXP 	Device response: <KeyPress from None: t=472.13795930000015, value=1, duration=None>
472.2397 	EXP 	Device response: <KeyPress from None: t=472.13795930000015, value=1, duration=0.08875870000065333>
473.1492 	DATA 	Mouse: Left button down, pos=(986,165)
473.1577 	EXP 	New trial (rep=6, index=1): <Trial 73 (1 in rep 6) data={'delay': 0.1, 'freq': 1000, 'condition': 'exp', 'thisN': 73, 'thisTrialN': 1, 'thisRepN': 6}>
473.1736 	EXP 	text: autoDraw = False
473.1736 	EXP 	textbox: autoDraw = False
473.1736 	EXP 	polygon: autoDraw = True
473.2594 	DATA 	Mouse:  Left button up, pos=(986,165)
474.1729 	INFO 	Keyboard events cleared
474.1727 	EXP 	polygon_2: autoDraw = True
474.1889 	EXP 	polygon: autoDraw = False
474.6745 	EXP 	Device response: <KeyPress from None: t=474.6599326000005, value=space, duration=None>
474.6770 	DATA 	Keypress: space
474.6891 	EXP 	polygon: autoDraw = False
474.6891 	EXP 	polygon_2: autoDraw = False
474.7728 	EXP 	Sound sound_1 reached end of file
474.7890 	EXP 	Playing sound sound_1 on speaker Speakers (Realtek(R) Audio)
474.7897 	EXP 	Device response: <KeyPress from None: t=474.6599326000005, value=space, duration=0.12275510000017675>
475.0885 	EXP 	Sound sound_1 stopped
475.0984 	EXP 	text: autoDraw = True
475.0984 	EXP 	textbox: autoDraw = True
476.2473 	DATA 	Keypress: 1
476.2562 	EXP 	Device response: <KeyPress from None: t=476.2459219000002, value=1, duration=None>
476.3762 	EXP 	Device response: <KeyPress from None: t=476.2459219000002, value=1, duration=0.11607100000037462>
477.0897 	DATA 	Mouse: Left button down, pos=(943,273)
477.0909 	EXP 	New trial (rep=6, index=2): <Trial 74 (2 in rep 6) data={'delay': 0.7, 'freq': 400, 'condition': 'unexp', 'thisN': 74, 'thisTrialN': 2, 'thisRepN': 6}>
477.1054 	EXP 	text: autoDraw = False
477.1054 	EXP 	textbox: autoDraw = False
477.1054 	EXP 	polygon: autoDraw = True
477.1764 	DATA 	Mouse:  Left button up, pos=(943,273)
478.1061 	INFO 	Keyboard events cleared
478.1060 	EXP 	polygon: autoDraw = False
478.1060 	EXP 	polygon_2: autoDraw = True
478.4894 	EXP 	Device response: <KeyPress from None: t=478.4773311000008, value=space, duration=None>
478.4913 	DATA 	Keypress: space
478.5061 	EXP 	polygon: autoDraw = False
478.5061 	EXP 	polygon_2: autoDraw = False
478.5738 	EXP 	Device response: <KeyPress from None: t=478.4773311000008, value=space, duration=0.08630019999964134>
479.1727 	EXP 	Sound sound_1 reached end of file
479.1890 	EXP 	Playing sound sound_1 on speaker Speakers (Realtek(R) Audio)
479.4875 	EXP 	Sound sound_1 stopped
479.4982 	EXP 	text: autoDraw = True
479.4982 	EXP 	textbox: autoDraw = True
480.3323 	DATA 	Keypress: 0
480.3400 	EXP 	Device response: <KeyPress from None: t=480.3314513000005, value=0, duration=None>
480.4419 	EXP 	Device response: <KeyPress from None: t=480.3314513000005, value=0, duration=0.10615140000027168>
481.0284 	DATA 	Mouse: Left button down, pos=(1042,328)
481.0409 	EXP 	New trial (rep=6, index=3): <Trial 75 (3 in rep 6) data={'delay': 0.4, 'freq': 1000, 'condition': 'exp', 'thisN': 75, 'thisTrialN': 3, 'thisRepN': 6}>
481.0557 	EXP 	text: autoDraw = False
481.0557 	EXP 	textbox: autoDraw = False
481.0557 	EXP 	polygon: autoDraw = True
481.1256 	DATA 	Mouse:  Left button up, pos=(1042,328)
482.0559 	INFO 	Keyboard events cleared
482.0557 	EXP 	polygon: autoDraw = False
482.0557 	EXP 	polygon_2: autoDraw = True
482.3729 	EXP 	Device response: <KeyPress from None: t=482.37124120000044, value=space, duration=None>
482.3757 	DATA 	Keypress: space
482.3891 	EXP 	polygon: autoDraw = False
482.3891 	EXP 	polygon_2: autoDraw = False
482.5230 	EXP 	Device response: <KeyPress from None: t=482.37124120000044, value=space, duration=0.14834069999960775>
482.7754 	EXP 	Sound sound_1 reached end of file
482.7893 	EXP 	Playing sound sound_1 on speaker Speakers (Realtek(R) Audio)
483.0871 	EXP 	Sound sound_1 stopped
483.0986 	EXP 	text: autoDraw = True
483.0986 	EXP 	textbox: autoDraw = True
484.1401 	DATA 	Keypress: 3
484.1425 	EXP 	Device response: <KeyPress from None: t=484.13397310000073, value=3, duration=None>
484.2247 	EXP 	Device response: <KeyPress from None: t=484.13397310000073, value=3, duration=0.07964519999950426>
485.0579 	DATA 	Mouse: Left button down, pos=(937,248)
485.0591 	EXP 	New trial (rep=6, index=4): <Trial 76 (4 in rep 6) data={'delay': 0.1, 'freq': 1000, 'condition': 'exp', 'thisN': 76, 'thisTrialN': 4, 'thisRepN': 6}>
485.0731 	EXP 	text: autoDraw = False
485.0731 	EXP 	textbox: autoDraw = False
485.0731 	EXP 	polygon: autoDraw = True
485.1609 	DATA 	Mouse:  Left button up, pos=(937,248)
486.0721 	INFO 	Keyboard events cleared
486.0720 	EXP 	polygon: autoDraw = False
486.0720 	EXP 	polygon_2: autoDraw = True
486.5057 	EXP 	Device response: <KeyPress from None: t=486.49530460000005, value=space, duration=None>
486.5072 	DATA 	Keypress: space
486.5218 	EXP 	polygon: autoDraw = False
486.5218 	EXP 	polygon_2: autoDraw = False
486.5888 	EXP 	Sound sound_1 reached end of file
486.6051 	EXP 	Playing sound sound_1 on speaker Speakers (Realtek(R) Audio)
486.6891 	EXP 	Device response: <KeyPress from None: t=486.49530460000005, value=space, duration=0.18513310000071215>
486.9002 	EXP 	Sound sound_1 stopped
486.9105 	EXP 	text: autoDraw = True
486.9105 	EXP 	textbox: autoDraw = True
488.0061 	DATA 	Keypress: 3
488.0076 	EXP 	Device response: <KeyPress from None: t=488.00247090000084, value=3, duration=None>
488.0744 	EXP 	Device response: <KeyPress from None: t=488.00247090000084, value=3, duration=0.06986889999916457>
490.0283 	DATA 	Mouse: Left button down, pos=(1040,248)
490.0405 	EXP 	New trial (rep=6, index=5): <Trial 77 (5 in rep 6) data={'delay': 0.4, 'freq': 1000, 'condition': 'exp', 'thisN': 77, 'thisTrialN': 5, 'thisRepN': 6}>
490.0549 	EXP 	text: autoDraw = False
490.0549 	EXP 	textbox: autoDraw = False
490.0549 	EXP 	polygon: autoDraw = True
490.1427 	DATA 	Mouse:  Left button up, pos=(1040,248)
491.0554 	INFO 	Keyboard events cleared
491.0553 	EXP 	polygon: autoDraw = False
491.0553 	EXP 	polygon_2: autoDraw = True
491.4389 	EXP 	Device response: <KeyPress from None: t=491.43381390000013, value=space, duration=None>
491.4405 	DATA 	Keypress: space
491.4552 	EXP 	polygon: autoDraw = False
491.4552 	EXP 	polygon_2: autoDraw = False
491.5058 	EXP 	Device response: <KeyPress from None: t=491.43381390000013, value=space, duration=0.06316810000043915>
491.8222 	EXP 	Sound sound_1 reached end of file
491.8385 	EXP 	Playing sound sound_1 on speaker Speakers (Realtek(R) Audio)
492.1378 	EXP 	Sound sound_1 stopped
492.1506 	EXP 	text: autoDraw = True
492.1506 	EXP 	textbox: autoDraw = True
492.9148 	DATA 	Keypress: 2
492.9230 	EXP 	Device response: <KeyPress from None: t=492.9139522000005, value=2, duration=None>
493.0240 	EXP 	Device response: <KeyPress from None: t=492.9139522000005, value=2, duration=0.09903169999961392>
493.9076 	DATA 	Mouse: Left button down, pos=(1040,248)
493.9087 	EXP 	New trial (rep=6, index=6): <Trial 78 (6 in rep 6) data={'delay': 0.7, 'freq': 1000, 'condition': 'exp', 'thisN': 78, 'thisTrialN': 6, 'thisRepN': 6}>
493.9223 	EXP 	text: autoDraw = False
493.9223 	EXP 	textbox: autoDraw = False
493.9223 	EXP 	polygon: autoDraw = True
494.0101 	DATA 	Mouse:  Left button up, pos=(1040,248)
494.9222 	INFO 	Keyboard events cleared
494.9220 	EXP 	polygon: autoDraw = False
494.9220 	EXP 	polygon_2: autoDraw = True
497.4393 	EXP 	Device response: <KeyPress from None: t=497.43475240000043, value=space, duration=None>
497.4411 	DATA 	Keypress: space
497.4559 	EXP 	polygon: autoDraw = False
497.4559 	EXP 	polygon_2: autoDraw = False
497.5556 	EXP 	Device response: <KeyPress from None: t=497.43475240000043, value=space, duration=0.11224589999983436>
498.1389 	EXP 	Sound sound_1 reached end of file
498.1552 	EXP 	Playing sound sound_1 on speaker Speakers (Realtek(R) Audio)
498.4484 	EXP 	Sound sound_1 stopped
498.4590 	EXP 	text: autoDraw = True
498.4590 	EXP 	textbox: autoDraw = True
499.4730 	DATA 	Keypress: 3
499.4754 	EXP 	Device response: <KeyPress from None: t=499.46592750000036, value=3, duration=None>
499.5432 	EXP 	Device response: <KeyPress from None: t=499.46592750000036, value=3, duration=0.07333500000004278>
500.3066 	DATA 	Mouse: Left button down, pos=(870,264)
500.3077 	EXP 	New trial (rep=6, index=7): <Trial 79 (7 in rep 6) data={'delay': 0.7, 'freq': 1000, 'condition': 'exp', 'thisN': 79, 'thisTrialN': 7, 'thisRepN': 6}>
500.3223 	EXP 	text: autoDraw = False
500.3223 	EXP 	textbox: autoDraw = False
500.3223 	EXP 	polygon: autoDraw = True
500.3759 	DATA 	Mouse:  Left button up, pos=(870,264)
501.3226 	INFO 	Keyboard events cleared
501.3224 	EXP 	polygon: autoDraw = False
501.3224 	EXP 	polygon_2: autoDraw = True
505.0730 	EXP 	Device response: <KeyPress from None: t=505.0568275000005, value=space, duration=None>
505.0750 	DATA 	Keypress: space
505.0885 	EXP 	polygon: autoDraw = False
505.0885 	EXP 	polygon_2: autoDraw = False
505.1892 	EXP 	Device response: <KeyPress from None: t=505.0568275000005, value=space, duration=0.1292011999994429>
505.7729 	EXP 	Sound sound_1 reached end of file
505.7890 	EXP 	Playing sound sound_1 on speaker Speakers (Realtek(R) Audio)
506.0862 	EXP 	Sound sound_1 stopped
506.0967 	EXP 	text: autoDraw = True
506.0967 	EXP 	textbox: autoDraw = True
511.8623 	DATA 	Keypress: 2
511.8728 	EXP 	Device response: <KeyPress from None: t=511.8584292000005, value=2, duration=None>
511.9576 	EXP 	Device response: <KeyPress from None: t=511.8584292000005, value=2, duration=0.09564719999980298>
512.6440 	DATA 	Mouse: Left button down, pos=(925,255)
512.6575 	EXP 	New trial (rep=6, index=8): <Trial 80 (8 in rep 6) data={'delay': 0.4, 'freq': 400, 'condition': 'unexp', 'thisN': 80, 'thisTrialN': 8, 'thisRepN': 6}>
512.6724 	EXP 	text: autoDraw = False
512.6724 	EXP 	textbox: autoDraw = False
512.6724 	EXP 	polygon: autoDraw = True
512.7592 	DATA 	Mouse:  Left button up, pos=(925,255)
513.2229 	EXP 	Device response: <KeyPress from None: t=513.2137297000008, value=space, duration=None>
513.2240 	DATA 	Keypress: space
513.3232 	EXP 	Device response: <KeyPress from None: t=513.2137297000008, value=space, duration=0.10226199999942764>
513.6724 	INFO 	Keyboard events cleared
513.6722 	EXP 	polygon: autoDraw = False
513.6722 	EXP 	polygon_2: autoDraw = True
513.9223 	EXP 	Device response: <KeyPress from None: t=513.9150545000002, value=space, duration=None>
513.9246 	DATA 	Keypress: space
513.9383 	EXP 	polygon: autoDraw = False
513.9383 	EXP 	polygon_2: autoDraw = False
514.0389 	EXP 	Device response: <KeyPress from None: t=513.9150545000002, value=space, duration=0.11961020000035205>
514.3057 	EXP 	Sound sound_1 reached end of file
514.3219 	EXP 	Playing sound sound_1 on speaker Speakers (Realtek(R) Audio)
514.6137 	EXP 	Sound sound_1 stopped
514.6230 	EXP 	text: autoDraw = True
514.6230 	EXP 	textbox: autoDraw = True
515.3228 	DATA 	Keypress: 0
515.3251 	EXP 	Device response: <KeyPress from None: t=515.3128784, value=0, duration=None>
515.4392 	EXP 	Device response: <KeyPress from None: t=515.3128784, value=0, duration=0.11560480000025564>
515.8447 	DATA 	Mouse: Left button down, pos=(925,255)
515.8569 	EXP 	New trial (rep=6, index=9): <Trial 81 (9 in rep 6) data={'delay': 0.4, 'freq': 1000, 'condition': 'exp', 'thisN': 81, 'thisTrialN': 9, 'thisRepN': 6}>
515.8723 	EXP 	text: autoDraw = False
515.8723 	EXP 	textbox: autoDraw = False
515.8723 	EXP 	polygon: autoDraw = True
515.9433 	DATA 	Mouse:  Left button up, pos=(925,255)
516.8721 	INFO 	Keyboard events cleared
516.8719 	EXP 	polygon: autoDraw = False
516.8719 	EXP 	polygon_2: autoDraw = True
517.9725 	EXP 	Device response: <KeyPress from None: t=517.9568506000005, value=space, duration=None>
517.9746 	DATA 	Keypress: space
517.9884 	EXP 	polygon: autoDraw = False
517.9884 	EXP 	polygon_2: autoDraw = False
518.0391 	EXP 	Device response: <KeyPress from None: t=517.9568506000005, value=space, duration=0.06785760000002483>
518.3720 	EXP 	Sound sound_1 reached end of file
518.3883 	EXP 	Playing sound sound_1 on speaker Speakers (Realtek(R) Audio)
518.6882 	EXP 	Sound sound_1 stopped
518.6983 	EXP 	text: autoDraw = True
518.6983 	EXP 	textbox: autoDraw = True
519.5449 	DATA 	Keypress: 1
519.5558 	EXP 	Device response: <KeyPress from None: t=519.5418931000004, value=1, duration=None>
519.6566 	EXP 	Device response: <KeyPress from None: t=519.5418931000004, value=1, duration=0.10583320000023377>
520.4619 	DATA 	Mouse: Left button down, pos=(924,269)
520.4742 	EXP 	New trial (rep=6, index=10): <Trial 82 (10 in rep 6) data={'delay': 0.1, 'freq': 400, 'condition': 'unexp', 'thisN': 82, 'thisTrialN': 10, 'thisRepN': 6}>
520.4883 	EXP 	text: autoDraw = False
520.4883 	EXP 	textbox: autoDraw = False
520.4883 	EXP 	polygon: autoDraw = True
520.5596 	DATA 	Mouse:  Left button up, pos=(924,269)
521.4887 	INFO 	Keyboard events cleared
521.4886 	EXP 	polygon: autoDraw = False
521.4886 	EXP 	polygon_2: autoDraw = True
521.7231 	DATA 	Keypress: space
521.7386 	EXP 	Device response: <KeyPress from None: t=521.7221648000004, value=space, duration=None>
521.7549 	EXP 	polygon: autoDraw = False
521.7549 	EXP 	polygon_2: autoDraw = False
521.8218 	EXP 	Sound sound_1 reached end of file
521.8381 	EXP 	Playing sound sound_1 on speaker Speakers (Realtek(R) Audio)
521.8888 	EXP 	Device response: <KeyPress from None: t=521.7221648000004, value=space, duration=0.15157170000020415>
522.1387 	EXP 	Sound sound_1 stopped
522.1482 	EXP 	text: autoDraw = True
522.1482 	EXP 	textbox: autoDraw = True
522.9272 	DATA 	Keypress: 0
522.9388 	EXP 	Device response: <KeyPress from None: t=522.9256556, value=0, duration=None>
523.0557 	EXP 	Device response: <KeyPress from None: t=522.9256556, value=0, duration=0.11576030000014725>
523.1725 	DATA 	Keypress: space
523.1745 	EXP 	Device response: <KeyPress from None: t=523.1627634000006, value=space, duration=None>
523.2398 	EXP 	Device response: <KeyPress from None: t=523.1627634000006, value=space, duration=0.06594589999986056>
524.3056 	DATA 	Keypress: backspace
524.3067 	EXP 	Device response: <KeyPress from None: t=524.2951017000005, value=backspace, duration=None>
524.4393 	EXP 	Device response: <KeyPress from None: t=524.2951017000005, value=backspace, duration=0.12891599999966274>
524.9729 	DATA 	Mouse: Left button down, pos=(955,262)
524.9741 	EXP 	New trial (rep=6, index=11): <Trial 83 (11 in rep 6) data={'delay': 0.7, 'freq': 1000, 'condition': 'exp', 'thisN': 83, 'thisTrialN': 11, 'thisRepN': 6}>
524.9884 	EXP 	text: autoDraw = False
524.9884 	EXP 	textbox: autoDraw = False
524.9884 	EXP 	polygon: autoDraw = True
525.0255 	DATA 	Mouse:  Left button up, pos=(955,262)
525.9888 	INFO 	Keyboard events cleared
525.9885 	EXP 	polygon: autoDraw = False
525.9885 	EXP 	polygon_2: autoDraw = True
527.8727 	EXP 	Device response: <KeyPress from None: t=527.8640033000001, value=space, duration=None>
527.8752 	DATA 	Keypress: space
527.8882 	EXP 	polygon: autoDraw = False
527.8882 	EXP 	polygon_2: autoDraw = False
528.0052 	EXP 	Device response: <KeyPress from None: t=527.8640033000001, value=space, duration=0.13176629999998113>
528.5721 	EXP 	Sound sound_1 reached end of file
528.5883 	EXP 	Playing sound sound_1 on speaker Speakers (Realtek(R) Audio)
528.8885 	EXP 	Sound sound_1 stopped
528.8991 	EXP 	text: autoDraw = True
528.8991 	EXP 	textbox: autoDraw = True
529.8562 	DATA 	Keypress: 3
529.8576 	EXP 	Device response: <KeyPress from None: t=529.8551808000002, value=3, duration=None>
529.9726 	EXP 	Device response: <KeyPress from None: t=529.8551808000002, value=3, duration=0.10559550000016316>
533.5805 	DATA 	Mouse: Left button down, pos=(1012,206)
533.5898 	EXP 	New trial (rep=7, index=0): <Trial 84 (0 in rep 7) data={'delay': 0.4, 'freq': 1000, 'condition': 'exp', 'thisN': 84, 'thisTrialN': 0, 'thisRepN': 7}>
533.6054 	EXP 	text: autoDraw = False
533.6054 	EXP 	textbox: autoDraw = False
533.6054 	EXP 	polygon: autoDraw = True
533.6938 	DATA 	Mouse:  Left button up, pos=(1012,206)
534.6054 	INFO 	Keyboard events cleared
534.6052 	EXP 	polygon: autoDraw = False
534.6052 	EXP 	polygon_2: autoDraw = True
536.0728 	EXP 	Device response: <KeyPress from None: t=536.0579075000005, value=space, duration=None>
536.0756 	DATA 	Keypress: space
536.0883 	EXP 	polygon: autoDraw = False
536.0883 	EXP 	polygon_2: autoDraw = False
536.2226 	EXP 	Device response: <KeyPress from None: t=536.0579075000005, value=space, duration=0.1587954999995418>
536.4716 	EXP 	Sound sound_1 reached end of file
536.4878 	EXP 	Playing sound sound_1 on speaker Speakers (Realtek(R) Audio)
536.7898 	EXP 	Sound sound_1 stopped
536.8003 	EXP 	text: autoDraw = True
536.8003 	EXP 	textbox: autoDraw = True
538.0227 	DATA 	Keypress: 3
538.0246 	EXP 	Device response: <KeyPress from None: t=538.0195237000007, value=3, duration=None>
538.1250 	EXP 	Device response: <KeyPress from None: t=538.0195237000007, value=3, duration=0.09252999999989697>
538.8615 	DATA 	Mouse: Left button down, pos=(1012,206)
538.8736 	EXP 	New trial (rep=7, index=1): <Trial 85 (1 in rep 7) data={'delay': 0.7, 'freq': 1000, 'condition': 'exp', 'thisN': 85, 'thisTrialN': 1, 'thisRepN': 7}>
538.8881 	EXP 	text: autoDraw = False
538.8881 	EXP 	textbox: autoDraw = False
538.8881 	EXP 	polygon: autoDraw = True
538.9425 	DATA 	Mouse:  Left button up, pos=(1012,206)
539.8881 	INFO 	Keyboard events cleared
539.8879 	EXP 	polygon: autoDraw = False
539.8879 	EXP 	polygon_2: autoDraw = True
540.2553 	EXP 	Device response: <KeyPress from None: t=540.2469900000006, value=space, duration=None>
540.2575 	DATA 	Keypress: space
540.2715 	EXP 	polygon: autoDraw = False
540.2715 	EXP 	polygon_2: autoDraw = False
540.4384 	EXP 	Device response: <KeyPress from None: t=540.2469900000006, value=space, duration=0.1751973000000362>
540.9384 	EXP 	Sound sound_1 reached end of file
540.9547 	EXP 	Playing sound sound_1 on speaker Speakers (Realtek(R) Audio)
541.2533 	EXP 	Sound sound_1 stopped
541.2654 	EXP 	text: autoDraw = True
541.2654 	EXP 	textbox: autoDraw = True
542.3448 	DATA 	Keypress: 2
542.3558 	EXP 	Device response: <KeyPress from None: t=542.3395728000005, value=2, duration=None>
542.4411 	EXP 	Device response: <KeyPress from None: t=542.3395728000005, value=2, duration=0.09946250000029977>
543.0913 	DATA 	Mouse: Left button down, pos=(854,403)
543.0926 	EXP 	New trial (rep=7, index=2): <Trial 86 (2 in rep 7) data={'delay': 0.4, 'freq': 400, 'condition': 'unexp', 'thisN': 86, 'thisTrialN': 2, 'thisRepN': 7}>
543.1047 	EXP 	text: autoDraw = False
543.1047 	EXP 	textbox: autoDraw = False
543.1047 	EXP 	polygon: autoDraw = True
543.1732 	DATA 	Mouse:  Left button up, pos=(854,403)
544.1048 	INFO 	Keyboard events cleared
544.1046 	EXP 	polygon: autoDraw = False
544.1046 	EXP 	polygon_2: autoDraw = True
544.7056 	EXP 	Device response: <KeyPress from None: t=544.6964764000004, value=space, duration=None>
544.7079 	DATA 	Keypress: space
544.7213 	EXP 	polygon: autoDraw = False
544.7213 	EXP 	polygon_2: autoDraw = False
544.8221 	EXP 	Device response: <KeyPress from None: t=544.6964764000004, value=space, duration=0.1184979999998177>
545.1052 	EXP 	Sound sound_1 reached end of file
545.1215 	EXP 	Playing sound sound_1 on speaker Speakers (Realtek(R) Audio)
545.4172 	EXP 	Sound sound_1 stopped
545.4258 	EXP 	text: autoDraw = True
545.4258 	EXP 	textbox: autoDraw = True
546.0888 	DATA 	Keypress: 0
546.0909 	EXP 	Device response: <KeyPress from None: t=546.0841329000004, value=0, duration=None>
546.2059 	EXP 	Device response: <KeyPress from None: t=546.0841329000004, value=0, duration=0.11914129999968281>
547.0229 	DATA 	Mouse: Left button down, pos=(982,282)
547.0245 	EXP 	New trial (rep=7, index=3): <Trial 87 (3 in rep 7) data={'delay': 0.1, 'freq': 1000, 'condition': 'exp', 'thisN': 87, 'thisTrialN': 3, 'thisRepN': 7}>
547.0378 	EXP 	text: autoDraw = False
547.0378 	EXP 	textbox: autoDraw = False
547.0378 	EXP 	polygon: autoDraw = True
547.1065 	DATA 	Mouse:  Left button up, pos=(982,282)
548.0382 	INFO 	Keyboard events cleared
548.0379 	EXP 	polygon: autoDraw = False
548.0379 	EXP 	polygon_2: autoDraw = True
548.3380 	EXP 	Device response: <KeyPress from None: t=548.3335132000002, value=space, duration=None>
548.3395 	DATA 	Keypress: space
548.3545 	EXP 	polygon: autoDraw = False
548.3545 	EXP 	polygon_2: autoDraw = False
548.4216 	EXP 	Sound sound_1 reached end of file
548.4378 	EXP 	Playing sound sound_1 on speaker Speakers (Realtek(R) Audio)
548.5221 	EXP 	Device response: <KeyPress from None: t=548.3335132000002, value=space, duration=0.18138140000064595>
548.7400 	EXP 	Sound sound_1 stopped
548.7496 	EXP 	text: autoDraw = True
548.7496 	EXP 	textbox: autoDraw = True
549.6798 	DATA 	Keypress: 1
549.6885 	EXP 	Device response: <KeyPress from None: t=549.6778826, value=1, duration=None>
549.7921 	EXP 	Device response: <KeyPress from None: t=549.6778826, value=1, duration=0.10279880000052799>
551.7724 	DATA 	Mouse: Left button down, pos=(1005,208)
551.7735 	EXP 	New trial (rep=7, index=4): <Trial 88 (4 in rep 7) data={'delay': 0.1, 'freq': 400, 'condition': 'unexp', 'thisN': 88, 'thisTrialN': 4, 'thisRepN': 7}>
551.7880 	EXP 	text: autoDraw = False
551.7880 	EXP 	textbox: autoDraw = False
551.7880 	EXP 	polygon: autoDraw = True
551.8740 	DATA 	Mouse:  Left button up, pos=(1005,208)
552.7879 	INFO 	Keyboard events cleared
552.7878 	EXP 	polygon: autoDraw = False
552.7878 	EXP 	polygon_2: autoDraw = True
553.1723 	EXP 	Device response: <KeyPress from None: t=553.1616139000007, value=space, duration=None>
553.1752 	DATA 	Keypress: space
553.1878 	EXP 	polygon: autoDraw = False
553.1878 	EXP 	polygon_2: autoDraw = False
553.2716 	EXP 	Sound sound_1 reached end of file
553.2879 	EXP 	Playing sound sound_1 on speaker Speakers (Realtek(R) Audio)
553.3050 	EXP 	Device response: <KeyPress from None: t=553.1616139000007, value=space, duration=0.1317587999992611>
553.5865 	EXP 	Sound sound_1 stopped
553.5972 	EXP 	text: autoDraw = True
553.5972 	EXP 	textbox: autoDraw = True
554.3054 	DATA 	Keypress: 0
554.3084 	EXP 	Device response: <KeyPress from None: t=554.2986953, value=0, duration=None>
554.4055 	EXP 	Device response: <KeyPress from None: t=554.2986953, value=0, duration=0.09547200000088196>
554.8814 	DATA 	Mouse: Left button down, pos=(1005,208)
554.8892 	EXP 	New trial (rep=7, index=5): <Trial 89 (5 in rep 7) data={'delay': 0.1, 'freq': 1000, 'condition': 'exp', 'thisN': 89, 'thisTrialN': 5, 'thisRepN': 7}>
554.9045 	EXP 	text: autoDraw = False
554.9045 	EXP 	textbox: autoDraw = False
554.9045 	EXP 	polygon: autoDraw = True
554.9592 	DATA 	Mouse:  Left button up, pos=(1005,208)
555.8884 	INFO 	Keyboard events cleared
555.8882 	EXP 	polygon_2: autoDraw = True
555.9047 	EXP 	polygon: autoDraw = False
556.4721 	EXP 	Device response: <KeyPress from None: t=556.4714450000001, value=space, duration=None>
556.4742 	DATA 	Keypress: space
556.4878 	EXP 	polygon: autoDraw = False
556.4878 	EXP 	polygon_2: autoDraw = False
556.5386 	EXP 	Device response: <KeyPress from None: t=556.4714450000001, value=space, duration=0.06623780000063562>
556.5716 	EXP 	Sound sound_1 reached end of file
556.5879 	EXP 	Playing sound sound_1 on speaker Speakers (Realtek(R) Audio)
556.8882 	EXP 	Sound sound_1 stopped
556.8999 	EXP 	text: autoDraw = True
556.8999 	EXP 	textbox: autoDraw = True
557.7302 	DATA 	Keypress: 1
557.7387 	EXP 	Device response: <KeyPress from None: t=557.7278947000004, value=1, duration=None>
557.8555 	EXP 	Device response: <KeyPress from None: t=557.7278947000004, value=1, duration=0.11563209999985702>
558.8568 	DATA 	Mouse: Left button down, pos=(979,245)
558.8579 	EXP 	New trial (rep=7, index=6): <Trial 90 (6 in rep 7) data={'delay': 0.7, 'freq': 1000, 'condition': 'exp', 'thisN': 90, 'thisTrialN': 6, 'thisRepN': 7}>
558.8710 	EXP 	text: autoDraw = False
558.8710 	EXP 	textbox: autoDraw = False
558.8710 	EXP 	polygon: autoDraw = True
558.9585 	DATA 	Mouse:  Left button up, pos=(979,245)
559.8718 	INFO 	Keyboard events cleared
559.8715 	EXP 	polygon: autoDraw = False
559.8715 	EXP 	polygon_2: autoDraw = True
561.0221 	EXP 	Device response: <KeyPress from None: t=561.0099870000004, value=space, duration=None>
561.0250 	DATA 	Keypress: space
561.0376 	EXP 	polygon: autoDraw = False
561.0376 	EXP 	polygon_2: autoDraw = False
561.1555 	EXP 	Device response: <KeyPress from None: t=561.0099870000004, value=space, duration=0.1357477999999901>
561.7210 	EXP 	Sound sound_1 reached end of file
561.7375 	EXP 	Playing sound sound_1 on speaker Speakers (Realtek(R) Audio)
562.0374 	EXP 	Sound sound_1 stopped
562.0480 	EXP 	text: autoDraw = True
562.0480 	EXP 	textbox: autoDraw = True
563.4766 	DATA 	Keypress: 4
563.4880 	EXP 	Device response: <KeyPress from None: t=563.4717931000005, value=4, duration=None>
563.5885 	EXP 	Device response: <KeyPress from None: t=563.4717931000005, value=4, duration=0.10962229999950068>
564.5284 	DATA 	Mouse: Left button down, pos=(927,380)
564.5425 	EXP 	New trial (rep=7, index=7): <Trial 91 (7 in rep 7) data={'delay': 0.7, 'freq': 400, 'condition': 'unexp', 'thisN': 91, 'thisTrialN': 7, 'thisRepN': 7}>
564.5587 	EXP 	text: autoDraw = False
564.5587 	EXP 	textbox: autoDraw = False
564.5587 	EXP 	polygon: autoDraw = True
564.6436 	DATA 	Mouse:  Left button up, pos=(927,380)
565.5420 	INFO 	Keyboard events cleared
565.5419 	EXP 	polygon_2: autoDraw = True
565.5577 	EXP 	polygon: autoDraw = False
566.3916 	EXP 	Device response: <KeyPress from None: t=566.3840051000006, value=space, duration=None>
566.3933 	DATA 	Keypress: space
566.4088 	EXP 	polygon: autoDraw = False
566.4088 	EXP 	polygon_2: autoDraw = False
566.5249 	EXP 	Device response: <KeyPress from None: t=566.3840051000006, value=space, duration=0.12956409999969765>
567.0753 	EXP 	Sound sound_1 reached end of file
567.0918 	EXP 	Playing sound sound_1 on speaker Speakers (Realtek(R) Audio)
567.3895 	EXP 	Sound sound_1 stopped
567.3987 	EXP 	text: autoDraw = True
567.3987 	EXP 	textbox: autoDraw = True
568.0919 	DATA 	Keypress: 0
568.0931 	EXP 	Device response: <KeyPress from None: t=568.0816092000005, value=0, duration=None>
568.1937 	EXP 	Device response: <KeyPress from None: t=568.0816092000005, value=0, duration=0.10958500000015192>
569.0094 	DATA 	Mouse: Left button down, pos=(991,205)
569.0104 	EXP 	New trial (rep=7, index=8): <Trial 92 (8 in rep 7) data={'delay': 0.1, 'freq': 1000, 'condition': 'exp', 'thisN': 92, 'thisTrialN': 8, 'thisRepN': 7}>
569.0249 	EXP 	text: autoDraw = False
569.0249 	EXP 	textbox: autoDraw = False
569.0249 	EXP 	polygon: autoDraw = True
569.0828 	DATA 	Mouse:  Left button up, pos=(991,205)
570.0254 	INFO 	Keyboard events cleared
570.0253 	EXP 	polygon: autoDraw = False
570.0253 	EXP 	polygon_2: autoDraw = True
570.7589 	EXP 	Device response: <KeyPress from None: t=570.7480250000008, value=space, duration=None>
570.7601 	DATA 	Keypress: space
570.7752 	EXP 	polygon: autoDraw = False
570.7752 	EXP 	polygon_2: autoDraw = False
570.8433 	EXP 	Sound sound_1 reached end of file
570.8596 	EXP 	Playing sound sound_1 on speaker Speakers (Realtek(R) Audio)
570.9582 	EXP 	Device response: <KeyPress from None: t=570.7480250000008, value=space, duration=0.2049323999999615>
571.1585 	EXP 	Sound sound_1 stopped
571.1740 	EXP 	text: autoDraw = True
571.1740 	EXP 	textbox: autoDraw = True
572.1939 	DATA 	Keypress: 1
572.1950 	EXP 	Device response: <KeyPress from None: t=572.1871244000004, value=1, duration=None>
572.2948 	EXP 	Device response: <KeyPress from None: t=572.1871244000004, value=1, duration=0.10467489999973623>
574.2611 	DATA 	Keypress: equal
574.2632 	EXP 	Device response: <KeyPress from None: t=574.2538518000001, value=equal, duration=None>
574.4096 	EXP 	Device response: <KeyPress from None: t=574.2538518000001, value=equal, duration=0.1479882000003272>
575.0600 	DATA 	Keypress: backspace
575.0618 	EXP 	Device response: <KeyPress from None: t=575.0506809000008, value=backspace, duration=None>
575.1436 	EXP 	Device response: <KeyPress from None: t=575.0506809000008, value=backspace, duration=0.08591919999980746>
575.1923 	DATA 	Keypress: backspace
575.1933 	EXP 	Device response: <KeyPress from None: t=575.1846838000001, value=backspace, duration=None>
575.2766 	EXP 	Device response: <KeyPress from None: t=575.1846838000001, value=backspace, duration=0.08611560000008467>
575.6596 	DATA 	Keypress: 2
575.6605 	EXP 	Device response: <KeyPress from None: t=575.6501515, value=2, duration=None>
575.7431 	EXP 	Device response: <KeyPress from None: t=575.6501515, value=2, duration=0.08252540000012232>
576.3262 	DATA 	Mouse: Left button down, pos=(988,224)
576.3268 	EXP 	New trial (rep=7, index=9): <Trial 93 (9 in rep 7) data={'delay': 0.7, 'freq': 1000, 'condition': 'exp', 'thisN': 93, 'thisTrialN': 9, 'thisRepN': 7}>
576.3409 	EXP 	text: autoDraw = False
576.3409 	EXP 	textbox: autoDraw = False
576.3409 	EXP 	polygon: autoDraw = True
576.4293 	DATA 	Mouse:  Left button up, pos=(988,224)
577.3268 	INFO 	Keyboard events cleared
577.3266 	EXP 	polygon_2: autoDraw = True
577.3421 	EXP 	polygon: autoDraw = False
578.2420 	EXP 	Device response: <KeyPress from None: t=578.2273449000004, value=space, duration=None>
578.2469 	DATA 	Keypress: space
578.2503 	EXP 	polygon: autoDraw = False
578.2503 	EXP 	polygon_2: autoDraw = False
578.4973 	EXP 	Device response: <KeyPress from None: t=578.2273449000004, value=space, duration=0.0722790999998324>
578.9377 	EXP 	Sound sound_1 reached end of file
578.9540 	EXP 	Playing sound sound_1 on speaker Speakers (Realtek(R) Audio)
579.2536 	EXP 	Sound sound_1 stopped
579.2640 	EXP 	text: autoDraw = True
579.2640 	EXP 	textbox: autoDraw = True
580.5929 	DATA 	Keypress: 4
580.6051 	EXP 	Device response: <KeyPress from None: t=580.5917707000008, value=4, duration=None>
580.6889 	EXP 	Device response: <KeyPress from None: t=580.5917707000008, value=4, duration=0.08561329999974987>
581.4397 	DATA 	Mouse: Left button down, pos=(952,236)
581.4405 	EXP 	New trial (rep=7, index=10): <Trial 94 (10 in rep 7) data={'delay': 0.4, 'freq': 1000, 'condition': 'exp', 'thisN': 94, 'thisTrialN': 10, 'thisRepN': 7}>
581.4544 	EXP 	text: autoDraw = False
581.4544 	EXP 	textbox: autoDraw = False
581.4544 	EXP 	polygon: autoDraw = True
581.5254 	DATA 	Mouse:  Left button up, pos=(952,236)
582.4544 	INFO 	Keyboard events cleared
582.4543 	EXP 	polygon: autoDraw = False
582.4543 	EXP 	polygon_2: autoDraw = True
582.7887 	DATA 	Keypress: space
582.8052 	EXP 	Device response: <KeyPress from None: t=582.7883443000001, value=space, duration=None>
582.8211 	EXP 	polygon: autoDraw = False
582.8211 	EXP 	polygon_2: autoDraw = False
583.0052 	EXP 	Device response: <KeyPress from None: t=582.7883443000001, value=space, duration=0.20191040000008798>
583.2051 	EXP 	Sound sound_1 reached end of file
583.2212 	EXP 	Playing sound sound_1 on speaker Speakers (Realtek(R) Audio)
583.5163 	EXP 	Sound sound_1 stopped
583.5268 	EXP 	text: autoDraw = True
583.5268 	EXP 	textbox: autoDraw = True
584.7265 	DATA 	Keypress: 2
584.7380 	EXP 	Device response: <KeyPress from None: t=584.7242250000008, value=2, duration=None>
584.8395 	EXP 	Device response: <KeyPress from None: t=584.7242250000008, value=2, duration=0.10563699999966047>
585.5220 	DATA 	Mouse: Left button down, pos=(995,254)
585.5233 	EXP 	New trial (rep=7, index=11): <Trial 95 (11 in rep 7) data={'delay': 0.4, 'freq': 1000, 'condition': 'exp', 'thisN': 95, 'thisTrialN': 11, 'thisRepN': 7}>
585.5375 	EXP 	text: autoDraw = False
585.5375 	EXP 	textbox: autoDraw = False
585.5375 	EXP 	polygon: autoDraw = True
585.5913 	DATA 	Mouse:  Left button up, pos=(995,254)
586.5379 	INFO 	Keyboard events cleared
586.5377 	EXP 	polygon: autoDraw = False
586.5377 	EXP 	polygon_2: autoDraw = True
586.8876 	EXP 	Device response: <KeyPress from None: t=586.8801625000006, value=space, duration=None>
586.8897 	DATA 	Keypress: space
586.9040 	EXP 	polygon: autoDraw = False
586.9040 	EXP 	polygon_2: autoDraw = False
587.1208 	EXP 	Device response: <KeyPress from None: t=586.8801625000006, value=space, duration=0.23103869999977178>
587.2717 	EXP 	Sound sound_1 reached end of file
587.2880 	EXP 	Playing sound sound_1 on speaker Speakers (Realtek(R) Audio)
587.5852 	EXP 	Sound sound_1 stopped
587.5964 	EXP 	text: autoDraw = True
587.5964 	EXP 	textbox: autoDraw = True
588.5954 	DATA 	Keypress: 2
588.6048 	EXP 	Device response: <KeyPress from None: t=588.5950081000001, value=2, duration=None>
588.6742 	EXP 	Device response: <KeyPress from None: t=588.5950081000001, value=2, duration=0.07626890000028652>
589.4557 	DATA 	Mouse: Left button down, pos=(902,213)
589.4574 	EXP 	New trial (rep=8, index=0): <Trial 96 (0 in rep 8) data={'delay': 0.4, 'freq': 1000, 'condition': 'exp', 'thisN': 96, 'thisTrialN': 0, 'thisRepN': 8}>
589.4710 	EXP 	text: autoDraw = False
589.4710 	EXP 	textbox: autoDraw = False
589.4710 	EXP 	polygon: autoDraw = True
589.5427 	DATA 	Mouse:  Left button up, pos=(902,213)
590.4712 	INFO 	Keyboard events cleared
590.4710 	EXP 	polygon: autoDraw = False
590.4710 	EXP 	polygon_2: autoDraw = True
591.2383 	EXP 	Device response: <KeyPress from None: t=591.2310625, value=space, duration=None>
591.2405 	DATA 	Keypress: space
591.2542 	EXP 	polygon: autoDraw = False
591.2542 	EXP 	polygon_2: autoDraw = False
591.3379 	EXP 	Device response: <KeyPress from None: t=591.2310625, value=space, duration=0.09280360000047949>
591.6212 	EXP 	Sound sound_1 reached end of file
591.6375 	EXP 	Playing sound sound_1 on speaker Speakers (Realtek(R) Audio)
591.9337 	EXP 	Sound sound_1 stopped
591.9438 	EXP 	text: autoDraw = True
591.9438 	EXP 	textbox: autoDraw = True
592.8220 	DATA 	Keypress: 2
592.8238 	EXP 	Device response: <KeyPress from None: t=592.8212862, value=2, duration=None>
592.9225 	EXP 	Device response: <KeyPress from None: t=592.8212862, value=2, duration=0.09095180000076653>
593.8247 	DATA 	Mouse: Left button down, pos=(988,251)
593.8262 	EXP 	New trial (rep=8, index=1): <Trial 97 (1 in rep 8) data={'delay': 0.7, 'freq': 1000, 'condition': 'exp', 'thisN': 97, 'thisTrialN': 1, 'thisRepN': 8}>
593.8376 	EXP 	text: autoDraw = False
593.8376 	EXP 	textbox: autoDraw = False
593.8376 	EXP 	polygon: autoDraw = True
593.9089 	DATA 	Mouse:  Left button up, pos=(988,251)
594.8375 	INFO 	Keyboard events cleared
594.8374 	EXP 	polygon: autoDraw = False
594.8374 	EXP 	polygon_2: autoDraw = True
595.4556 	DATA 	Keypress: space
595.4717 	EXP 	Device response: <KeyPress from None: t=595.4548152000007, value=space, duration=None>
595.4876 	EXP 	polygon: autoDraw = False
595.4876 	EXP 	polygon_2: autoDraw = False
595.6052 	EXP 	Device response: <KeyPress from None: t=595.4548152000007, value=space, duration=0.1390665999997509>
596.1712 	EXP 	Sound sound_1 reached end of file
596.1876 	EXP 	Playing sound sound_1 on speaker Speakers (Realtek(R) Audio)
596.4883 	EXP 	Sound sound_1 stopped
596.5002 	EXP 	text: autoDraw = True
596.5002 	EXP 	textbox: autoDraw = True
597.5442 	DATA 	Keypress: 3
597.5552 	EXP 	Device response: <KeyPress from None: t=597.5422282, value=3, duration=None>
597.6406 	EXP 	Device response: <KeyPress from None: t=597.5422282, value=3, duration=0.0861642000008942>
599.6467 	DATA 	Mouse: Left button down, pos=(982,267)
599.6560 	EXP 	New trial (rep=8, index=2): <Trial 98 (2 in rep 8) data={'delay': 0.1, 'freq': 1000, 'condition': 'exp', 'thisN': 98, 'thisTrialN': 2, 'thisRepN': 8}>
599.6710 	EXP 	text: autoDraw = False
599.6710 	EXP 	textbox: autoDraw = False
599.6710 	EXP 	polygon: autoDraw = True
599.7745 	DATA 	Mouse:  Left button up, pos=(982,267)
600.6707 	INFO 	Keyboard events cleared
600.6705 	EXP 	polygon: autoDraw = False
600.6705 	EXP 	polygon_2: autoDraw = True
601.3560 	DATA 	Keypress: space
601.3711 	EXP 	Device response: <KeyPress from None: t=601.3552169000004, value=space, duration=None>
601.3871 	EXP 	polygon: autoDraw = False
601.3871 	EXP 	polygon_2: autoDraw = False
601.4544 	EXP 	Sound sound_1 reached end of file
601.4706 	EXP 	Playing sound sound_1 on speaker Speakers (Realtek(R) Audio)
601.4881 	EXP 	Device response: <KeyPress from None: t=601.3552169000004, value=space, duration=0.13221169999997073>
601.7654 	EXP 	Sound sound_1 stopped
601.7753 	EXP 	text: autoDraw = True
601.7753 	EXP 	textbox: autoDraw = True
602.6548 	DATA 	Keypress: 1
602.6570 	EXP 	Device response: <KeyPress from None: t=602.6519783000003, value=1, duration=None>
602.7220 	EXP 	Device response: <KeyPress from None: t=602.6519783000003, value=1, duration=0.05904079999982059>
603.6101 	DATA 	Mouse: Left button down, pos=(979,314)
603.6231 	EXP 	New trial (rep=8, index=3): <Trial 99 (3 in rep 8) data={'delay': 0.7, 'freq': 1000, 'condition': 'exp', 'thisN': 99, 'thisTrialN': 3, 'thisRepN': 8}>
603.6375 	EXP 	text: autoDraw = False
603.6375 	EXP 	textbox: autoDraw = False
603.6375 	EXP 	polygon: autoDraw = True
603.6915 	DATA 	Mouse:  Left button up, pos=(979,314)
604.6371 	INFO 	Keyboard events cleared
604.6370 	EXP 	polygon: autoDraw = False
604.6370 	EXP 	polygon_2: autoDraw = True
605.3877 	EXP 	Device response: <KeyPress from None: t=605.3766056000004, value=space, duration=None>
605.3899 	DATA 	Keypress: space
605.4039 	EXP 	polygon: autoDraw = False
605.4039 	EXP 	polygon_2: autoDraw = False
605.5212 	EXP 	Device response: <KeyPress from None: t=605.3766056000004, value=space, duration=0.13593700000001263>
606.0871 	EXP 	Sound sound_1 reached end of file
606.1035 	EXP 	Playing sound sound_1 on speaker Speakers (Realtek(R) Audio)
606.4069 	EXP 	Sound sound_1 stopped
606.4193 	EXP 	text: autoDraw = True
606.4193 	EXP 	textbox: autoDraw = True
607.2612 	DATA 	Keypress: 3
607.2709 	EXP 	Device response: <KeyPress from None: t=607.2599965000009, value=3, duration=None>
607.3551 	EXP 	Device response: <KeyPress from None: t=607.2599965000009, value=3, duration=0.08941809999942052>
608.2224 	DATA 	Mouse: Left button down, pos=(995,241)
608.2237 	EXP 	New trial (rep=8, index=4): <Trial 100 (4 in rep 8) data={'delay': 0.4, 'freq': 1000, 'condition': 'exp', 'thisN': 100, 'thisTrialN': 4, 'thisRepN': 8}>
608.2372 	EXP 	text: autoDraw = False
608.2372 	EXP 	textbox: autoDraw = False
608.2372 	EXP 	polygon: autoDraw = True
608.3264 	DATA 	Mouse:  Left button up, pos=(995,241)
609.2375 	INFO 	Keyboard events cleared
609.2374 	EXP 	polygon: autoDraw = False
609.2374 	EXP 	polygon_2: autoDraw = True
609.7212 	EXP 	Device response: <KeyPress from None: t=609.7095720000007, value=space, duration=None>
609.7238 	DATA 	Keypress: space
609.7373 	EXP 	polygon: autoDraw = False
609.7373 	EXP 	polygon_2: autoDraw = False
609.8212 	EXP 	Device response: <KeyPress from None: t=609.7095720000007, value=space, duration=0.09567599999991216>
610.1047 	EXP 	Sound sound_1 reached end of file
610.1208 	EXP 	Playing sound sound_1 on speaker Speakers (Realtek(R) Audio)
610.4198 	EXP 	Sound sound_1 stopped
610.4295 	EXP 	text: autoDraw = True
610.4295 	EXP 	textbox: autoDraw = True
611.1045 	DATA 	Keypress: 3
611.1058 	EXP 	Device response: <KeyPress from None: t=611.0969285000001, value=3, duration=None>
611.1879 	EXP 	Device response: <KeyPress from None: t=611.0969285000001, value=3, duration=0.07628990000011981>
611.7551 	DATA 	Mouse: Left button down, pos=(995,241)
611.7560 	EXP 	New trial (rep=8, index=5): <Trial 101 (5 in rep 8) data={'delay': 0.1, 'freq': 1000, 'condition': 'exp', 'thisN': 101, 'thisTrialN': 5, 'thisRepN': 8}>
611.7704 	EXP 	text: autoDraw = False
611.7704 	EXP 	textbox: autoDraw = False
611.7704 	EXP 	polygon: autoDraw = True
611.8241 	DATA 	Mouse:  Left button up, pos=(995,241)
612.7706 	INFO 	Keyboard events cleared
612.7705 	EXP 	polygon: autoDraw = False
612.7705 	EXP 	polygon_2: autoDraw = True
613.2707 	EXP 	Device response: <KeyPress from None: t=613.2604406, value=space, duration=None>
613.2722 	DATA 	Keypress: space
613.2869 	EXP 	polygon: autoDraw = False
613.2869 	EXP 	polygon_2: autoDraw = False
613.3375 	EXP 	Device response: <KeyPress from None: t=613.2604406, value=space, duration=0.0633153000007951>
613.3546 	EXP 	Sound sound_1 reached end of file
613.3707 	EXP 	Playing sound sound_1 on speaker Speakers (Realtek(R) Audio)
613.6670 	EXP 	Sound sound_1 stopped
613.6778 	EXP 	text: autoDraw = True
613.6778 	EXP 	textbox: autoDraw = True
615.5782 	DATA 	Keypress: 2
615.5877 	EXP 	Device response: <KeyPress from None: t=615.5765695, value=2, duration=None>
615.6731 	EXP 	Device response: <KeyPress from None: t=615.5765695, value=2, duration=0.09305940000012924>
616.4309 	DATA 	Mouse: Left button down, pos=(995,241)
616.4383 	EXP 	New trial (rep=8, index=6): <Trial 102 (6 in rep 8) data={'delay': 0.7, 'freq': 400, 'condition': 'unexp', 'thisN': 102, 'thisTrialN': 6, 'thisRepN': 8}>
616.4539 	EXP 	text: autoDraw = False
616.4539 	EXP 	textbox: autoDraw = False
616.4539 	EXP 	polygon: autoDraw = True
616.5407 	DATA 	Mouse:  Left button up, pos=(995,241)
617.4541 	INFO 	Keyboard events cleared
617.4539 	EXP 	polygon: autoDraw = False
617.4539 	EXP 	polygon_2: autoDraw = True
617.9212 	EXP 	Device response: <KeyPress from None: t=617.9057762000002, value=space, duration=None>
617.9238 	DATA 	Keypress: space
617.9372 	EXP 	polygon: autoDraw = False
617.9372 	EXP 	polygon_2: autoDraw = False
618.0551 	EXP 	Device response: <KeyPress from None: t=617.9057762000002, value=space, duration=0.13216470000043046>
618.6047 	EXP 	Sound sound_1 reached end of file
618.6207 	EXP 	Playing sound sound_1 on speaker Speakers (Realtek(R) Audio)
618.9178 	EXP 	Sound sound_1 stopped
618.9308 	EXP 	text: autoDraw = True
618.9308 	EXP 	textbox: autoDraw = True
619.6884 	DATA 	Keypress: 0
619.6918 	EXP 	Device response: <KeyPress from None: t=619.6814775000003, value=0, duration=None>
619.8044 	EXP 	Device response: <KeyPress from None: t=619.6814775000003, value=0, duration=0.1092263999998977>
620.1418 	DATA 	Mouse: Left button down, pos=(995,241)
620.1558 	EXP 	New trial (rep=8, index=7): <Trial 103 (7 in rep 8) data={'delay': 0.7, 'freq': 1000, 'condition': 'exp', 'thisN': 103, 'thisTrialN': 7, 'thisRepN': 8}>
620.1706 	EXP 	text: autoDraw = False
620.1706 	EXP 	textbox: autoDraw = False
620.1706 	EXP 	polygon: autoDraw = True
620.2408 	DATA 	Mouse:  Left button up, pos=(995,241)
620.8707 	EXP 	Device response: <KeyPress from None: t=620.8650196000008, value=space, duration=None>
620.8716 	DATA 	Keypress: space
620.9715 	EXP 	Device response: <KeyPress from None: t=620.8650196000008, value=space, duration=0.08950439999989612>
621.1708 	INFO 	Keyboard events cleared
621.1706 	EXP 	polygon: autoDraw = False
621.1706 	EXP 	polygon_2: autoDraw = True
621.4377 	EXP 	Device response: <KeyPress from None: t=621.4260635, value=space, duration=None>
621.4398 	DATA 	Keypress: space
621.4537 	EXP 	polygon: autoDraw = False
621.4537 	EXP 	polygon_2: autoDraw = False
621.5373 	EXP 	Device response: <KeyPress from None: t=621.4260635, value=space, duration=0.10634610000033717>
622.1209 	EXP 	Sound sound_1 reached end of file
622.1372 	EXP 	Playing sound sound_1 on speaker Speakers (Realtek(R) Audio)
622.4390 	EXP 	Sound sound_1 stopped
622.4495 	EXP 	text: autoDraw = True
622.4495 	EXP 	textbox: autoDraw = True
623.3548 	DATA 	Keypress: 3
623.3562 	EXP 	Device response: <KeyPress from None: t=623.3485007000008, value=3, duration=None>
623.4572 	EXP 	Device response: <KeyPress from None: t=623.3485007000008, value=3, duration=0.10612899999978254>
624.2559 	DATA 	Mouse: Left button down, pos=(934,306)
624.2574 	EXP 	New trial (rep=8, index=8): <Trial 104 (8 in rep 8) data={'delay': 0.4, 'freq': 1000, 'condition': 'exp', 'thisN': 104, 'thisTrialN': 8, 'thisRepN': 8}>
624.2705 	EXP 	text: autoDraw = False
624.2705 	EXP 	textbox: autoDraw = False
624.2705 	EXP 	polygon: autoDraw = True
624.3418 	DATA 	Mouse:  Left button up, pos=(934,306)
625.2705 	INFO 	Keyboard events cleared
625.2704 	EXP 	polygon: autoDraw = False
625.2704 	EXP 	polygon_2: autoDraw = True
625.6541 	EXP 	Device response: <KeyPress from None: t=625.6469358000004, value=space, duration=None>
625.6560 	DATA 	Keypress: space
625.6701 	EXP 	polygon: autoDraw = False
625.6701 	EXP 	polygon_2: autoDraw = False
625.7707 	EXP 	Device response: <KeyPress from None: t=625.6469358000004, value=space, duration=0.11277100000006612>
626.0376 	EXP 	Sound sound_1 reached end of file
626.0536 	EXP 	Playing sound sound_1 on speaker Speakers (Realtek(R) Audio)
626.3487 	EXP 	Sound sound_1 stopped
626.3606 	EXP 	text: autoDraw = True
626.3606 	EXP 	textbox: autoDraw = True
627.6443 	DATA 	Keypress: 1
627.6544 	EXP 	Device response: <KeyPress from None: t=627.6383502000008, value=1, duration=None>
627.7065 	EXP 	Device response: <KeyPress from None: t=627.6383502000008, value=1, duration=0.06649169999946025>
629.0804 	DATA 	Mouse: Left button down, pos=(911,282)
629.0883 	EXP 	New trial (rep=8, index=9): <Trial 105 (9 in rep 8) data={'delay': 0.1, 'freq': 400, 'condition': 'unexp', 'thisN': 105, 'thisTrialN': 9, 'thisRepN': 8}>
629.1044 	EXP 	text: autoDraw = False
629.1044 	EXP 	textbox: autoDraw = False
629.1044 	EXP 	polygon: autoDraw = True
629.1909 	DATA 	Mouse:  Left button up, pos=(911,282)
630.0871 	INFO 	Keyboard events cleared
630.0870 	EXP 	polygon_2: autoDraw = True
630.1042 	EXP 	polygon: autoDraw = False
630.5383 	EXP 	Device response: <KeyPress from None: t=630.5373204000007, value=space, duration=None>
630.5413 	DATA 	Keypress: space
630.5536 	EXP 	polygon: autoDraw = False
630.5536 	EXP 	polygon_2: autoDraw = False
630.6375 	EXP 	Sound sound_1 reached end of file
630.6536 	EXP 	Playing sound sound_1 on speaker Speakers (Realtek(R) Audio)
630.6879 	EXP 	Device response: <KeyPress from None: t=630.5373204000007, value=space, duration=0.134422999999515>
630.9567 	EXP 	Sound sound_1 stopped
630.9669 	EXP 	text: autoDraw = True
630.9669 	EXP 	textbox: autoDraw = True
631.6206 	DATA 	Keypress: 0
631.6219 	EXP 	Device response: <KeyPress from None: t=631.6170744000001, value=0, duration=None>
631.7567 	EXP 	Device response: <KeyPress from None: t=631.6170744000001, value=0, duration=0.12890790000074048>
632.5960 	DATA 	Mouse: Left button down, pos=(959,286)
632.6049 	EXP 	New trial (rep=8, index=10): <Trial 106 (10 in rep 8) data={'delay': 0.4, 'freq': 400, 'condition': 'unexp', 'thisN': 106, 'thisTrialN': 10, 'thisRepN': 8}>
632.6203 	EXP 	text: autoDraw = False
632.6203 	EXP 	textbox: autoDraw = False
632.6203 	EXP 	polygon: autoDraw = True
632.6731 	DATA 	Mouse:  Left button up, pos=(959,286)
633.6201 	INFO 	Keyboard events cleared
633.6200 	EXP 	polygon: autoDraw = False
633.6200 	EXP 	polygon_2: autoDraw = True
634.1049 	EXP 	Device response: <KeyPress from None: t=634.0898943000002, value=space, duration=None>
634.1072 	DATA 	Keypress: space
634.1204 	EXP 	polygon: autoDraw = False
634.1204 	EXP 	polygon_2: autoDraw = False
634.2546 	EXP 	Device response: <KeyPress from None: t=634.0898943000002, value=space, duration=0.15528970000013942>
634.5041 	EXP 	Sound sound_1 reached end of file
634.5203 	EXP 	Playing sound sound_1 on speaker Speakers (Realtek(R) Audio)
634.8175 	EXP 	Sound sound_1 stopped
634.8272 	EXP 	text: autoDraw = True
634.8272 	EXP 	textbox: autoDraw = True
635.6043 	DATA 	Keypress: 0
635.6058 	EXP 	Device response: <KeyPress from None: t=635.6003889000003, value=0, duration=None>
635.7207 	EXP 	Device response: <KeyPress from None: t=635.6003889000003, value=0, duration=0.10588199999983772>
636.1719 	DATA 	Mouse: Left button down, pos=(959,286)
636.1731 	EXP 	New trial (rep=8, index=11): <Trial 107 (11 in rep 8) data={'delay': 0.1, 'freq': 1000, 'condition': 'exp', 'thisN': 107, 'thisTrialN': 11, 'thisRepN': 8}>
636.1871 	EXP 	text: autoDraw = False
636.1871 	EXP 	textbox: autoDraw = False
636.1871 	EXP 	polygon: autoDraw = True
636.2390 	DATA 	Mouse:  Left button up, pos=(959,286)
637.1869 	INFO 	Keyboard events cleared
637.1867 	EXP 	polygon: autoDraw = False
637.1867 	EXP 	polygon_2: autoDraw = True
638.0211 	EXP 	Device response: <KeyPress from None: t=638.0201157000001, value=space, duration=None>
638.0232 	DATA 	Keypress: space
638.0369 	EXP 	polygon: autoDraw = False
638.0369 	EXP 	polygon_2: autoDraw = False
638.1204 	EXP 	Sound sound_1 reached end of file
638.1368 	EXP 	Playing sound sound_1 on speaker Speakers (Realtek(R) Audio)
638.1873 	EXP 	Device response: <KeyPress from None: t=638.0201157000001, value=space, duration=0.1589075000001685>
638.4363 	EXP 	Sound sound_1 stopped
638.4455 	EXP 	text: autoDraw = True
638.4455 	EXP 	textbox: autoDraw = True
639.4436 	DATA 	Keypress: 1
639.4545 	EXP 	Device response: <KeyPress from None: t=639.4394453000004, value=1, duration=None>
639.5381 	EXP 	Device response: <KeyPress from None: t=639.4394453000004, value=1, duration=0.09607599999981176>
640.2217 	DATA 	Mouse: Left button down, pos=(959,286)
640.2241 	EXP 	New trial (rep=9, index=0): <Trial 108 (0 in rep 9) data={'delay': 0.7, 'freq': 1000, 'condition': 'exp', 'thisN': 108, 'thisTrialN': 0, 'thisRepN': 9}>
640.2377 	EXP 	text: autoDraw = False
640.2377 	EXP 	textbox: autoDraw = False
640.2377 	EXP 	polygon: autoDraw = True
640.2917 	DATA 	Mouse:  Left button up, pos=(959,286)
641.2369 	INFO 	Keyboard events cleared
641.2368 	EXP 	polygon: autoDraw = False
641.2368 	EXP 	polygon_2: autoDraw = True
641.7873 	EXP 	Device response: <KeyPress from None: t=641.7799152000007, value=space, duration=None>
641.7890 	DATA 	Keypress: space
641.8032 	EXP 	polygon: autoDraw = False
641.8032 	EXP 	polygon_2: autoDraw = False
641.9039 	EXP 	Device response: <KeyPress from None: t=641.7799152000007, value=space, duration=0.11853989999963233>
642.4703 	EXP 	Sound sound_1 reached end of file
642.4867 	EXP 	Playing sound sound_1 on speaker Speakers (Realtek(R) Audio)
642.7839 	EXP 	Sound sound_1 stopped
642.7926 	EXP 	text: autoDraw = True
642.7926 	EXP 	textbox: autoDraw = True
643.5437 	DATA 	Keypress: 4
643.5542 	EXP 	Device response: <KeyPress from None: t=643.5378727000007, value=4, duration=None>
643.6378 	EXP 	Device response: <KeyPress from None: t=643.5378727000007, value=4, duration=0.08281319999969128>
644.3753 	DATA 	Mouse: Left button down, pos=(944,263)
644.3884 	EXP 	New trial (rep=9, index=1): <Trial 109 (1 in rep 9) data={'delay': 0.7, 'freq': 1000, 'condition': 'exp', 'thisN': 109, 'thisTrialN': 1, 'thisRepN': 9}>
644.4035 	EXP 	text: autoDraw = False
644.4035 	EXP 	textbox: autoDraw = False
644.4035 	EXP 	polygon: autoDraw = True
644.4727 	DATA 	Mouse:  Left button up, pos=(944,263)
645.4041 	INFO 	Keyboard events cleared
645.4039 	EXP 	polygon: autoDraw = False
645.4039 	EXP 	polygon_2: autoDraw = True
645.7040 	EXP 	Device response: <KeyPress from None: t=645.6915103000001, value=space, duration=None>
645.7057 	DATA 	Keypress: space
645.7199 	EXP 	polygon: autoDraw = False
645.7199 	EXP 	polygon_2: autoDraw = False
645.8537 	EXP 	Device response: <KeyPress from None: t=645.6915103000001, value=space, duration=0.1522664000003715>
646.3871 	EXP 	Sound sound_1 reached end of file
646.4033 	EXP 	Playing sound sound_1 on speaker Speakers (Realtek(R) Audio)
646.7041 	EXP 	Sound sound_1 stopped
646.7158 	EXP 	text: autoDraw = True
646.7158 	EXP 	textbox: autoDraw = True
647.7712 	DATA 	Keypress: 3
647.7727 	EXP 	Device response: <KeyPress from None: t=647.7665862000003, value=3, duration=None>
647.8890 	EXP 	Device response: <KeyPress from None: t=647.7665862000003, value=3, duration=0.11582100000032369>
649.4719 	DATA 	Mouse: Left button down, pos=(956,149)
649.4731 	EXP 	New trial (rep=9, index=2): <Trial 110 (2 in rep 9) data={'delay': 0.1, 'freq': 400, 'condition': 'unexp', 'thisN': 110, 'thisTrialN': 2, 'thisRepN': 9}>
649.4867 	EXP 	text: autoDraw = False
649.4867 	EXP 	textbox: autoDraw = False
649.4867 	EXP 	polygon: autoDraw = True
649.5737 	DATA 	Mouse:  Left button up, pos=(956,149)
650.4541 	EXP 	Device response: <KeyPress from None: t=650.4389827000005, value=space, duration=None>
650.4554 	DATA 	Keypress: space
650.4870 	INFO 	Keyboard events cleared
650.4869 	EXP 	polygon: autoDraw = False
650.4869 	EXP 	polygon_2: autoDraw = True
650.5710 	EXP 	Device response: <KeyPress from None: t=650.4389827000005, value=space, duration=0.11594140000033804>
651.1383 	EXP 	Device response: <KeyPress from None: t=651.1248137000002, value=space, duration=None>
651.1401 	DATA 	Keypress: space
651.1534 	EXP 	polygon: autoDraw = False
651.1534 	EXP 	polygon_2: autoDraw = False
651.2370 	EXP 	Sound sound_1 reached end of file
651.2531 	EXP 	Playing sound sound_1 on speaker Speakers (Realtek(R) Audio)
651.2373 	EXP 	Device response: <KeyPress from None: t=651.1248137000002, value=space, duration=0.09913120000055642>
651.5564 	EXP 	Sound sound_1 stopped
651.5660 	EXP 	text: autoDraw = True
651.5660 	EXP 	textbox: autoDraw = True
652.5704 	DATA 	Keypress: 0
652.5720 	EXP 	Device response: <KeyPress from None: t=652.5661767000001, value=0, duration=None>
652.6881 	EXP 	Device response: <KeyPress from None: t=652.5661767000001, value=0, duration=0.1196447000002081>
653.8586 	DATA 	Mouse: Left button down, pos=(893,328)
653.8720 	EXP 	New trial (rep=9, index=3): <Trial 111 (3 in rep 9) data={'delay': 0.4, 'freq': 1000, 'condition': 'exp', 'thisN': 111, 'thisTrialN': 3, 'thisRepN': 9}>
653.8867 	EXP 	text: autoDraw = False
653.8867 	EXP 	textbox: autoDraw = False
653.8867 	EXP 	polygon: autoDraw = True
653.9392 	DATA 	Mouse:  Left button up, pos=(893,328)
654.8867 	INFO 	Keyboard events cleared
654.8865 	EXP 	polygon: autoDraw = False
654.8865 	EXP 	polygon_2: autoDraw = True
655.5542 	EXP 	Device response: <KeyPress from None: t=655.5434566000004, value=space, duration=None>
655.5563 	DATA 	Keypress: space
655.5697 	EXP 	polygon: autoDraw = False
655.5697 	EXP 	polygon_2: autoDraw = False
655.6703 	EXP 	Device response: <KeyPress from None: t=655.5434566000004, value=space, duration=0.11155469999994239>
655.9536 	EXP 	Sound sound_1 reached end of file
655.9698 	EXP 	Playing sound sound_1 on speaker Speakers (Realtek(R) Audio)
656.2672 	EXP 	Sound sound_1 stopped
656.2773 	EXP 	text: autoDraw = True
656.2773 	EXP 	textbox: autoDraw = True
657.2760 	DATA 	Keypress: 3
657.2873 	EXP 	Device response: <KeyPress from None: t=657.2717618000006, value=3, duration=None>
657.4066 	EXP 	Device response: <KeyPress from None: t=657.2717618000006, value=3, duration=0.13301460000002407>
658.1548 	DATA 	Mouse: Left button down, pos=(1015,215)
658.1560 	EXP 	New trial (rep=9, index=4): <Trial 112 (4 in rep 9) data={'delay': 0.1, 'freq': 1000, 'condition': 'exp', 'thisN': 112, 'thisTrialN': 4, 'thisRepN': 9}>
658.1704 	EXP 	text: autoDraw = False
658.1704 	EXP 	textbox: autoDraw = False
658.1704 	EXP 	polygon: autoDraw = True
658.2578 	DATA 	Mouse:  Left button up, pos=(1015,215)
659.1703 	INFO 	Keyboard events cleared
659.1701 	EXP 	polygon: autoDraw = False
659.1701 	EXP 	polygon_2: autoDraw = True
659.4203 	EXP 	Device response: <KeyPress from None: t=659.4060789000005, value=space, duration=None>
659.4226 	DATA 	Keypress: space
659.4364 	EXP 	polygon: autoDraw = False
659.4364 	EXP 	polygon_2: autoDraw = False
659.5038 	EXP 	Sound sound_1 reached end of file
659.5197 	EXP 	Playing sound sound_1 on speaker Speakers (Realtek(R) Audio)
659.5738 	EXP 	Device response: <KeyPress from None: t=659.4060789000005, value=space, duration=0.15223150000019814>
659.8174 	EXP 	Sound sound_1 stopped
659.8266 	EXP 	text: autoDraw = True
659.8266 	EXP 	textbox: autoDraw = True
661.0208 	DATA 	Keypress: 1
661.0231 	EXP 	Device response: <KeyPress from None: t=661.0199919000006, value=1, duration=None>
661.1545 	EXP 	Device response: <KeyPress from None: t=661.0199919000006, value=1, duration=0.11883969999962574>
661.7265 	DATA 	Mouse: Left button down, pos=(1015,215)
661.7378 	EXP 	New trial (rep=9, index=5): <Trial 113 (5 in rep 9) data={'delay': 0.1, 'freq': 1000, 'condition': 'exp', 'thisN': 113, 'thisTrialN': 5, 'thisRepN': 9}>
661.7529 	EXP 	text: autoDraw = False
661.7529 	EXP 	textbox: autoDraw = False
661.7529 	EXP 	polygon: autoDraw = True
661.8228 	DATA 	Mouse:  Left button up, pos=(1015,215)
662.7534 	INFO 	Keyboard events cleared
662.7532 	EXP 	polygon: autoDraw = False
662.7532 	EXP 	polygon_2: autoDraw = True
663.0373 	EXP 	Device response: <KeyPress from None: t=663.0352403000006, value=space, duration=None>
663.0397 	DATA 	Keypress: space
663.0533 	EXP 	polygon: autoDraw = False
663.0533 	EXP 	polygon_2: autoDraw = False
663.1371 	EXP 	Sound sound_1 reached end of file
663.1533 	EXP 	Playing sound sound_1 on speaker Speakers (Realtek(R) Audio)
663.1703 	EXP 	Device response: <KeyPress from None: t=663.0352403000006, value=space, duration=0.1324133999996775>
663.4470 	EXP 	Sound sound_1 stopped
663.4609 	EXP 	text: autoDraw = True
663.4609 	EXP 	textbox: autoDraw = True
664.4700 	DATA 	Keypress: 2
664.4707 	EXP 	Device response: <KeyPress from None: t=664.4682031000002, value=2, duration=None>
664.5710 	EXP 	Device response: <KeyPress from None: t=664.4682031000002, value=2, duration=0.09894919999987906>
665.4752 	DATA 	Mouse: Left button down, pos=(1089,133)
665.4872 	EXP 	New trial (rep=9, index=6): <Trial 114 (6 in rep 9) data={'delay': 0.7, 'freq': 1000, 'condition': 'exp', 'thisN': 114, 'thisTrialN': 6, 'thisRepN': 9}>
665.5028 	EXP 	text: autoDraw = False
665.5028 	EXP 	textbox: autoDraw = False
665.5028 	EXP 	polygon: autoDraw = True
665.5556 	DATA 	Mouse:  Left button up, pos=(1089,133)
666.5029 	INFO 	Keyboard events cleared
666.5028 	EXP 	polygon: autoDraw = False
666.5028 	EXP 	polygon_2: autoDraw = True
666.8697 	EXP 	Device response: <KeyPress from None: t=666.8672199000002, value=space, duration=None>
666.8713 	DATA 	Keypress: space
666.8862 	EXP 	polygon: autoDraw = False
666.8862 	EXP 	polygon_2: autoDraw = False
667.0029 	EXP 	Device response: <KeyPress from None: t=666.8672199000002, value=space, duration=0.1288683000002493>
667.5530 	EXP 	Sound sound_1 reached end of file
667.5693 	EXP 	Playing sound sound_1 on speaker Speakers (Realtek(R) Audio)
667.8649 	EXP 	Sound sound_1 stopped
667.8730 	EXP 	text: autoDraw = True
667.8730 	EXP 	textbox: autoDraw = True
668.9364 	DATA 	Keypress: 4
668.9373 	EXP 	Device response: <KeyPress from None: t=668.9274622000003, value=4, duration=None>
669.0206 	EXP 	Device response: <KeyPress from None: t=668.9274622000003, value=4, duration=0.08601060000000871>
669.8573 	DATA 	Mouse: Left button down, pos=(948,228)
669.8706 	EXP 	New trial (rep=9, index=7): <Trial 115 (7 in rep 9) data={'delay': 0.4, 'freq': 400, 'condition': 'unexp', 'thisN': 115, 'thisTrialN': 7, 'thisRepN': 9}>
669.8860 	EXP 	text: autoDraw = False
669.8860 	EXP 	textbox: autoDraw = False
669.8860 	EXP 	polygon: autoDraw = True
669.9538 	DATA 	Mouse:  Left button up, pos=(948,228)
670.8861 	INFO 	Keyboard events cleared
670.8860 	EXP 	polygon: autoDraw = False
670.8860 	EXP 	polygon_2: autoDraw = True
671.3366 	EXP 	Device response: <KeyPress from None: t=671.3256892000009, value=space, duration=None>
671.3381 	DATA 	Keypress: space
671.3529 	EXP 	polygon: autoDraw = False
671.3529 	EXP 	polygon_2: autoDraw = False
671.5030 	EXP 	Device response: <KeyPress from None: t=671.3256892000009, value=space, duration=0.17183549999936076>
671.7197 	EXP 	Sound sound_1 reached end of file
671.7361 	EXP 	Playing sound sound_1 on speaker Speakers (Realtek(R) Audio)
672.0364 	EXP 	Sound sound_1 stopped
672.0425 	EXP 	text: autoDraw = True
672.0425 	EXP 	textbox: autoDraw = True
672.9864 	DATA 	Keypress: 0
672.9872 	EXP 	Device response: <KeyPress from None: t=672.9769715000002, value=0, duration=None>
673.0872 	EXP 	Device response: <KeyPress from None: t=672.9769715000002, value=0, duration=0.1025245000000723>
673.8530 	DATA 	Keypress: space
673.8541 	EXP 	Device response: <KeyPress from None: t=673.8500975000006, value=space, duration=None>
673.9716 	EXP 	Device response: <KeyPress from None: t=673.8500975000006, value=space, duration=0.11604859999988548>
674.5875 	DATA 	Mouse: Left button down, pos=(967,218)
674.5883 	EXP 	New trial (rep=9, index=8): <Trial 116 (8 in rep 9) data={'delay': 0.4, 'freq': 1000, 'condition': 'exp', 'thisN': 116, 'thisTrialN': 8, 'thisRepN': 9}>
674.6030 	EXP 	text: autoDraw = False
674.6030 	EXP 	textbox: autoDraw = False
674.6030 	EXP 	polygon: autoDraw = True
674.6567 	DATA 	Mouse:  Left button up, pos=(967,218)
675.6027 	INFO 	Keyboard events cleared
675.6026 	EXP 	polygon: autoDraw = False
675.6026 	EXP 	polygon_2: autoDraw = True
675.9695 	EXP 	Device response: <KeyPress from None: t=675.9590948000005, value=space, duration=None>
675.9705 	DATA 	Keypress: space
675.9857 	EXP 	polygon: autoDraw = False
675.9857 	EXP 	polygon_2: autoDraw = False
676.0861 	EXP 	Device response: <KeyPress from None: t=675.9590948000005, value=space, duration=0.12539339999966614>
676.3539 	EXP 	Sound sound_1 reached end of file
676.3702 	EXP 	Playing sound sound_1 on speaker Speakers (Realtek(R) Audio)
676.6696 	EXP 	Sound sound_1 stopped
676.6861 	EXP 	text: autoDraw = True
676.6861 	EXP 	textbox: autoDraw = True
678.8869 	DATA 	Keypress: 2
678.8891 	EXP 	Device response: <KeyPress from None: t=678.8807130000005, value=2, duration=None>
678.9703 	EXP 	Device response: <KeyPress from None: t=678.8807130000005, value=2, duration=0.07606169999962731>
679.7701 	DATA 	Mouse: Left button down, pos=(956,329)
679.7710 	EXP 	New trial (rep=9, index=9): <Trial 117 (9 in rep 9) data={'delay': 0.4, 'freq': 1000, 'condition': 'exp', 'thisN': 117, 'thisTrialN': 9, 'thisRepN': 9}>
679.7863 	EXP 	text: autoDraw = False
679.7863 	EXP 	textbox: autoDraw = False
679.7863 	EXP 	polygon: autoDraw = True
679.8407 	DATA 	Mouse:  Left button up, pos=(956,329)
680.7863 	INFO 	Keyboard events cleared
680.7861 	EXP 	polygon: autoDraw = False
680.7861 	EXP 	polygon_2: autoDraw = True
681.1200 	EXP 	Device response: <KeyPress from None: t=681.1197429000003, value=space, duration=None>
681.1219 	DATA 	Keypress: space
681.1361 	EXP 	polygon: autoDraw = False
681.1361 	EXP 	polygon_2: autoDraw = False
681.2368 	EXP 	Device response: <KeyPress from None: t=681.1197429000003, value=space, duration=0.10195660000044882>
681.5035 	EXP 	Sound sound_1 reached end of file
681.5196 	EXP 	Playing sound sound_1 on speaker Speakers (Realtek(R) Audio)
681.8139 	EXP 	Sound sound_1 stopped
681.8226 	EXP 	text: autoDraw = True
681.8226 	EXP 	textbox: autoDraw = True
682.5533 	DATA 	Keypress: 1
682.5550 	EXP 	Device response: <KeyPress from None: t=682.5515781000004, value=1, duration=None>
682.6717 	EXP 	Device response: <KeyPress from None: t=682.5515781000004, value=1, duration=0.11189050000029965>
683.5925 	DATA 	Mouse: Left button down, pos=(978,178)
683.6034 	EXP 	New trial (rep=9, index=10): <Trial 118 (10 in rep 9) data={'delay': 0.1, 'freq': 1000, 'condition': 'exp', 'thisN': 118, 'thisTrialN': 10, 'thisRepN': 9}>
683.6189 	EXP 	text: autoDraw = False
683.6189 	EXP 	textbox: autoDraw = False
683.6189 	EXP 	polygon: autoDraw = True
683.6901 	DATA 	Mouse:  Left button up, pos=(978,178)
684.6030 	INFO 	Keyboard events cleared
684.6028 	EXP 	polygon_2: autoDraw = True
684.6192 	EXP 	polygon: autoDraw = False
685.0874 	EXP 	Device response: <KeyPress from None: t=685.0868286000004, value=space, duration=None>
685.0884 	DATA 	Keypress: space
685.1196 	EXP 	polygon: autoDraw = False
685.1196 	EXP 	polygon_2: autoDraw = False
685.2044 	EXP 	Sound sound_1 reached end of file
685.2197 	EXP 	Playing sound sound_1 on speaker Speakers (Realtek(R) Audio)
685.2700 	EXP 	Device response: <KeyPress from None: t=685.0868286000004, value=space, duration=0.1813841000002867>
685.5152 	EXP 	Sound sound_1 stopped
685.5262 	EXP 	text: autoDraw = True
685.5262 	EXP 	textbox: autoDraw = True
686.2760 	DATA 	Keypress: 1
686.2866 	EXP 	Device response: <KeyPress from None: t=686.2734506000006, value=1, duration=None>
686.3866 	EXP 	Device response: <KeyPress from None: t=686.2734506000006, value=1, duration=0.10198820000005071>
686.8543 	DATA 	Mouse: Left button down, pos=(978,178)
686.8551 	EXP 	New trial (rep=9, index=11): <Trial 119 (11 in rep 9) data={'delay': 0.7, 'freq': 400, 'condition': 'unexp', 'thisN': 119, 'thisTrialN': 11, 'thisRepN': 9}>
686.8697 	EXP 	text: autoDraw = False
686.8697 	EXP 	textbox: autoDraw = False
686.8697 	EXP 	polygon: autoDraw = True
686.9398 	DATA 	Mouse:  Left button up, pos=(978,178)
687.8694 	INFO 	Keyboard events cleared
687.8692 	EXP 	polygon: autoDraw = False
687.8692 	EXP 	polygon_2: autoDraw = True
688.2369 	EXP 	Device response: <KeyPress from None: t=688.2291487000002, value=space, duration=None>
688.2389 	DATA 	Keypress: space
688.2530 	EXP 	polygon: autoDraw = False
688.2530 	EXP 	polygon_2: autoDraw = False
688.3536 	EXP 	Device response: <KeyPress from None: t=688.2291487000002, value=space, duration=0.11187100000006467>
688.9201 	EXP 	Sound sound_1 reached end of file
688.9363 	EXP 	Playing sound sound_1 on speaker Speakers (Realtek(R) Audio)
689.2371 	EXP 	Sound sound_1 stopped
689.2465 	EXP 	text: autoDraw = True
689.2465 	EXP 	textbox: autoDraw = True
689.9918 	DATA 	Keypress: 0
690.0040 	EXP 	Device response: <KeyPress from None: t=689.9892408000005, value=0, duration=None>
690.1870 	EXP 	Device response: <KeyPress from None: t=689.9892408000005, value=0, duration=0.18508070000007137>
690.4434 	DATA 	Keypress: space
690.4539 	EXP 	Device response: <KeyPress from None: t=690.4396720000004, value=space, duration=None>
690.5886 	EXP 	Device response: <KeyPress from None: t=690.4396720000004, value=space, duration=0.13837340000009135>
691.0705 	DATA 	Keypress: backspace
691.0723 	EXP 	Device response: <KeyPress from None: t=691.0673538000001, value=backspace, duration=None>
691.1731 	EXP 	Device response: <KeyPress from None: t=691.0673538000001, value=backspace, duration=0.10270540000055917>
691.8757 	DATA 	Mouse: Left button down, pos=(933,84)
691.8874 	EXP 	New trial (rep=10, index=0): <Trial 120 (0 in rep 10) data={'delay': 0.4, 'freq': 1000, 'condition': 'exp', 'thisN': 120, 'thisTrialN': 0, 'thisRepN': 10}>
691.9029 	EXP 	text: autoDraw = False
691.9029 	EXP 	textbox: autoDraw = False
691.9029 	EXP 	polygon: autoDraw = True
691.9904 	DATA 	Mouse:  Left button up, pos=(933,84)
692.8864 	INFO 	Keyboard events cleared
692.8863 	EXP 	polygon_2: autoDraw = True
692.9029 	EXP 	polygon: autoDraw = False
693.1366 	EXP 	Device response: <KeyPress from None: t=693.1299828000001, value=space, duration=None>
693.1386 	DATA 	Keypress: space
693.1530 	EXP 	polygon: autoDraw = False
693.1530 	EXP 	polygon_2: autoDraw = False
693.2037 	EXP 	Device response: <KeyPress from None: t=693.1299828000001, value=space, duration=0.07283680000000459>
693.5206 	EXP 	Sound sound_1 reached end of file
693.5364 	EXP 	Playing sound sound_1 on speaker Speakers (Realtek(R) Audio)
693.8348 	EXP 	Sound sound_1 stopped
693.8455 	EXP 	text: autoDraw = True
693.8455 	EXP 	textbox: autoDraw = True
694.5702 	DATA 	Keypress: 3
694.5723 	EXP 	Device response: <KeyPress from None: t=694.5663113, value=3, duration=None>
694.6885 	EXP 	Device response: <KeyPress from None: t=694.5663113, value=3, duration=0.11595340000076249>
695.3871 	DATA 	Mouse: Left button down, pos=(943,292)
695.3892 	EXP 	New trial (rep=10, index=1): <Trial 121 (1 in rep 10) data={'delay': 0.7, 'freq': 1000, 'condition': 'exp', 'thisN': 121, 'thisTrialN': 1, 'thisRepN': 10}>
695.4032 	EXP 	text: autoDraw = False
695.4032 	EXP 	textbox: autoDraw = False
695.4032 	EXP 	polygon: autoDraw = True
695.4727 	DATA 	Mouse:  Left button up, pos=(943,292)
696.4029 	INFO 	Keyboard events cleared
696.4026 	EXP 	polygon: autoDraw = False
696.4026 	EXP 	polygon_2: autoDraw = True
696.8199 	EXP 	Device response: <KeyPress from None: t=696.8153389000008, value=space, duration=None>
696.8218 	DATA 	Keypress: space
696.8358 	EXP 	polygon: autoDraw = False
696.8358 	EXP 	polygon_2: autoDraw = False
696.9362 	EXP 	Device response: <KeyPress from None: t=696.8153389000008, value=space, duration=0.112928099999408>
697.5031 	EXP 	Sound sound_1 reached end of file
697.5191 	EXP 	Playing sound sound_1 on speaker Speakers (Realtek(R) Audio)
697.8135 	EXP 	Sound sound_1 stopped
697.8235 	EXP 	text: autoDraw = True
697.8235 	EXP 	textbox: autoDraw = True
698.8705 	DATA 	Keypress: 2
698.8731 	EXP 	Device response: <KeyPress from None: t=698.8687683000007, value=2, duration=None>
698.9883 	EXP 	Device response: <KeyPress from None: t=698.8687683000007, value=2, duration=0.11239289999957691>
699.7371 	DATA 	Keypress: backspace
699.7381 	EXP 	Device response: <KeyPress from None: t=699.7267859000003, value=backspace, duration=None>
699.8883 	EXP 	Device response: <KeyPress from None: t=699.7267859000003, value=backspace, duration=0.15587409999989177>
700.1037 	DATA 	Keypress: 3
700.1053 	EXP 	Device response: <KeyPress from None: t=700.0971355000001, value=3, duration=None>
700.2367 	EXP 	Device response: <KeyPress from None: t=700.0971355000001, value=3, duration=0.12580940000043483>
700.9544 	DATA 	Mouse: Left button down, pos=(882,293)
700.9554 	EXP 	New trial (rep=10, index=2): <Trial 122 (2 in rep 10) data={'delay': 0.1, 'freq': 1000, 'condition': 'exp', 'thisN': 122, 'thisTrialN': 2, 'thisRepN': 10}>
700.9692 	EXP 	text: autoDraw = False
700.9692 	EXP 	textbox: autoDraw = False
700.9692 	EXP 	polygon: autoDraw = True
701.0396 	DATA 	Mouse:  Left button up, pos=(882,293)
701.9695 	INFO 	Keyboard events cleared
701.9694 	EXP 	polygon: autoDraw = False
701.9694 	EXP 	polygon_2: autoDraw = True
702.3864 	EXP 	Device response: <KeyPress from None: t=702.3806692000007, value=space, duration=None>
702.3882 	DATA 	Keypress: space
702.4028 	EXP 	polygon: autoDraw = False
702.4028 	EXP 	polygon_2: autoDraw = False
702.4696 	EXP 	Sound sound_1 reached end of file
702.4857 	EXP 	Playing sound sound_1 on speaker Speakers (Realtek(R) Audio)
702.5196 	EXP 	Device response: <KeyPress from None: t=702.3806692000007, value=space, duration=0.13812959999995655>
702.7879 	EXP 	Sound sound_1 stopped
702.7991 	EXP 	text: autoDraw = True
702.7991 	EXP 	textbox: autoDraw = True
703.6105 	DATA 	Keypress: 1
703.6197 	EXP 	Device response: <KeyPress from None: t=703.6064763000004, value=1, duration=None>
703.7389 	EXP 	Device response: <KeyPress from None: t=703.6064763000004, value=1, duration=0.12921470000037516>
704.6258 	DATA 	Mouse: Left button down, pos=(931,399)
704.6374 	EXP 	New trial (rep=10, index=3): <Trial 123 (3 in rep 10) data={'delay': 0.7, 'freq': 400, 'condition': 'unexp', 'thisN': 123, 'thisTrialN': 3, 'thisRepN': 10}>
704.6528 	EXP 	text: autoDraw = False
704.6528 	EXP 	textbox: autoDraw = False
704.6528 	EXP 	polygon: autoDraw = True
704.7409 	DATA 	Mouse:  Left button up, pos=(931,399)
705.6530 	INFO 	Keyboard events cleared
705.6528 	EXP 	polygon: autoDraw = False
705.6528 	EXP 	polygon_2: autoDraw = True
706.0194 	EXP 	Device response: <KeyPress from None: t=706.0048690000003, value=space, duration=None>
706.0211 	DATA 	Keypress: space
706.0357 	EXP 	polygon: autoDraw = False
706.0357 	EXP 	polygon_2: autoDraw = False
706.1200 	EXP 	Device response: <KeyPress from None: t=706.0048690000003, value=space, duration=0.106275099999948>
706.7032 	EXP 	Sound sound_1 reached end of file
706.7192 	EXP 	Playing sound sound_1 on speaker Speakers (Realtek(R) Audio)
707.0150 	EXP 	Sound sound_1 stopped
707.0256 	EXP 	text: autoDraw = True
707.0256 	EXP 	textbox: autoDraw = True
707.6437 	DATA 	Keypress: 0
707.6534 	EXP 	Device response: <KeyPress from None: t=707.6382880000001, value=0, duration=None>
707.7548 	EXP 	Device response: <KeyPress from None: t=707.6382880000001, value=0, duration=0.10915440000007948>
708.3594 	DATA 	Mouse: Left button down, pos=(931,399)
708.3714 	EXP 	New trial (rep=10, index=4): <Trial 124 (4 in rep 10) data={'delay': 0.4, 'freq': 400, 'condition': 'unexp', 'thisN': 124, 'thisTrialN': 4, 'thisRepN': 10}>
708.3858 	EXP 	text: autoDraw = False
708.3858 	EXP 	textbox: autoDraw = False
708.3858 	EXP 	polygon: autoDraw = True
708.4731 	DATA 	Mouse:  Left button up, pos=(931,399)
709.3859 	INFO 	Keyboard events cleared
709.3858 	EXP 	polygon: autoDraw = False
709.3858 	EXP 	polygon_2: autoDraw = True
709.8359 	EXP 	Device response: <KeyPress from None: t=709.8243601000004, value=space, duration=None>
709.8378 	DATA 	Keypress: space
709.8524 	EXP 	polygon: autoDraw = False
709.8524 	EXP 	polygon_2: autoDraw = False
709.9195 	EXP 	Device response: <KeyPress from None: t=709.8243601000004, value=space, duration=0.08919440000045142>
710.2196 	EXP 	Sound sound_1 reached end of file
710.2359 	EXP 	Playing sound sound_1 on speaker Speakers (Realtek(R) Audio)
710.5368 	EXP 	Sound sound_1 stopped
710.5458 	EXP 	text: autoDraw = True
710.5458 	EXP 	textbox: autoDraw = True
711.5033 	DATA 	Keypress: 0
711.5054 	EXP 	Device response: <KeyPress from None: t=711.4987595000002, value=0, duration=None>
711.6048 	EXP 	Device response: <KeyPress from None: t=711.4987595000002, value=0, duration=0.10385709999991377>
712.1541 	DATA 	Mouse: Left button down, pos=(931,399)
712.1559 	EXP 	New trial (rep=10, index=5): <Trial 125 (5 in rep 10) data={'delay': 0.1, 'freq': 1000, 'condition': 'exp', 'thisN': 125, 'thisTrialN': 5, 'thisRepN': 10}>
712.1701 	EXP 	text: autoDraw = False
712.1701 	EXP 	textbox: autoDraw = False
712.1701 	EXP 	polygon: autoDraw = True
712.2228 	DATA 	Mouse:  Left button up, pos=(931,399)
713.1693 	INFO 	Keyboard events cleared
713.1692 	EXP 	polygon_2: autoDraw = True
713.1867 	EXP 	polygon: autoDraw = False
714.3192 	EXP 	Device response: <KeyPress from None: t=714.3112067000002, value=space, duration=None>
714.3207 	DATA 	Keypress: space
714.3356 	EXP 	polygon: autoDraw = False
714.3356 	EXP 	polygon_2: autoDraw = False
714.4033 	EXP 	Sound sound_1 reached end of file
714.4192 	EXP 	Playing sound sound_1 on speaker Speakers (Realtek(R) Audio)
714.4036 	EXP 	Device response: <KeyPress from None: t=714.3112067000002, value=space, duration=0.08921700000064448>
714.7150 	EXP 	Sound sound_1 stopped
714.7268 	EXP 	text: autoDraw = True
714.7268 	EXP 	textbox: autoDraw = True
715.5772 	DATA 	Keypress: 1
715.5865 	EXP 	Device response: <KeyPress from None: t=715.5717023000007, value=1, duration=None>
715.6865 	EXP 	Device response: <KeyPress from None: t=715.5717023000007, value=1, duration=0.10272189999977854>
717.3540 	DATA 	Mouse: Left button down, pos=(929,309)
717.3552 	EXP 	New trial (rep=10, index=6): <Trial 126 (6 in rep 10) data={'delay': 0.7, 'freq': 1000, 'condition': 'exp', 'thisN': 126, 'thisTrialN': 6, 'thisRepN': 10}>
717.3693 	EXP 	text: autoDraw = False
717.3693 	EXP 	textbox: autoDraw = False
717.3693 	EXP 	polygon: autoDraw = True
717.5231 	DATA 	Mouse:  Left button up, pos=(929,309)
718.3696 	INFO 	Keyboard events cleared
718.3694 	EXP 	polygon: autoDraw = False
718.3694 	EXP 	polygon_2: autoDraw = True
719.0193 	EXP 	Device response: <KeyPress from None: t=719.0075082000003, value=space, duration=None>
719.0211 	DATA 	Keypress: space
719.0355 	EXP 	polygon: autoDraw = False
719.0355 	EXP 	polygon_2: autoDraw = False
719.1360 	EXP 	Device response: <KeyPress from None: t=719.0075082000003, value=space, duration=0.12248780000027182>
719.7033 	EXP 	Sound sound_1 reached end of file
719.7194 	EXP 	Playing sound sound_1 on speaker Speakers (Realtek(R) Audio)
720.0163 	EXP 	Sound sound_1 stopped
720.0260 	EXP 	text: autoDraw = True
720.0260 	EXP 	textbox: autoDraw = True
722.1936 	DATA 	Keypress: 2
722.2032 	EXP 	Device response: <KeyPress from None: t=722.1918655, value=2, duration=None>
722.2707 	EXP 	Device response: <KeyPress from None: t=722.1918655, value=2, duration=0.0696672000003673>
722.8255 	DATA 	Mouse: Left button down, pos=(929,309)
722.8373 	EXP 	New trial (rep=10, index=7): <Trial 127 (7 in rep 10) data={'delay': 0.4, 'freq': 1000, 'condition': 'exp', 'thisN': 127, 'thisTrialN': 7, 'thisRepN': 10}>
722.8525 	EXP 	text: autoDraw = False
722.8525 	EXP 	textbox: autoDraw = False
722.8525 	EXP 	polygon: autoDraw = True
722.9053 	DATA 	Mouse:  Left button up, pos=(929,309)
723.8529 	INFO 	Keyboard events cleared
723.8527 	EXP 	polygon: autoDraw = False
723.8527 	EXP 	polygon_2: autoDraw = True
724.4880 	DATA 	Keypress: space
724.5038 	EXP 	Device response: <KeyPress from None: t=724.4871037000003, value=space, duration=None>
724.5191 	EXP 	polygon: autoDraw = False
724.5191 	EXP 	polygon_2: autoDraw = False
724.6036 	EXP 	Device response: <KeyPress from None: t=724.4871037000003, value=space, duration=0.11235519999991084>
724.9028 	EXP 	Sound sound_1 reached end of file
724.9190 	EXP 	Playing sound sound_1 on speaker Speakers (Realtek(R) Audio)
725.2201 	EXP 	Sound sound_1 stopped
725.2306 	EXP 	text: autoDraw = True
725.2306 	EXP 	textbox: autoDraw = True
726.2700 	DATA 	Keypress: 3
726.2720 	EXP 	Device response: <KeyPress from None: t=726.2612020000006, value=3, duration=None>
726.3703 	EXP 	Device response: <KeyPress from None: t=726.2612020000006, value=3, duration=0.1020582999999533>
726.8193 	DATA 	Mouse: Left button down, pos=(929,309)
726.8206 	EXP 	New trial (rep=10, index=8): <Trial 128 (8 in rep 10) data={'delay': 0.4, 'freq': 1000, 'condition': 'exp', 'thisN': 128, 'thisTrialN': 8, 'thisRepN': 10}>
726.8354 	EXP 	text: autoDraw = False
726.8354 	EXP 	textbox: autoDraw = False
726.8354 	EXP 	polygon: autoDraw = True
726.8884 	DATA 	Mouse:  Left button up, pos=(929,309)
727.8356 	INFO 	Keyboard events cleared
727.8355 	EXP 	polygon: autoDraw = False
727.8355 	EXP 	polygon_2: autoDraw = True
728.1866 	EXP 	Device response: <KeyPress from None: t=728.1811669000008, value=space, duration=None>
728.1893 	DATA 	Keypress: space
728.2025 	EXP 	polygon: autoDraw = False
728.2025 	EXP 	polygon_2: autoDraw = False
728.2863 	EXP 	Device response: <KeyPress from None: t=728.1811669000008, value=space, duration=0.09928529999979219>
728.5858 	EXP 	Sound sound_1 reached end of file
728.6021 	EXP 	Playing sound sound_1 on speaker Speakers (Realtek(R) Audio)
728.8958 	EXP 	Sound sound_1 stopped
728.9066 	EXP 	text: autoDraw = True
728.9066 	EXP 	textbox: autoDraw = True
730.3364 	DATA 	Keypress: 1
730.3379 	EXP 	Device response: <KeyPress from None: t=730.3298002000001, value=1, duration=None>
730.4383 	EXP 	Device response: <KeyPress from None: t=730.3298002000001, value=1, duration=0.10654620000059367>
731.2200 	DATA 	Mouse: Left button down, pos=(929,309)
731.2212 	EXP 	New trial (rep=10, index=9): <Trial 129 (9 in rep 10) data={'delay': 0.1, 'freq': 400, 'condition': 'unexp', 'thisN': 129, 'thisTrialN': 9, 'thisRepN': 10}>
731.2355 	EXP 	text: autoDraw = False
731.2355 	EXP 	textbox: autoDraw = False
731.2355 	EXP 	polygon: autoDraw = True
731.3064 	DATA 	Mouse:  Left button up, pos=(929,309)
732.2358 	INFO 	Keyboard events cleared
732.2357 	EXP 	polygon: autoDraw = False
732.2357 	EXP 	polygon_2: autoDraw = True
732.6698 	EXP 	Device response: <KeyPress from None: t=732.6598293000006, value=space, duration=None>
732.6727 	DATA 	Keypress: space
732.6855 	EXP 	polygon: autoDraw = False
732.6855 	EXP 	polygon_2: autoDraw = False
732.7690 	EXP 	Sound sound_1 reached end of file
732.7853 	EXP 	Playing sound sound_1 on speaker Speakers (Realtek(R) Audio)
732.7693 	EXP 	Device response: <KeyPress from None: t=732.6598293000006, value=space, duration=0.09546030000001338>
733.0810 	EXP 	Sound sound_1 stopped
733.0908 	EXP 	text: autoDraw = True
733.0908 	EXP 	textbox: autoDraw = True
733.8096 	DATA 	Keypress: 0
733.8196 	EXP 	Device response: <KeyPress from None: t=733.8038545000009, value=0, duration=None>
733.9195 	EXP 	Device response: <KeyPress from None: t=733.8038545000009, value=0, duration=0.10567439999977069>
734.3707 	DATA 	Mouse: Left button down, pos=(929,309)
734.3725 	EXP 	New trial (rep=10, index=10): <Trial 130 (10 in rep 10) data={'delay': 0.1, 'freq': 1000, 'condition': 'exp', 'thisN': 130, 'thisTrialN': 10, 'thisRepN': 10}>
734.3857 	EXP 	text: autoDraw = False
734.3857 	EXP 	textbox: autoDraw = False
734.3857 	EXP 	polygon: autoDraw = True
734.4728 	DATA 	Mouse:  Left button up, pos=(929,309)
735.3854 	INFO 	Keyboard events cleared
735.3852 	EXP 	polygon: autoDraw = False
735.3852 	EXP 	polygon_2: autoDraw = True
735.9863 	EXP 	Device response: <KeyPress from None: t=735.9856938000003, value=space, duration=None>
735.9881 	DATA 	Keypress: space
736.0022 	EXP 	polygon: autoDraw = False
736.0022 	EXP 	polygon_2: autoDraw = False
736.0694 	EXP 	Sound sound_1 reached end of file
736.0857 	EXP 	Playing sound sound_1 on speaker Speakers (Realtek(R) Audio)
736.0860 	EXP 	Device response: <KeyPress from None: t=735.9856938000003, value=space, duration=0.09636839999984659>
736.3845 	EXP 	Sound sound_1 stopped
736.3972 	EXP 	text: autoDraw = True
736.3972 	EXP 	textbox: autoDraw = True
737.8260 	DATA 	Keypress: 2
737.8358 	EXP 	Device response: <KeyPress from None: t=737.8251687000002, value=2, duration=None>
737.9531 	EXP 	Device response: <KeyPress from None: t=737.8251687000002, value=2, duration=0.1127014000003328>
738.4209 	DATA 	Mouse: Left button down, pos=(929,309)
738.4221 	EXP 	New trial (rep=10, index=11): <Trial 131 (11 in rep 10) data={'delay': 0.7, 'freq': 1000, 'condition': 'exp', 'thisN': 131, 'thisTrialN': 11, 'thisRepN': 10}>
738.4361 	EXP 	text: autoDraw = False
738.4361 	EXP 	textbox: autoDraw = False
738.4361 	EXP 	polygon: autoDraw = True
738.5068 	DATA 	Mouse:  Left button up, pos=(929,309)
739.4353 	INFO 	Keyboard events cleared
739.4352 	EXP 	polygon: autoDraw = False
739.4352 	EXP 	polygon_2: autoDraw = True
740.1189 	EXP 	Device response: <KeyPress from None: t=740.1073094000003, value=space, duration=None>
740.1205 	DATA 	Keypress: space
740.1352 	EXP 	polygon: autoDraw = False
740.1352 	EXP 	polygon_2: autoDraw = False
740.2525 	EXP 	Device response: <KeyPress from None: t=740.1073094000003, value=space, duration=0.13864329999978509>
740.8031 	EXP 	Sound sound_1 reached end of file
740.8192 	EXP 	Playing sound sound_1 on speaker Speakers (Realtek(R) Audio)
741.1196 	EXP 	Sound sound_1 stopped
741.1298 	EXP 	text: autoDraw = True
741.1298 	EXP 	textbox: autoDraw = True
741.6859 	DATA 	Keypress: 4
741.6872 	EXP 	Device response: <KeyPress from None: t=741.6828396000001, value=4, duration=None>
741.8038 	EXP 	Device response: <KeyPress from None: t=741.6828396000001, value=4, duration=0.11902730000019801>
742.2086 	DATA 	Mouse: Left button down, pos=(929,309)
742.2197 	EXP 	New trial (rep=11, index=0): <Trial 132 (0 in rep 11) data={'delay': 0.7, 'freq': 1000, 'condition': 'exp', 'thisN': 132, 'thisTrialN': 0, 'thisRepN': 11}>
742.2349 	EXP 	text: autoDraw = False
742.2349 	EXP 	textbox: autoDraw = False
742.2349 	EXP 	polygon: autoDraw = True
742.3082 	DATA 	Mouse:  Left button up, pos=(929,309)
743.2188 	INFO 	Keyboard events cleared
743.2186 	EXP 	polygon_2: autoDraw = True
743.2353 	EXP 	polygon: autoDraw = False
743.5538 	DATA 	Keypress: space
743.5692 	EXP 	Device response: <KeyPress from None: t=743.5532166000003, value=space, duration=None>
743.5856 	EXP 	polygon: autoDraw = False
743.5856 	EXP 	polygon_2: autoDraw = False
743.6694 	EXP 	Device response: <KeyPress from None: t=743.5532166000003, value=space, duration=0.1099411000004693>
744.2526 	EXP 	Sound sound_1 reached end of file
744.2685 	EXP 	Playing sound sound_1 on speaker Speakers (Realtek(R) Audio)
744.5664 	EXP 	Sound sound_1 stopped
744.5754 	EXP 	text: autoDraw = True
744.5754 	EXP 	textbox: autoDraw = True
745.3196 	DATA 	Keypress: 4
745.3206 	EXP 	Device response: <KeyPress from None: t=745.3178791, value=4, duration=None>
745.4533 	EXP 	Device response: <KeyPress from None: t=745.3178791, value=4, duration=0.12232230000063282>
745.8572 	DATA 	Mouse: Left button down, pos=(929,309)
745.8696 	EXP 	New trial (rep=11, index=1): <Trial 133 (1 in rep 11) data={'delay': 0.1, 'freq': 1000, 'condition': 'exp', 'thisN': 133, 'thisTrialN': 1, 'thisRepN': 11}>
745.8851 	EXP 	text: autoDraw = False
745.8851 	EXP 	textbox: autoDraw = False
745.8851 	EXP 	polygon: autoDraw = True
745.9702 	DATA 	Mouse:  Left button up, pos=(929,309)
746.8688 	INFO 	Keyboard events cleared
746.8687 	EXP 	polygon_2: autoDraw = True
746.8853 	EXP 	polygon: autoDraw = False
747.2857 	EXP 	Device response: <KeyPress from None: t=747.2734139000004, value=space, duration=None>
747.2881 	DATA 	Keypress: space
747.3019 	EXP 	polygon: autoDraw = False
747.3019 	EXP 	polygon_2: autoDraw = False
747.3853 	EXP 	Sound sound_1 reached end of file
747.4017 	EXP 	Playing sound sound_1 on speaker Speakers (Realtek(R) Audio)
747.4033 	EXP 	Device response: <KeyPress from None: t=747.2734139000004, value=space, duration=0.12905059999957302>
747.6964 	EXP 	Sound sound_1 stopped
747.7067 	EXP 	text: autoDraw = True
747.7067 	EXP 	textbox: autoDraw = True
748.3615 	DATA 	Keypress: 1
748.3693 	EXP 	Device response: <KeyPress from None: t=748.3594149, value=1, duration=None>
748.4877 	EXP 	Device response: <KeyPress from None: t=748.3594149, value=1, duration=0.12611830000059854>
748.9938 	DATA 	Mouse: Left button down, pos=(929,309)
749.0042 	EXP 	New trial (rep=11, index=2): <Trial 134 (2 in rep 11) data={'delay': 0.1, 'freq': 1000, 'condition': 'exp', 'thisN': 134, 'thisTrialN': 2, 'thisRepN': 11}>
749.0188 	EXP 	text: autoDraw = False
749.0188 	EXP 	textbox: autoDraw = False
749.0188 	EXP 	polygon: autoDraw = True
749.0879 	DATA 	Mouse:  Left button up, pos=(929,309)
750.0189 	INFO 	Keyboard events cleared
750.0187 	EXP 	polygon: autoDraw = False
750.0187 	EXP 	polygon_2: autoDraw = True
750.3028 	EXP 	Device response: <KeyPress from None: t=750.2973485000002, value=space, duration=None>
750.3047 	DATA 	Keypress: space
750.3184 	EXP 	polygon: autoDraw = False
750.3184 	EXP 	polygon_2: autoDraw = False
750.3852 	EXP 	Device response: <KeyPress from None: t=750.2973485000002, value=space, duration=0.08303179999984422>
750.4027 	EXP 	Sound sound_1 reached end of file
750.4184 	EXP 	Playing sound sound_1 on speaker Speakers (Realtek(R) Audio)
750.7176 	EXP 	Sound sound_1 stopped
750.7311 	EXP 	text: autoDraw = True
750.7311 	EXP 	textbox: autoDraw = True
751.4656 	DATA 	Keypress: 1
751.4698 	EXP 	Device response: <KeyPress from None: t=751.4643349000007, value=1, duration=None>
751.6193 	EXP 	Device response: <KeyPress from None: t=751.4643349000007, value=1, duration=0.13914399999976013>
752.0603 	DATA 	Keypress: space
752.0694 	EXP 	Device response: <KeyPress from None: t=752.0584795000004, value=space, duration=None>
752.2361 	EXP 	Device response: <KeyPress from None: t=752.0584795000004, value=space, duration=0.16523870000037277>
753.0420 	DATA 	Keypress: backspace
753.0537 	EXP 	Device response: <KeyPress from None: t=753.0408525000003, value=backspace, duration=None>
753.1697 	EXP 	Device response: <KeyPress from None: t=753.0408525000003, value=backspace, duration=0.11555700000008073>
753.4370 	DATA 	Mouse: Left button down, pos=(929,309)
753.4382 	EXP 	New trial (rep=11, index=3): <Trial 135 (3 in rep 11) data={'delay': 0.4, 'freq': 400, 'condition': 'unexp', 'thisN': 135, 'thisTrialN': 3, 'thisRepN': 11}>
753.4521 	EXP 	text: autoDraw = False
753.4521 	EXP 	textbox: autoDraw = False
753.4521 	EXP 	polygon: autoDraw = True
753.5383 	DATA 	Mouse:  Left button up, pos=(929,309)
754.4527 	INFO 	Keyboard events cleared
754.4524 	EXP 	polygon: autoDraw = False
754.4524 	EXP 	polygon_2: autoDraw = True
755.3871 	DATA 	Keypress: space
755.4029 	EXP 	Device response: <KeyPress from None: t=755.3863773000003, value=space, duration=None>
755.4185 	EXP 	polygon: autoDraw = False
755.4185 	EXP 	polygon_2: autoDraw = False
755.5026 	EXP 	Device response: <KeyPress from None: t=755.3863773000003, value=space, duration=0.11281990000043152>
755.7864 	EXP 	Sound sound_1 reached end of file
755.8025 	EXP 	Playing sound sound_1 on speaker Speakers (Realtek(R) Audio)
756.0955 	EXP 	Sound sound_1 stopped
756.1048 	EXP 	text: autoDraw = True
756.1048 	EXP 	textbox: autoDraw = True
757.4425 	DATA 	Keypress: 0
757.4534 	EXP 	Device response: <KeyPress from None: t=757.4372094, value=0, duration=None>
757.5527 	EXP 	Device response: <KeyPress from None: t=757.4372094, value=0, duration=0.10228000000006432>
758.3525 	DATA 	Mouse: Left button down, pos=(975,172)
758.3535 	EXP 	New trial (rep=11, index=4): <Trial 136 (4 in rep 11) data={'delay': 0.7, 'freq': 1000, 'condition': 'exp', 'thisN': 136, 'thisTrialN': 4, 'thisRepN': 11}>
758.3687 	EXP 	text: autoDraw = False
758.3687 	EXP 	textbox: autoDraw = False
758.3687 	EXP 	polygon: autoDraw = True
758.4541 	DATA 	Mouse:  Left button up, pos=(975,172)
759.3687 	INFO 	Keyboard events cleared
759.3686 	EXP 	polygon: autoDraw = False
759.3686 	EXP 	polygon_2: autoDraw = True
759.6857 	EXP 	Device response: <KeyPress from None: t=759.6747088000002, value=space, duration=None>
759.6884 	DATA 	Keypress: space
759.7018 	EXP 	polygon: autoDraw = False
759.7018 	EXP 	polygon_2: autoDraw = False
759.7531 	EXP 	Device response: <KeyPress from None: t=759.6747088000002, value=space, duration=0.06276840000009543>
760.3850 	EXP 	Sound sound_1 reached end of file
760.4013 	EXP 	Playing sound sound_1 on speaker Speakers (Realtek(R) Audio)
760.6983 	EXP 	Sound sound_1 stopped
760.7121 	EXP 	text: autoDraw = True
760.7121 	EXP 	textbox: autoDraw = True
761.5258 	DATA 	Keypress: 4
761.5361 	EXP 	Device response: <KeyPress from None: t=761.5230258000001, value=4, duration=None>
761.6386 	EXP 	Device response: <KeyPress from None: t=761.5230258000001, value=4, duration=0.10263390000000072>
763.1539 	DATA 	Mouse: Left button down, pos=(921,318)
763.1550 	EXP 	New trial (rep=11, index=5): <Trial 137 (5 in rep 11) data={'delay': 0.7, 'freq': 400, 'condition': 'unexp', 'thisN': 137, 'thisTrialN': 5, 'thisRepN': 11}>
763.1685 	EXP 	text: autoDraw = False
763.1685 	EXP 	textbox: autoDraw = False
763.1685 	EXP 	polygon: autoDraw = True
763.2397 	DATA 	Mouse:  Left button up, pos=(921,318)
764.1688 	INFO 	Keyboard events cleared
764.1686 	EXP 	polygon: autoDraw = False
764.1686 	EXP 	polygon_2: autoDraw = True
764.7190 	EXP 	Device response: <KeyPress from None: t=764.7150479000002, value=space, duration=None>
764.7207 	DATA 	Keypress: space
764.7349 	EXP 	polygon: autoDraw = False
764.7349 	EXP 	polygon_2: autoDraw = False
764.8571 	EXP 	Device response: <KeyPress from None: t=764.7150479000002, value=space, duration=0.13915559999986726>
765.4022 	EXP 	Sound sound_1 reached end of file
765.4183 	EXP 	Playing sound sound_1 on speaker Speakers (Realtek(R) Audio)
765.7151 	EXP 	Sound sound_1 stopped
765.7251 	EXP 	text: autoDraw = True
765.7251 	EXP 	textbox: autoDraw = True
768.0692 	DATA 	Keypress: 0
768.0708 	EXP 	Device response: <KeyPress from None: t=768.0659439000001, value=0, duration=None>
768.1855 	EXP 	Device response: <KeyPress from None: t=768.0659439000001, value=0, duration=0.10589130000062141>
768.4863 	DATA 	Mouse: Left button down, pos=(921,318)
768.4877 	EXP 	New trial (rep=11, index=6): <Trial 138 (6 in rep 11) data={'delay': 0.7, 'freq': 1000, 'condition': 'exp', 'thisN': 138, 'thisTrialN': 6, 'thisRepN': 11}>
768.5018 	EXP 	text: autoDraw = False
768.5018 	EXP 	textbox: autoDraw = False
768.5018 	EXP 	polygon: autoDraw = True
768.5879 	DATA 	Mouse:  Left button up, pos=(921,318)
769.4032 	EXP 	Device response: <KeyPress from None: t=769.3935898, value=space, duration=None>
769.4046 	DATA 	Keypress: space
769.5027 	INFO 	Keyboard events cleared
769.5024 	EXP 	polygon: autoDraw = False
769.5024 	EXP 	polygon_2: autoDraw = True
769.5359 	EXP 	Device response: <KeyPress from None: t=769.3935898, value=space, duration=0.13300940000044648>
769.8028 	EXP 	Device response: <KeyPress from None: t=769.7944900000002, value=space, duration=None>
769.8049 	DATA 	Keypress: space
769.8181 	EXP 	polygon: autoDraw = False
769.8181 	EXP 	polygon_2: autoDraw = False
769.9187 	EXP 	Device response: <KeyPress from None: t=769.7944900000002, value=space, duration=0.11966610000035871>
770.5021 	EXP 	Sound sound_1 reached end of file
770.5181 	EXP 	Playing sound sound_1 on speaker Speakers (Realtek(R) Audio)
770.8167 	EXP 	Sound sound_1 stopped
770.8281 	EXP 	text: autoDraw = True
770.8281 	EXP 	textbox: autoDraw = True
771.7860 	DATA 	Keypress: 3
771.7884 	EXP 	Device response: <KeyPress from None: t=771.7825566000001, value=3, duration=None>
771.8694 	EXP 	Device response: <KeyPress from None: t=771.7825566000001, value=3, duration=0.07266310000068188>
772.2697 	DATA 	Mouse: Left button down, pos=(921,318)
772.2708 	EXP 	New trial (rep=11, index=7): <Trial 139 (7 in rep 11) data={'delay': 0.4, 'freq': 1000, 'condition': 'exp', 'thisN': 139, 'thisTrialN': 7, 'thisRepN': 11}>
772.2849 	EXP 	text: autoDraw = False
772.2849 	EXP 	textbox: autoDraw = False
772.2849 	EXP 	polygon: autoDraw = True
772.3866 	DATA 	Mouse:  Left button up, pos=(921,318)
773.2851 	INFO 	Keyboard events cleared
773.2849 	EXP 	polygon: autoDraw = False
773.2849 	EXP 	polygon_2: autoDraw = True
773.8857 	EXP 	Device response: <KeyPress from None: t=773.8830777000003, value=space, duration=None>
773.8880 	DATA 	Keypress: space
773.9014 	EXP 	polygon: autoDraw = False
773.9014 	EXP 	polygon_2: autoDraw = False
773.9855 	EXP 	Device response: <KeyPress from None: t=773.8830777000003, value=space, duration=0.09910409999974945>
774.2849 	EXP 	Sound sound_1 reached end of file
774.3012 	EXP 	Playing sound sound_1 on speaker Speakers (Realtek(R) Audio)
774.5980 	EXP 	Sound sound_1 stopped
774.6085 	EXP 	text: autoDraw = True
774.6085 	EXP 	textbox: autoDraw = True
775.3690 	DATA 	Keypress: 3
775.3712 	EXP 	Device response: <KeyPress from None: t=775.3681335000001, value=3, duration=None>
775.4542 	EXP 	Device response: <KeyPress from None: t=775.3681335000001, value=3, duration=0.08283269999992626>
776.5091 	DATA 	Mouse: Left button down, pos=(921,318)
776.5208 	EXP 	New trial (rep=11, index=8): <Trial 140 (8 in rep 11) data={'delay': 0.1, 'freq': 400, 'condition': 'unexp', 'thisN': 140, 'thisTrialN': 8, 'thisRepN': 11}>
776.5348 	EXP 	text: autoDraw = False
776.5348 	EXP 	textbox: autoDraw = False
776.5348 	EXP 	polygon: autoDraw = True
776.6054 	DATA 	Mouse:  Left button up, pos=(921,318)
777.5347 	INFO 	Keyboard events cleared
777.5346 	EXP 	polygon: autoDraw = False
777.5346 	EXP 	polygon_2: autoDraw = True
778.0368 	DATA 	Keypress: space
778.0534 	EXP 	Device response: <KeyPress from None: t=778.0358932000008, value=space, duration=None>
778.0681 	EXP 	polygon: autoDraw = False
778.0681 	EXP 	polygon_2: autoDraw = False
778.1353 	EXP 	Device response: <KeyPress from None: t=778.0358932000008, value=space, duration=0.09329649999926914>
778.1529 	EXP 	Sound sound_1 reached end of file
778.1690 	EXP 	Playing sound sound_1 on speaker Speakers (Realtek(R) Audio)
778.4672 	EXP 	Sound sound_1 stopped
778.4783 	EXP 	text: autoDraw = True
778.4783 	EXP 	textbox: autoDraw = True
779.1398 	DATA 	Keypress: 0
779.1528 	EXP 	Device response: <KeyPress from None: t=779.1381440000005, value=0, duration=None>
779.2687 	EXP 	Device response: <KeyPress from None: t=779.1381440000005, value=0, duration=0.11520670000027167>
779.5854 	DATA 	Mouse: Left button down, pos=(921,318)
779.5863 	EXP 	New trial (rep=11, index=9): <Trial 141 (9 in rep 11) data={'delay': 0.1, 'freq': 1000, 'condition': 'exp', 'thisN': 141, 'thisTrialN': 9, 'thisRepN': 11}>
779.6014 	EXP 	text: autoDraw = False
779.6014 	EXP 	textbox: autoDraw = False
779.6014 	EXP 	polygon: autoDraw = True
779.6883 	DATA 	Mouse:  Left button up, pos=(921,318)
780.6021 	INFO 	Keyboard events cleared
780.6020 	EXP 	polygon: autoDraw = False
780.6020 	EXP 	polygon_2: autoDraw = True
780.9349 	EXP 	Device response: <KeyPress from None: t=780.9306957000008, value=space, duration=None>
780.9366 	DATA 	Keypress: space
780.9513 	EXP 	polygon: autoDraw = False
780.9513 	EXP 	polygon_2: autoDraw = False
781.0184 	EXP 	Sound sound_1 reached end of file
781.0346 	EXP 	Playing sound sound_1 on speaker Speakers (Realtek(R) Audio)
781.0349 	EXP 	Device response: <KeyPress from None: t=780.9306957000008, value=space, duration=0.10232359999918117>
781.3298 	EXP 	Sound sound_1 stopped
781.3407 	EXP 	text: autoDraw = True
781.3407 	EXP 	textbox: autoDraw = True
782.1034 	DATA 	Keypress: 1
782.1059 	EXP 	Device response: <KeyPress from None: t=782.0916736000008, value=1, duration=None>
782.2206 	EXP 	Device response: <KeyPress from None: t=782.0916736000008, value=1, duration=0.12586889999965933>
782.6581 	DATA 	Mouse: Left button down, pos=(921,318)
782.6700 	EXP 	New trial (rep=11, index=10): <Trial 142 (10 in rep 11) data={'delay': 0.4, 'freq': 1000, 'condition': 'exp', 'thisN': 142, 'thisTrialN': 10, 'thisRepN': 11}>
782.6849 	EXP 	text: autoDraw = False
782.6849 	EXP 	textbox: autoDraw = False
782.6849 	EXP 	polygon: autoDraw = True
782.7387 	DATA 	Mouse:  Left button up, pos=(921,318)
783.3869 	DATA 	Keypress: space
783.4026 	EXP 	Device response: <KeyPress from None: t=783.3858759000004, value=space, duration=None>
783.5023 	EXP 	Device response: <KeyPress from None: t=783.3858759000004, value=space, duration=0.11159779999979946>
783.6846 	INFO 	Keyboard events cleared
783.6845 	EXP 	polygon: autoDraw = False
783.6845 	EXP 	polygon_2: autoDraw = True
783.9186 	EXP 	Device response: <KeyPress from None: t=783.9178388, value=space, duration=None>
783.9205 	DATA 	Keypress: space
783.9347 	EXP 	polygon: autoDraw = False
783.9347 	EXP 	polygon_2: autoDraw = False
784.0354 	EXP 	Device response: <KeyPress from None: t=783.9178388, value=space, duration=0.10891940000055911>
784.3024 	EXP 	Sound sound_1 reached end of file
784.3181 	EXP 	Playing sound sound_1 on speaker Speakers (Realtek(R) Audio)
784.6190 	EXP 	Sound sound_1 stopped
784.6286 	EXP 	text: autoDraw = True
784.6286 	EXP 	textbox: autoDraw = True
785.5770 	DATA 	Keypress: 2
785.5854 	EXP 	Device response: <KeyPress from None: t=785.5706757000007, value=2, duration=None>
785.7026 	EXP 	Device response: <KeyPress from None: t=785.5706757000007, value=2, duration=0.1185021000001143>
786.0246 	DATA 	Mouse: Left button down, pos=(921,318)
786.0357 	EXP 	New trial (rep=11, index=11): <Trial 143 (11 in rep 11) data={'delay': 0.4, 'freq': 1000, 'condition': 'exp', 'thisN': 143, 'thisTrialN': 11, 'thisRepN': 11}>
786.0511 	EXP 	text: autoDraw = False
786.0511 	EXP 	textbox: autoDraw = False
786.0511 	EXP 	polygon: autoDraw = True
786.1539 	DATA 	Mouse:  Left button up, pos=(921,318)
787.0513 	INFO 	Keyboard events cleared
787.0512 	EXP 	polygon: autoDraw = False
787.0512 	EXP 	polygon_2: autoDraw = True
787.3518 	EXP 	Device response: <KeyPress from None: t=787.3408546000001, value=space, duration=None>
787.3554 	DATA 	Keypress: space
787.3683 	EXP 	polygon: autoDraw = False
787.3683 	EXP 	polygon_2: autoDraw = False
787.4851 	EXP 	Device response: <KeyPress from None: t=787.3408546000001, value=space, duration=0.1426940999999715>
787.7351 	EXP 	Sound sound_1 reached end of file
787.7515 	EXP 	Playing sound sound_1 on speaker Speakers (Realtek(R) Audio)
788.0452 	EXP 	Sound sound_1 stopped
788.0552 	EXP 	text: autoDraw = True
788.0552 	EXP 	textbox: autoDraw = True
788.8191 	DATA 	Keypress: 2
788.8211 	EXP 	Device response: <KeyPress from None: t=788.8160181000003, value=2, duration=None>
788.9213 	EXP 	Device response: <KeyPress from None: t=788.8160181000003, value=2, duration=0.1027193999998417>
789.3755 	DATA 	Mouse: Left button down, pos=(921,318)
789.3865 	EXP 	New trial (rep=12, index=0): <Trial 144 (0 in rep 12) data={'delay': 0.1, 'freq': 400, 'condition': 'unexp', 'thisN': 144, 'thisTrialN': 0, 'thisRepN': 12}>
789.4013 	EXP 	text: autoDraw = False
789.4013 	EXP 	textbox: autoDraw = False
789.4013 	EXP 	polygon: autoDraw = True
789.4721 	DATA 	Mouse:  Left button up, pos=(921,318)
790.4012 	INFO 	Keyboard events cleared
790.4011 	EXP 	polygon: autoDraw = False
790.4011 	EXP 	polygon_2: autoDraw = True
790.6521 	EXP 	Device response: <KeyPress from None: t=790.6423766000007, value=space, duration=None>
790.6546 	DATA 	Keypress: space
790.6686 	EXP 	polygon: autoDraw = False
790.6686 	EXP 	polygon_2: autoDraw = False
790.7351 	EXP 	Sound sound_1 reached end of file
790.7515 	EXP 	Playing sound sound_1 on speaker Speakers (Realtek(R) Audio)
790.7687 	EXP 	Device response: <KeyPress from None: t=790.6423766000007, value=space, duration=0.11149359999944863>
791.0475 	EXP 	Sound sound_1 stopped
791.0570 	EXP 	text: autoDraw = True
791.0570 	EXP 	textbox: autoDraw = True
791.8029 	DATA 	Keypress: 0
791.8071 	EXP 	Device response: <KeyPress from None: t=791.7983951000006, value=0, duration=None>
791.9523 	EXP 	Device response: <KeyPress from None: t=791.7983951000006, value=0, duration=0.14226650000000518>
792.2352 	DATA 	Keypress: space
792.2372 	EXP 	Device response: <KeyPress from None: t=792.2311092, value=space, duration=None>
792.3203 	EXP 	Device response: <KeyPress from None: t=792.2311092, value=space, duration=0.08307400000012422>
792.8530 	DATA 	Keypress: backspace
792.8555 	EXP 	Device response: <KeyPress from None: t=792.8460006000005, value=backspace, duration=None>
792.9542 	EXP 	Device response: <KeyPress from None: t=792.8460006000005, value=backspace, duration=0.10628550000001269>
793.8036 	DATA 	Mouse: Left button down, pos=(898,224)
793.8050 	EXP 	New trial (rep=12, index=1): <Trial 145 (1 in rep 12) data={'delay': 0.4, 'freq': 1000, 'condition': 'exp', 'thisN': 145, 'thisTrialN': 1, 'thisRepN': 12}>
793.8178 	EXP 	text: autoDraw = False
793.8178 	EXP 	textbox: autoDraw = False
793.8178 	EXP 	polygon: autoDraw = True
793.8877 	DATA 	Mouse:  Left button up, pos=(898,224)
794.8183 	INFO 	Keyboard events cleared
794.8181 	EXP 	polygon: autoDraw = False
794.8181 	EXP 	polygon_2: autoDraw = True
795.5024 	EXP 	Device response: <KeyPress from None: t=795.4902314000001, value=space, duration=None>
795.5045 	DATA 	Keypress: space
795.5181 	EXP 	polygon: autoDraw = False
795.5181 	EXP 	polygon_2: autoDraw = False
795.6349 	EXP 	Device response: <KeyPress from None: t=795.4902314000001, value=space, duration=0.1422695000001113>
795.9013 	EXP 	Sound sound_1 reached end of file
795.9176 	EXP 	Playing sound sound_1 on speaker Speakers (Realtek(R) Audio)
796.2163 	EXP 	Sound sound_1 stopped
796.2264 	EXP 	text: autoDraw = True
796.2264 	EXP 	textbox: autoDraw = True
796.9395 	DATA 	Keypress: 3
796.9526 	EXP 	Device response: <KeyPress from None: t=796.9371023000003, value=3, duration=None>
797.0688 	EXP 	Device response: <KeyPress from None: t=796.9371023000003, value=3, duration=0.1159034000002066>
798.3744 	DATA 	Mouse: Left button down, pos=(960,266)
798.3872 	EXP 	New trial (rep=12, index=2): <Trial 146 (2 in rep 12) data={'delay': 0.4, 'freq': 1000, 'condition': 'exp', 'thisN': 146, 'thisTrialN': 2, 'thisRepN': 12}>
798.4015 	EXP 	text: autoDraw = False
798.4015 	EXP 	textbox: autoDraw = False
798.4015 	EXP 	polygon: autoDraw = True
798.4721 	DATA 	Mouse:  Left button up, pos=(960,266)
799.4014 	INFO 	Keyboard events cleared
799.4012 	EXP 	polygon: autoDraw = False
799.4012 	EXP 	polygon_2: autoDraw = True
799.6546 	DATA 	Keypress: space
799.6691 	EXP 	Device response: <KeyPress from None: t=799.6535201000006, value=space, duration=None>
799.6847 	EXP 	polygon: autoDraw = False
799.6847 	EXP 	polygon_2: autoDraw = False
799.7524 	EXP 	Device response: <KeyPress from None: t=799.6535201000006, value=space, duration=0.08968619999996008>
800.0681 	EXP 	Sound sound_1 reached end of file
800.0843 	EXP 	Playing sound sound_1 on speaker Speakers (Realtek(R) Audio)
800.3803 	EXP 	Sound sound_1 stopped
800.3903 	EXP 	text: autoDraw = True
800.3903 	EXP 	textbox: autoDraw = True
801.1022 	DATA 	Keypress: 3
801.1041 	EXP 	Device response: <KeyPress from None: t=801.0968470000007, value=3, duration=None>
801.2360 	EXP 	Device response: <KeyPress from None: t=801.0968470000007, value=3, duration=0.12622319999991305>
802.3880 	DATA 	Mouse: Left button down, pos=(953,346)
802.4016 	EXP 	New trial (rep=12, index=3): <Trial 147 (3 in rep 12) data={'delay': 0.7, 'freq': 1000, 'condition': 'exp', 'thisN': 147, 'thisTrialN': 3, 'thisRepN': 12}>
802.4175 	EXP 	text: autoDraw = False
802.4175 	EXP 	textbox: autoDraw = False
802.4175 	EXP 	polygon: autoDraw = True
802.4524 	DATA 	Mouse:  Left button up, pos=(953,346)
803.4012 	INFO 	Keyboard events cleared
803.4011 	EXP 	polygon_2: autoDraw = True
803.4175 	EXP 	polygon: autoDraw = False
803.8344 	EXP 	Device response: <KeyPress from None: t=803.8219272000006, value=space, duration=None>
803.8353 	DATA 	Keypress: space
803.8509 	EXP 	polygon: autoDraw = False
803.8509 	EXP 	polygon_2: autoDraw = False
803.9177 	EXP 	Device response: <KeyPress from None: t=803.8219272000006, value=space, duration=0.0924936000001253>
804.5215 	EXP 	Sound sound_1 reached end of file
804.5379 	EXP 	Playing sound sound_1 on speaker Speakers (Realtek(R) Audio)
804.8373 	EXP 	Sound sound_1 stopped
804.8479 	EXP 	text: autoDraw = True
804.8479 	EXP 	textbox: autoDraw = True
805.5922 	DATA 	Mouse: Left button down, pos=(868,572)
805.6910 	DATA 	Mouse:  Left button up, pos=(868,572)
806.1054 	DATA 	Keypress: 4
806.1062 	EXP 	Device response: <KeyPress from None: t=806.0992564000007, value=4, duration=None>
806.2072 	EXP 	Device response: <KeyPress from None: t=806.0992564000007, value=4, duration=0.09908029999951395>
807.5062 	DATA 	Mouse: Left button down, pos=(1000,170)
807.5068 	EXP 	New trial (rep=12, index=4): <Trial 148 (4 in rep 12) data={'delay': 0.1, 'freq': 1000, 'condition': 'exp', 'thisN': 148, 'thisTrialN': 4, 'thisRepN': 12}>
807.5220 	EXP 	text: autoDraw = False
807.5220 	EXP 	textbox: autoDraw = False
807.5220 	EXP 	polygon: autoDraw = True
807.6078 	DATA 	Mouse:  Left button up, pos=(1000,170)
808.5059 	INFO 	Keyboard events cleared
808.5058 	EXP 	polygon_2: autoDraw = True
808.5229 	EXP 	polygon: autoDraw = False
809.0892 	EXP 	Device response: <KeyPress from None: t=809.0804832000003, value=space, duration=None>
809.0910 	DATA 	Keypress: space
809.1053 	EXP 	polygon: autoDraw = False
809.1053 	EXP 	polygon_2: autoDraw = False
809.1903 	EXP 	Sound sound_1 reached end of file
809.2066 	EXP 	Playing sound sound_1 on speaker Speakers (Realtek(R) Audio)
809.1906 	EXP 	Device response: <KeyPress from None: t=809.0804832000003, value=space, duration=0.10280760000023292>
809.5094 	EXP 	Sound sound_1 stopped
809.5216 	EXP 	text: autoDraw = True
809.5216 	EXP 	textbox: autoDraw = True
810.2913 	DATA 	Keypress: 2
810.3063 	EXP 	Device response: <KeyPress from None: t=810.2891912000005, value=2, duration=None>
810.3730 	EXP 	Device response: <KeyPress from None: t=810.2891912000005, value=2, duration=0.07308959999954823>
811.4765 	DATA 	Mouse: Left button down, pos=(892,241)
811.4887 	EXP 	New trial (rep=12, index=5): <Trial 149 (5 in rep 12) data={'delay': 0.7, 'freq': 400, 'condition': 'unexp', 'thisN': 149, 'thisTrialN': 5, 'thisRepN': 12}>
811.5055 	EXP 	text: autoDraw = False
811.5055 	EXP 	textbox: autoDraw = False
811.5055 	EXP 	polygon: autoDraw = True
811.5768 	DATA 	Mouse:  Left button up, pos=(892,241)
812.4879 	INFO 	Keyboard events cleared
812.4878 	EXP 	polygon_2: autoDraw = True
812.5056 	EXP 	polygon: autoDraw = False
812.8076 	EXP 	Device response: <KeyPress from None: t=812.8020793000005, value=space, duration=None>
812.8100 	DATA 	Keypress: space
812.8222 	EXP 	polygon: autoDraw = False
812.8222 	EXP 	polygon_2: autoDraw = False
812.9410 	EXP 	Device response: <KeyPress from None: t=812.8020793000005, value=space, duration=0.13184470000032888>
813.5052 	EXP 	Sound sound_1 reached end of file
813.5216 	EXP 	Playing sound sound_1 on speaker Speakers (Realtek(R) Audio)
813.8197 	EXP 	Sound sound_1 stopped
813.8291 	EXP 	text: autoDraw = True
813.8291 	EXP 	textbox: autoDraw = True
814.5430 	DATA 	Keypress: 0
814.5566 	EXP 	Device response: <KeyPress from None: t=814.5398376000003, value=0, duration=None>
814.6571 	EXP 	Device response: <KeyPress from None: t=814.5398376000003, value=0, duration=0.10617019999972399>
815.5852 	DATA 	Mouse: Left button down, pos=(966,217)
815.5860 	EXP 	New trial (rep=12, index=6): <Trial 150 (6 in rep 12) data={'delay': 0.1, 'freq': 1000, 'condition': 'exp', 'thisN': 150, 'thisTrialN': 6, 'thisRepN': 12}>
815.6011 	EXP 	text: autoDraw = False
815.6011 	EXP 	textbox: autoDraw = False
815.6011 	EXP 	polygon: autoDraw = True
815.6561 	DATA 	Mouse:  Left button up, pos=(966,217)
816.6012 	INFO 	Keyboard events cleared
816.6011 	EXP 	polygon: autoDraw = False
816.6011 	EXP 	polygon_2: autoDraw = True
816.9349 	EXP 	Device response: <KeyPress from None: t=816.9207621000005, value=space, duration=None>
816.9370 	DATA 	Keypress: space
816.9511 	EXP 	polygon: autoDraw = False
816.9511 	EXP 	polygon_2: autoDraw = False
817.0181 	EXP 	Sound sound_1 reached end of file
817.0344 	EXP 	Playing sound sound_1 on speaker Speakers (Realtek(R) Audio)
817.0347 	EXP 	Device response: <KeyPress from None: t=816.9207621000005, value=space, duration=0.09926199999972596>
817.3349 	EXP 	Sound sound_1 stopped
817.3449 	EXP 	text: autoDraw = True
817.3449 	EXP 	textbox: autoDraw = True
818.3737 	DATA 	Keypress: 2
818.3846 	EXP 	Device response: <KeyPress from None: t=818.3696772000003, value=2, duration=None>
818.4688 	EXP 	Device response: <KeyPress from None: t=818.3696772000003, value=2, duration=0.09574909999992087>
819.2347 	DATA 	Mouse: Left button down, pos=(923,340)
819.2353 	EXP 	New trial (rep=12, index=7): <Trial 151 (7 in rep 12) data={'delay': 0.4, 'freq': 400, 'condition': 'unexp', 'thisN': 151, 'thisTrialN': 7, 'thisRepN': 12}>
819.2507 	EXP 	text: autoDraw = False
819.2507 	EXP 	textbox: autoDraw = False
819.2507 	EXP 	polygon: autoDraw = True
819.3191 	DATA 	Mouse:  Left button up, pos=(923,340)
820.2510 	INFO 	Keyboard events cleared
820.2508 	EXP 	polygon: autoDraw = False
820.2508 	EXP 	polygon_2: autoDraw = True
820.6182 	EXP 	Device response: <KeyPress from None: t=820.6137129000008, value=space, duration=None>
820.6214 	DATA 	Keypress: space
820.6344 	EXP 	polygon: autoDraw = False
820.6344 	EXP 	polygon_2: autoDraw = False
820.7184 	EXP 	Device response: <KeyPress from None: t=820.6137129000008, value=space, duration=0.09636969999974099>
821.0179 	EXP 	Sound sound_1 reached end of file
821.0341 	EXP 	Playing sound sound_1 on speaker Speakers (Realtek(R) Audio)
821.3369 	EXP 	Sound sound_1 stopped
821.3447 	EXP 	text: autoDraw = True
821.3447 	EXP 	textbox: autoDraw = True
822.0851 	DATA 	Keypress: 0
822.0863 	EXP 	Device response: <KeyPress from None: t=822.0847104000004, value=0, duration=None>
822.2359 	EXP 	Device response: <KeyPress from None: t=822.0847104000004, value=0, duration=0.14553669999986596>
822.6181 	DATA 	Mouse: Left button down, pos=(923,340)
822.6187 	EXP 	New trial (rep=12, index=8): <Trial 152 (8 in rep 12) data={'delay': 0.4, 'freq': 1000, 'condition': 'exp', 'thisN': 152, 'thisTrialN': 8, 'thisRepN': 12}>
822.6340 	EXP 	text: autoDraw = False
822.6340 	EXP 	textbox: autoDraw = False
822.6340 	EXP 	polygon: autoDraw = True
822.7078 	DATA 	Mouse:  Left button up, pos=(923,340)
823.6340 	INFO 	Keyboard events cleared
823.6339 	EXP 	polygon: autoDraw = False
823.6339 	EXP 	polygon_2: autoDraw = True
824.1512 	EXP 	Device response: <KeyPress from None: t=824.1478436000007, value=space, duration=None>
824.1530 	DATA 	Keypress: space
824.1678 	EXP 	polygon: autoDraw = False
824.1678 	EXP 	polygon_2: autoDraw = False
824.2679 	EXP 	Device response: <KeyPress from None: t=824.1478436000007, value=space, duration=0.11201129999972181>
824.5348 	EXP 	Sound sound_1 reached end of file
824.5511 	EXP 	Playing sound sound_1 on speaker Speakers (Realtek(R) Audio)
824.8468 	EXP 	Sound sound_1 stopped
824.8545 	EXP 	text: autoDraw = True
824.8545 	EXP 	textbox: autoDraw = True
825.7853 	DATA 	Keypress: 3
825.7876 	EXP 	Device response: <KeyPress from None: t=825.7823636000003, value=3, duration=None>
825.8525 	EXP 	Device response: <KeyPress from None: t=825.7823636000003, value=3, duration=0.06282939999982773>
826.3518 	DATA 	Mouse: Left button down, pos=(923,340)
826.3528 	EXP 	New trial (rep=12, index=9): <Trial 153 (9 in rep 12) data={'delay': 0.7, 'freq': 1000, 'condition': 'exp', 'thisN': 153, 'thisTrialN': 9, 'thisRepN': 12}>
826.3675 	EXP 	text: autoDraw = False
826.3675 	EXP 	textbox: autoDraw = False
826.3675 	EXP 	polygon: autoDraw = True
826.4369 	DATA 	Mouse:  Left button up, pos=(923,340)
827.3676 	INFO 	Keyboard events cleared
827.3675 	EXP 	polygon: autoDraw = False
827.3675 	EXP 	polygon_2: autoDraw = True
827.9015 	EXP 	Device response: <KeyPress from None: t=827.8936704000007, value=space, duration=None>
827.9037 	DATA 	Keypress: space
827.9174 	EXP 	polygon: autoDraw = False
827.9174 	EXP 	polygon_2: autoDraw = False
828.0345 	EXP 	Device response: <KeyPress from None: t=827.8936704000007, value=space, duration=0.134340799999336>
828.6016 	EXP 	Sound sound_1 reached end of file
828.6177 	EXP 	Playing sound sound_1 on speaker Speakers (Realtek(R) Audio)
828.9132 	EXP 	Sound sound_1 stopped
828.9228 	EXP 	text: autoDraw = True
828.9228 	EXP 	textbox: autoDraw = True
829.6183 	DATA 	Keypress: 4
829.6198 	EXP 	Device response: <KeyPress from None: t=829.6161592000008, value=4, duration=None>
829.6862 	EXP 	Device response: <KeyPress from None: t=829.6161592000008, value=4, duration=0.06681009999920207>
830.1896 	DATA 	Mouse: Left button down, pos=(923,338)
830.2038 	EXP 	New trial (rep=12, index=10): <Trial 154 (10 in rep 12) data={'delay': 0.7, 'freq': 1000, 'condition': 'exp', 'thisN': 154, 'thisTrialN': 10, 'thisRepN': 12}>
830.2176 	EXP 	text: autoDraw = False
830.2176 	EXP 	textbox: autoDraw = False
830.2176 	EXP 	polygon: autoDraw = True
830.2724 	DATA 	Mouse:  Left button up, pos=(923,338)
831.2178 	INFO 	Keyboard events cleared
831.2176 	EXP 	polygon: autoDraw = False
831.2176 	EXP 	polygon_2: autoDraw = True
831.4842 	EXP 	Device response: <KeyPress from None: t=831.4786987000007, value=space, duration=None>
831.4860 	DATA 	Keypress: space
831.5005 	EXP 	polygon: autoDraw = False
831.5005 	EXP 	polygon_2: autoDraw = False
831.6178 	EXP 	Device response: <KeyPress from None: t=831.4786987000007, value=space, duration=0.12904709999929764>
832.1681 	EXP 	Sound sound_1 reached end of file
832.1843 	EXP 	Playing sound sound_1 on speaker Speakers (Realtek(R) Audio)
832.4804 	EXP 	Sound sound_1 stopped
832.4910 	EXP 	text: autoDraw = True
832.4910 	EXP 	textbox: autoDraw = True
833.1915 	DATA 	Keypress: 3
833.2011 	EXP 	Device response: <KeyPress from None: t=833.1903889000005, value=3, duration=None>
833.2849 	EXP 	Device response: <KeyPress from None: t=833.1903889000005, value=3, duration=0.07943820000036794>
833.7769 	DATA 	Mouse: Left button down, pos=(923,338)
833.7849 	EXP 	New trial (rep=12, index=11): <Trial 155 (11 in rep 12) data={'delay': 0.1, 'freq': 1000, 'condition': 'exp', 'thisN': 155, 'thisTrialN': 11, 'thisRepN': 12}>
833.8013 	EXP 	text: autoDraw = False
833.8013 	EXP 	textbox: autoDraw = False
833.8013 	EXP 	polygon: autoDraw = True
833.8530 	DATA 	Mouse:  Left button up, pos=(923,338)
834.7848 	INFO 	Keyboard events cleared
834.7843 	EXP 	polygon_2: autoDraw = True
834.8011 	EXP 	polygon: autoDraw = False
835.2682 	EXP 	Device response: <KeyPress from None: t=835.2545640000008, value=space, duration=None>
835.2704 	DATA 	Keypress: space
835.2840 	EXP 	polygon: autoDraw = False
835.2840 	EXP 	polygon_2: autoDraw = False
835.3518 	EXP 	Sound sound_1 reached end of file
835.3677 	EXP 	Playing sound sound_1 on speaker Speakers (Realtek(R) Audio)
835.3682 	EXP 	Device response: <KeyPress from None: t=835.2545640000008, value=space, duration=0.0993453999999474>
835.6638 	EXP 	Sound sound_1 stopped
835.6739 	EXP 	text: autoDraw = True
835.6739 	EXP 	textbox: autoDraw = True
836.7754 	DATA 	Keypress: 1
836.7848 	EXP 	Device response: <KeyPress from None: t=836.7749377, value=1, duration=None>
836.9193 	EXP 	Device response: <KeyPress from None: t=836.7749377, value=1, duration=0.13896980000026815>
837.7022 	DATA 	Mouse: Left button down, pos=(954,326)
837.7037 	EXP 	New trial (rep=13, index=0): <Trial 156 (0 in rep 13) data={'delay': 0.4, 'freq': 1000, 'condition': 'exp', 'thisN': 156, 'thisTrialN': 0, 'thisRepN': 13}>
837.7172 	EXP 	text: autoDraw = False
837.7172 	EXP 	textbox: autoDraw = False
837.7172 	EXP 	polygon: autoDraw = True
837.7865 	DATA 	Mouse:  Left button up, pos=(954,326)
838.7177 	INFO 	Keyboard events cleared
838.7175 	EXP 	polygon: autoDraw = False
838.7175 	EXP 	polygon_2: autoDraw = True
839.3017 	EXP 	Device response: <KeyPress from None: t=839.2897032000001, value=space, duration=None>
839.3043 	DATA 	Keypress: space
839.3176 	EXP 	polygon: autoDraw = False
839.3176 	EXP 	polygon_2: autoDraw = False
839.4012 	EXP 	Device response: <KeyPress from None: t=839.2897032000001, value=space, duration=0.10981960000026447>
839.7010 	EXP 	Sound sound_1 reached end of file
839.7172 	EXP 	Playing sound sound_1 on speaker Speakers (Realtek(R) Audio)
840.0137 	EXP 	Sound sound_1 stopped
840.0239 	EXP 	text: autoDraw = True
840.0239 	EXP 	textbox: autoDraw = True
841.6751 	DATA 	Keypress: 2
841.6845 	EXP 	Device response: <KeyPress from None: t=841.6730003000002, value=2, duration=None>
841.7679 	EXP 	Device response: <KeyPress from None: t=841.6730003000002, value=2, duration=0.07954880000033882>
844.0381 	DATA 	Mouse: Left button down, pos=(1006,333)
844.0391 	EXP 	New trial (rep=13, index=1): <Trial 157 (1 in rep 13) data={'delay': 0.1, 'freq': 1000, 'condition': 'exp', 'thisN': 157, 'thisTrialN': 1, 'thisRepN': 13}>
844.0507 	EXP 	text: autoDraw = False
844.0507 	EXP 	textbox: autoDraw = False
844.0507 	EXP 	polygon: autoDraw = True
844.1213 	DATA 	Mouse:  Left button up, pos=(1006,333)
845.0512 	INFO 	Keyboard events cleared
845.0510 	EXP 	polygon: autoDraw = False
845.0510 	EXP 	polygon_2: autoDraw = True
848.2845 	EXP 	Device response: <KeyPress from None: t=848.2721714000008, value=space, duration=None>
848.2866 	DATA 	Keypress: space
848.3007 	EXP 	polygon: autoDraw = False
848.3007 	EXP 	polygon_2: autoDraw = False
848.3677 	EXP 	Sound sound_1 reached end of file
848.3839 	EXP 	Playing sound sound_1 on speaker Speakers (Realtek(R) Audio)
848.4180 	EXP 	Device response: <KeyPress from None: t=848.2721714000008, value=space, duration=0.14513429999988148>
848.6801 	EXP 	Sound sound_1 stopped
848.6903 	EXP 	text: autoDraw = True
848.6903 	EXP 	textbox: autoDraw = True
850.0682 	DATA 	Keypress: 1
850.0697 	EXP 	Device response: <KeyPress from None: t=850.0649999000007, value=1, duration=None>
850.1536 	EXP 	Device response: <KeyPress from None: t=850.0649999000007, value=1, duration=0.08307469999999739>
852.1526 	DATA 	Mouse: Left button down, pos=(1006,333)
852.1548 	EXP 	New trial (rep=13, index=2): <Trial 158 (2 in rep 13) data={'delay': 0.4, 'freq': 1000, 'condition': 'exp', 'thisN': 158, 'thisTrialN': 2, 'thisRepN': 13}>
852.1676 	EXP 	text: autoDraw = False
852.1676 	EXP 	textbox: autoDraw = False
852.1676 	EXP 	polygon: autoDraw = True
852.2536 	DATA 	Mouse:  Left button up, pos=(1006,333)
853.1673 	INFO 	Keyboard events cleared
853.1672 	EXP 	polygon: autoDraw = False
853.1672 	EXP 	polygon_2: autoDraw = True
854.3340 	EXP 	Device response: <KeyPress from None: t=854.3224540000001, value=space, duration=None>
854.3357 	DATA 	Keypress: space
854.3503 	EXP 	polygon: autoDraw = False
854.3503 	EXP 	polygon_2: autoDraw = False
854.4510 	EXP 	Device response: <KeyPress from None: t=854.3224540000001, value=space, duration=0.11238820000016858>
854.7178 	EXP 	Sound sound_1 reached end of file
854.7340 	EXP 	Playing sound sound_1 on speaker Speakers (Realtek(R) Audio)
855.0367 	EXP 	Sound sound_1 stopped
855.0477 	EXP 	text: autoDraw = True
855.0477 	EXP 	textbox: autoDraw = True
856.0847 	DATA 	Keypress: 2
856.0869 	EXP 	Device response: <KeyPress from None: t=856.0779454000003, value=2, duration=None>
856.1526 	EXP 	Device response: <KeyPress from None: t=856.0779454000003, value=2, duration=0.0694402999997692>
856.9179 	DATA 	Keypress: space
856.9199 	EXP 	Device response: <KeyPress from None: t=856.9162804000007, value=space, duration=None>
857.0683 	EXP 	Device response: <KeyPress from None: t=856.9162804000007, value=space, duration=0.14161199999944074>
858.9691 	DATA 	Mouse: Left button down, pos=(947,239)
858.9702 	EXP 	New trial (rep=13, index=3): <Trial 159 (3 in rep 13) data={'delay': 0.1, 'freq': 400, 'condition': 'unexp', 'thisN': 159, 'thisTrialN': 3, 'thisRepN': 13}>
858.9839 	EXP 	text: autoDraw = False
858.9839 	EXP 	textbox: autoDraw = False
858.9839 	EXP 	polygon: autoDraw = True
859.0886 	DATA 	Mouse:  Left button up, pos=(947,239)
859.9837 	INFO 	Keyboard events cleared
859.9835 	EXP 	polygon: autoDraw = False
859.9835 	EXP 	polygon_2: autoDraw = True
860.3011 	EXP 	Device response: <KeyPress from None: t=860.2869196000001, value=space, duration=None>
860.3035 	DATA 	Keypress: space
860.3172 	EXP 	polygon: autoDraw = False
860.3172 	EXP 	polygon_2: autoDraw = False
860.3842 	EXP 	Sound sound_1 reached end of file
860.4005 	EXP 	Playing sound sound_1 on speaker Speakers (Realtek(R) Audio)
860.4349 	EXP 	Device response: <KeyPress from None: t=860.2869196000001, value=space, duration=0.14184970000042085>
860.6969 	EXP 	Sound sound_1 stopped
860.7075 	EXP 	text: autoDraw = True
860.7075 	EXP 	textbox: autoDraw = True
861.6255 	DATA 	Keypress: 0
861.6347 	EXP 	Device response: <KeyPress from None: t=861.6251235, value=0, duration=None>
861.7512 	EXP 	Device response: <KeyPress from None: t=861.6251235, value=0, duration=0.11234910000075615>
862.1858 	DATA 	Mouse: Left button down, pos=(947,239)
862.1870 	EXP 	New trial (rep=13, index=4): <Trial 160 (4 in rep 13) data={'delay': 0.7, 'freq': 1000, 'condition': 'exp', 'thisN': 160, 'thisTrialN': 4, 'thisRepN': 13}>
862.2013 	EXP 	text: autoDraw = False
862.2013 	EXP 	textbox: autoDraw = False
862.2013 	EXP 	polygon: autoDraw = True
862.2704 	DATA 	Mouse:  Left button up, pos=(947,239)
863.2009 	INFO 	Keyboard events cleared
863.2007 	EXP 	polygon: autoDraw = False
863.2007 	EXP 	polygon_2: autoDraw = True
863.7343 	EXP 	Device response: <KeyPress from None: t=863.7218892000001, value=space, duration=None>
863.7366 	DATA 	Keypress: space
863.7505 	EXP 	polygon: autoDraw = False
863.7505 	EXP 	polygon_2: autoDraw = False
863.8841 	EXP 	Device response: <KeyPress from None: t=863.7218892000001, value=space, duration=0.15836320000016713>
864.4175 	EXP 	Sound sound_1 reached end of file
864.4337 	EXP 	Playing sound sound_1 on speaker Speakers (Realtek(R) Audio)
864.7373 	EXP 	Sound sound_1 stopped
864.7462 	EXP 	text: autoDraw = True
864.7462 	EXP 	textbox: autoDraw = True
865.7517 	DATA 	Keypress: 4
865.7543 	EXP 	Device response: <KeyPress from None: t=865.7435689000004, value=4, duration=None>
865.8529 	EXP 	Device response: <KeyPress from None: t=865.7435689000004, value=4, duration=0.0992300999996587>
866.4515 	DATA 	Mouse: Left button down, pos=(942,236)
866.4533 	EXP 	New trial (rep=13, index=5): <Trial 161 (5 in rep 13) data={'delay': 0.4, 'freq': 400, 'condition': 'unexp', 'thisN': 161, 'thisTrialN': 5, 'thisRepN': 13}>
866.4672 	EXP 	text: autoDraw = False
866.4672 	EXP 	textbox: autoDraw = False
866.4672 	EXP 	polygon: autoDraw = True
866.5530 	DATA 	Mouse:  Left button up, pos=(942,236)
867.4673 	INFO 	Keyboard events cleared
867.4672 	EXP 	polygon: autoDraw = False
867.4672 	EXP 	polygon_2: autoDraw = True
869.8860 	DATA 	Keypress: space
869.9010 	EXP 	Device response: <KeyPress from None: t=869.8849758000006, value=space, duration=None>
869.9173 	EXP 	polygon: autoDraw = False
869.9173 	EXP 	polygon_2: autoDraw = False
869.9507 	EXP 	Device response: <KeyPress from None: t=869.8849758000006, value=space, duration=0.06339250000019092>
870.2841 	EXP 	Sound sound_1 reached end of file
870.3002 	EXP 	Playing sound sound_1 on speaker Speakers (Realtek(R) Audio)
870.5935 	EXP 	Sound sound_1 stopped
870.6036 	EXP 	text: autoDraw = True
870.6036 	EXP 	textbox: autoDraw = True
871.5278 	DATA 	Keypress: 0
871.5343 	EXP 	Device response: <KeyPress from None: t=871.5260858000001, value=0, duration=None>
871.6511 	EXP 	Device response: <KeyPress from None: t=871.5260858000001, value=0, duration=0.11221670000031736>
873.6019 	DATA 	Mouse: Left button down, pos=(936,236)
873.6028 	EXP 	New trial (rep=13, index=6): <Trial 162 (6 in rep 13) data={'delay': 0.4, 'freq': 1000, 'condition': 'exp', 'thisN': 162, 'thisTrialN': 6, 'thisRepN': 13}>
873.6170 	EXP 	text: autoDraw = False
873.6170 	EXP 	textbox: autoDraw = False
873.6170 	EXP 	polygon: autoDraw = True
873.7065 	DATA 	Mouse:  Left button up, pos=(936,236)
874.6172 	INFO 	Keyboard events cleared
874.6170 	EXP 	polygon: autoDraw = False
874.6170 	EXP 	polygon_2: autoDraw = True
874.9512 	EXP 	Device response: <KeyPress from None: t=874.9500706000008, value=space, duration=None>
874.9536 	DATA 	Keypress: space
874.9670 	EXP 	polygon: autoDraw = False
874.9670 	EXP 	polygon_2: autoDraw = False
875.0843 	EXP 	Device response: <KeyPress from None: t=874.9500706000008, value=space, duration=0.1216335999997682>
875.3507 	EXP 	Sound sound_1 reached end of file
875.3668 	EXP 	Playing sound sound_1 on speaker Speakers (Realtek(R) Audio)
875.6644 	EXP 	Sound sound_1 stopped
875.6734 	EXP 	text: autoDraw = True
875.6734 	EXP 	textbox: autoDraw = True
876.5088 	DATA 	Keypress: 4
876.5171 	EXP 	Device response: <KeyPress from None: t=876.5035982000009, value=4, duration=None>
876.5874 	EXP 	Device response: <KeyPress from None: t=876.5035982000009, value=4, duration=0.0760984999997163>
878.5217 	DATA 	Keypress: backspace
878.5341 	EXP 	Device response: <KeyPress from None: t=878.5208273000007, value=backspace, duration=None>
878.6703 	EXP 	Device response: <KeyPress from None: t=878.5208273000007, value=backspace, duration=0.14174000000002707>
878.9345 	DATA 	Keypress: 3
878.9357 	EXP 	Device response: <KeyPress from None: t=878.9340612000005, value=3, duration=None>
879.0361 	EXP 	Device response: <KeyPress from None: t=878.9340612000005, value=3, duration=0.09261939999942115>
879.9184 	DATA 	Mouse: Left button down, pos=(899,247)
879.9201 	EXP 	New trial (rep=13, index=7): <Trial 163 (7 in rep 13) data={'delay': 0.7, 'freq': 400, 'condition': 'unexp', 'thisN': 163, 'thisTrialN': 7, 'thisRepN': 13}>
879.9335 	EXP 	text: autoDraw = False
879.9335 	EXP 	textbox: autoDraw = False
879.9335 	EXP 	polygon: autoDraw = True
880.0216 	DATA 	Mouse:  Left button up, pos=(899,247)
880.9335 	INFO 	Keyboard events cleared
880.9334 	EXP 	polygon: autoDraw = False
880.9334 	EXP 	polygon_2: autoDraw = True
881.3340 	EXP 	Device response: <KeyPress from None: t=881.3322705, value=space, duration=None>
881.3360 	DATA 	Keypress: space
881.3505 	EXP 	polygon: autoDraw = False
881.3505 	EXP 	polygon_2: autoDraw = False
881.4673 	EXP 	Device response: <KeyPress from None: t=881.3322705, value=space, duration=0.12714640000012878>
882.0171 	EXP 	Sound sound_1 reached end of file
882.0334 	EXP 	Playing sound sound_1 on speaker Speakers (Realtek(R) Audio)
882.3331 	EXP 	Sound sound_1 stopped
882.3440 	EXP 	text: autoDraw = True
882.3440 	EXP 	textbox: autoDraw = True
885.7675 	DATA 	Keypress: 0
885.7689 	EXP 	Device response: <KeyPress from None: t=885.7606507, value=0, duration=None>
885.9021 	EXP 	Device response: <KeyPress from None: t=885.7606507, value=0, duration=0.13533470000038506>
886.5601 	DATA 	Mouse: Left button down, pos=(922,256)
886.5687 	EXP 	New trial (rep=13, index=8): <Trial 164 (8 in rep 13) data={'delay': 0.1, 'freq': 1000, 'condition': 'exp', 'thisN': 164, 'thisTrialN': 8, 'thisRepN': 13}>
886.5840 	EXP 	text: autoDraw = False
886.5840 	EXP 	textbox: autoDraw = False
886.5840 	EXP 	polygon: autoDraw = True
886.6535 	DATA 	Mouse:  Left button up, pos=(922,256)
887.5837 	INFO 	Keyboard events cleared
887.5835 	EXP 	polygon: autoDraw = False
887.5835 	EXP 	polygon_2: autoDraw = True
889.0845 	EXP 	Device response: <KeyPress from None: t=889.0729505000008, value=space, duration=None>
889.0868 	DATA 	Keypress: space
889.1002 	EXP 	polygon: autoDraw = False
889.1002 	EXP 	polygon_2: autoDraw = False
889.1841 	EXP 	Sound sound_1 reached end of file
889.2002 	EXP 	Playing sound sound_1 on speaker Speakers (Realtek(R) Audio)
889.1843 	EXP 	Device response: <KeyPress from None: t=889.0729505000008, value=space, duration=0.10231679999924381>
889.4943 	EXP 	Sound sound_1 stopped
889.5052 	EXP 	text: autoDraw = True
889.5052 	EXP 	textbox: autoDraw = True
890.4097 	DATA 	Keypress: 1
890.4183 	EXP 	Device response: <KeyPress from None: t=890.4048323000006, value=1, duration=None>
890.5026 	EXP 	Device response: <KeyPress from None: t=890.4048323000006, value=1, duration=0.08926379999957135>
891.4896 	DATA 	Mouse: Left button down, pos=(927,241)
891.5023 	EXP 	New trial (rep=13, index=9): <Trial 165 (9 in rep 13) data={'delay': 0.1, 'freq': 1000, 'condition': 'exp', 'thisN': 165, 'thisTrialN': 9, 'thisRepN': 13}>
891.5167 	EXP 	text: autoDraw = False
891.5167 	EXP 	textbox: autoDraw = False
891.5167 	EXP 	polygon: autoDraw = True
891.5877 	DATA 	Mouse:  Left button up, pos=(927,241)
892.5171 	INFO 	Keyboard events cleared
892.5169 	EXP 	polygon: autoDraw = False
892.5169 	EXP 	polygon_2: autoDraw = True
892.8340 	EXP 	Device response: <KeyPress from None: t=892.8260956000004, value=space, duration=None>
892.8365 	DATA 	Keypress: space
892.8501 	EXP 	polygon: autoDraw = False
892.8501 	EXP 	polygon_2: autoDraw = False
892.9178 	EXP 	Sound sound_1 reached end of file
892.9340 	EXP 	Playing sound sound_1 on speaker Speakers (Realtek(R) Audio)
892.9339 	EXP 	Device response: <KeyPress from None: t=892.8260956000004, value=space, duration=0.10298779999993712>
893.2366 	EXP 	Sound sound_1 stopped
893.2458 	EXP 	text: autoDraw = True
893.2458 	EXP 	textbox: autoDraw = True
894.2060 	DATA 	Keypress: 2
894.2177 	EXP 	Device response: <KeyPress from None: t=894.2020091000004, value=2, duration=None>
894.2853 	EXP 	Device response: <KeyPress from None: t=894.2020091000004, value=2, duration=0.07675269999981538>
895.1362 	DATA 	Mouse: Left button down, pos=(927,241)
895.1373 	EXP 	New trial (rep=13, index=10): <Trial 166 (10 in rep 13) data={'delay': 0.7, 'freq': 1000, 'condition': 'exp', 'thisN': 166, 'thisTrialN': 10, 'thisRepN': 13}>
895.1499 	EXP 	text: autoDraw = False
895.1499 	EXP 	textbox: autoDraw = False
895.1499 	EXP 	polygon: autoDraw = True
895.3713 	DATA 	Mouse:  Left button up, pos=(927,241)
896.1501 	INFO 	Keyboard events cleared
896.1499 	EXP 	polygon: autoDraw = False
896.1499 	EXP 	polygon_2: autoDraw = True
897.5005 	EXP 	Device response: <KeyPress from None: t=897.4882506000004, value=space, duration=None>
897.5026 	DATA 	Keypress: space
897.5166 	EXP 	polygon: autoDraw = False
897.5166 	EXP 	polygon_2: autoDraw = False
897.6345 	EXP 	Device response: <KeyPress from None: t=897.4882506000004, value=space, duration=0.138741900000241>
898.1838 	EXP 	Sound sound_1 reached end of file
898.2001 	EXP 	Playing sound sound_1 on speaker Speakers (Realtek(R) Audio)
898.4953 	EXP 	Sound sound_1 stopped
898.5048 	EXP 	text: autoDraw = True
898.5048 	EXP 	textbox: autoDraw = True
899.5272 	DATA 	Keypress: 4
899.5338 	EXP 	Device response: <KeyPress from None: t=899.5207511000008, value=4, duration=None>
899.6020 	EXP 	Device response: <KeyPress from None: t=899.5207511000008, value=4, duration=0.07173499999953492>
900.1189 	DATA 	Mouse: Left button down, pos=(927,241)
900.1206 	EXP 	New trial (rep=13, index=11): <Trial 167 (11 in rep 13) data={'delay': 0.7, 'freq': 1000, 'condition': 'exp', 'thisN': 167, 'thisTrialN': 11, 'thisRepN': 13}>
900.1336 	EXP 	text: autoDraw = False
900.1336 	EXP 	textbox: autoDraw = False
900.1336 	EXP 	polygon: autoDraw = True
900.1885 	DATA 	Mouse:  Left button up, pos=(927,241)
901.1335 	INFO 	Keyboard events cleared
901.1334 	EXP 	polygon: autoDraw = False
901.1334 	EXP 	polygon_2: autoDraw = True
901.4504 	EXP 	Device response: <KeyPress from None: t=901.4411646000008, value=space, duration=None>
901.4526 	DATA 	Keypress: space
901.4667 	EXP 	polygon: autoDraw = False
901.4667 	EXP 	polygon_2: autoDraw = False
901.5171 	EXP 	Device response: <KeyPress from None: t=901.4411646000008, value=space, duration=0.07528179999917484>
902.1337 	EXP 	Sound sound_1 reached end of file
902.1500 	EXP 	Playing sound sound_1 on speaker Speakers (Realtek(R) Audio)
902.4433 	EXP 	Sound sound_1 stopped
902.4534 	EXP 	text: autoDraw = True
902.4534 	EXP 	textbox: autoDraw = True
903.1502 	DATA 	Keypress: 3
903.1516 	EXP 	Device response: <KeyPress from None: t=903.1489889000004, value=3, duration=None>
903.2346 	EXP 	Device response: <KeyPress from None: t=903.1489889000004, value=3, duration=0.08399389999976847>
903.8171 	DATA 	Mouse: Left button down, pos=(927,241)
903.8180 	EXP 	New trial (rep=14, index=0): <Trial 168 (0 in rep 14) data={'delay': 0.7, 'freq': 1000, 'condition': 'exp', 'thisN': 168, 'thisTrialN': 0, 'thisRepN': 14}>
903.8332 	EXP 	text: autoDraw = False
903.8332 	EXP 	textbox: autoDraw = False
903.8332 	EXP 	polygon: autoDraw = True
903.9195 	DATA 	Mouse:  Left button up, pos=(927,241)
904.8332 	INFO 	Keyboard events cleared
904.8330 	EXP 	polygon: autoDraw = False
904.8330 	EXP 	polygon_2: autoDraw = True
905.1673 	EXP 	Device response: <KeyPress from None: t=905.1665445000008, value=space, duration=None>
905.1694 	DATA 	Keypress: space
905.1833 	EXP 	polygon: autoDraw = False
905.1833 	EXP 	polygon_2: autoDraw = False
905.2506 	EXP 	Device response: <KeyPress from None: t=905.1665445000008, value=space, duration=0.06944499999917753>
905.8662 	EXP 	Sound sound_1 reached end of file
905.8827 	EXP 	Playing sound sound_1 on speaker Speakers (Realtek(R) Audio)
906.1759 	EXP 	Sound sound_1 stopped
906.1834 	EXP 	text: autoDraw = True
906.1834 	EXP 	textbox: autoDraw = True
906.8835 	DATA 	Keypress: 4
906.8846 	EXP 	Device response: <KeyPress from None: t=906.8809158000004, value=4, duration=None>
906.9831 	EXP 	Device response: <KeyPress from None: t=906.8809158000004, value=4, duration=0.08589339999980439>
907.5836 	DATA 	Mouse: Left button down, pos=(927,241)
907.5847 	EXP 	New trial (rep=14, index=1): <Trial 169 (1 in rep 14) data={'delay': 0.7, 'freq': 1000, 'condition': 'exp', 'thisN': 169, 'thisTrialN': 1, 'thisRepN': 14}>
907.5998 	EXP 	text: autoDraw = False
907.5998 	EXP 	textbox: autoDraw = False
907.5998 	EXP 	polygon: autoDraw = True
907.6699 	DATA 	Mouse:  Left button up, pos=(927,241)
908.5997 	INFO 	Keyboard events cleared
908.5996 	EXP 	polygon: autoDraw = False
908.5996 	EXP 	polygon_2: autoDraw = True
908.9166 	EXP 	Device response: <KeyPress from None: t=908.9073507000003, value=space, duration=None>
908.9182 	DATA 	Keypress: space
908.9329 	EXP 	polygon: autoDraw = False
908.9329 	EXP 	polygon_2: autoDraw = False
909.0663 	EXP 	Device response: <KeyPress from None: t=908.9073507000003, value=space, duration=0.15493229999992764>
909.5999 	EXP 	Sound sound_1 reached end of file
909.6161 	EXP 	Playing sound sound_1 on speaker Speakers (Realtek(R) Audio)
909.9153 	EXP 	Sound sound_1 stopped
909.9212 	EXP 	text: autoDraw = True
909.9212 	EXP 	textbox: autoDraw = True
910.9907 	DATA 	Keypress: 4
911.0010 	EXP 	Device response: <KeyPress from None: t=910.9904164, value=4, duration=None>
911.1021 	EXP 	Device response: <KeyPress from None: t=910.9904164, value=4, duration=0.10625060000074882>
912.3180 	DATA 	Mouse: Left button down, pos=(927,241)
912.3199 	EXP 	New trial (rep=14, index=2): <Trial 170 (2 in rep 14) data={'delay': 0.1, 'freq': 1000, 'condition': 'exp', 'thisN': 170, 'thisTrialN': 2, 'thisRepN': 14}>
912.3330 	EXP 	text: autoDraw = False
912.3330 	EXP 	textbox: autoDraw = False
912.3330 	EXP 	polygon: autoDraw = True
912.4203 	DATA 	Mouse:  Left button up, pos=(927,241)
913.3332 	INFO 	Keyboard events cleared
913.3330 	EXP 	polygon: autoDraw = False
913.3330 	EXP 	polygon_2: autoDraw = True
913.8334 	EXP 	Device response: <KeyPress from None: t=913.8294044000004, value=space, duration=None>
913.8355 	DATA 	Keypress: space
913.8495 	EXP 	polygon: autoDraw = False
913.8495 	EXP 	polygon_2: autoDraw = False
913.9170 	EXP 	Sound sound_1 reached end of file
913.9330 	EXP 	Playing sound sound_1 on speaker Speakers (Realtek(R) Audio)
913.9507 	EXP 	Device response: <KeyPress from None: t=913.8294044000004, value=space, duration=0.11598469999989902>
914.2281 	EXP 	Sound sound_1 stopped
914.2390 	EXP 	text: autoDraw = True
914.2390 	EXP 	textbox: autoDraw = True
915.3584 	DATA 	Keypress: 2
915.3667 	EXP 	Device response: <KeyPress from None: t=915.3535687000003, value=2, duration=None>
915.4689 	EXP 	Device response: <KeyPress from None: t=915.3535687000003, value=2, duration=0.10558920000039507>
917.1689 	DATA 	Mouse: Left button down, pos=(1024,222)
917.1699 	EXP 	New trial (rep=14, index=3): <Trial 171 (3 in rep 14) data={'delay': 0.4, 'freq': 400, 'condition': 'unexp', 'thisN': 171, 'thisTrialN': 3, 'thisRepN': 14}>
917.1830 	EXP 	text: autoDraw = False
917.1830 	EXP 	textbox: autoDraw = False
917.1830 	EXP 	polygon: autoDraw = True
917.2708 	DATA 	Mouse:  Left button up, pos=(1024,222)
918.1833 	INFO 	Keyboard events cleared
918.1831 	EXP 	polygon: autoDraw = False
918.1831 	EXP 	polygon_2: autoDraw = True
918.6668 	EXP 	Device response: <KeyPress from None: t=918.6653786000006, value=space, duration=None>
918.6688 	DATA 	Keypress: space
918.6828 	EXP 	polygon: autoDraw = False
918.6828 	EXP 	polygon_2: autoDraw = False
918.7837 	EXP 	Device response: <KeyPress from None: t=918.6653786000006, value=space, duration=0.1091363999994428>
919.0666 	EXP 	Sound sound_1 reached end of file
919.0829 	EXP 	Playing sound sound_1 on speaker Speakers (Realtek(R) Audio)
919.3754 	EXP 	Sound sound_1 stopped
919.3864 	EXP 	text: autoDraw = True
919.3864 	EXP 	textbox: autoDraw = True
920.0505 	DATA 	Keypress: 0
920.0521 	EXP 	Device response: <KeyPress from None: t=920.0498974000002, value=0, duration=None>
920.1681 	EXP 	Device response: <KeyPress from None: t=920.0498974000002, value=0, duration=0.11256450000018958>
920.5180 	DATA 	Mouse: Left button down, pos=(1024,222)
920.5190 	EXP 	New trial (rep=14, index=4): <Trial 172 (4 in rep 14) data={'delay': 0.1, 'freq': 400, 'condition': 'unexp', 'thisN': 172, 'thisTrialN': 4, 'thisRepN': 14}>
920.5334 	EXP 	text: autoDraw = False
920.5334 	EXP 	textbox: autoDraw = False
920.5334 	EXP 	polygon: autoDraw = True
920.6213 	DATA 	Mouse:  Left button up, pos=(1024,222)
921.5336 	INFO 	Keyboard events cleared
921.5332 	EXP 	polygon: autoDraw = False
921.5332 	EXP 	polygon_2: autoDraw = True
922.0003 	EXP 	Device response: <KeyPress from None: t=921.9950102000003, value=space, duration=None>
922.0025 	DATA 	Keypress: space
922.0160 	EXP 	polygon: autoDraw = False
922.0160 	EXP 	polygon_2: autoDraw = False
922.0843 	EXP 	Sound sound_1 reached end of file
922.1001 	EXP 	Playing sound sound_1 on speaker Speakers (Realtek(R) Audio)
922.1004 	EXP 	Device response: <KeyPress from None: t=921.9950102000003, value=space, duration=0.10247280000021419>
922.3959 	EXP 	Sound sound_1 stopped
922.4060 	EXP 	text: autoDraw = True
922.4060 	EXP 	textbox: autoDraw = True
923.1069 	DATA 	Keypress: 0
923.1167 	EXP 	Device response: <KeyPress from None: t=923.1055929000004, value=0, duration=None>
923.2189 	EXP 	Device response: <KeyPress from None: t=923.1055929000004, value=0, duration=0.10587519999990036>
923.5562 	DATA 	Mouse: Left button down, pos=(1024,222)
923.5690 	EXP 	New trial (rep=14, index=5): <Trial 173 (5 in rep 14) data={'delay': 0.4, 'freq': 1000, 'condition': 'exp', 'thisN': 173, 'thisTrialN': 5, 'thisRepN': 14}>
923.5829 	EXP 	text: autoDraw = False
923.5829 	EXP 	textbox: autoDraw = False
923.5829 	EXP 	polygon: autoDraw = True
923.6530 	DATA 	Mouse:  Left button up, pos=(1024,222)
924.5834 	INFO 	Keyboard events cleared
924.5832 	EXP 	polygon: autoDraw = False
924.5832 	EXP 	polygon_2: autoDraw = True
925.3001 	EXP 	Device response: <KeyPress from None: t=925.2966751000004, value=space, duration=None>
925.3026 	DATA 	Keypress: space
925.3159 	EXP 	polygon: autoDraw = False
925.3159 	EXP 	polygon_2: autoDraw = False
925.4169 	EXP 	Device response: <KeyPress from None: t=925.2966751000004, value=space, duration=0.11619059999975434>
925.6835 	EXP 	Sound sound_1 reached end of file
925.6996 	EXP 	Playing sound sound_1 on speaker Speakers (Realtek(R) Audio)
925.9967 	EXP 	Sound sound_1 stopped
926.0060 	EXP 	text: autoDraw = True
926.0060 	EXP 	textbox: autoDraw = True
927.5567 	DATA 	Keypress: 3
927.5670 	EXP 	Device response: <KeyPress from None: t=927.5556800000004, value=3, duration=None>
927.6347 	EXP 	Device response: <KeyPress from None: t=927.5556800000004, value=3, duration=0.0694788000000699>
928.3690 	DATA 	Mouse: Left button down, pos=(1024,222)
928.3703 	EXP 	New trial (rep=14, index=6): <Trial 174 (6 in rep 14) data={'delay': 0.4, 'freq': 1000, 'condition': 'exp', 'thisN': 174, 'thisTrialN': 6, 'thisRepN': 14}>
928.3830 	EXP 	text: autoDraw = False
928.3830 	EXP 	textbox: autoDraw = False
928.3830 	EXP 	polygon: autoDraw = True
928.4692 	DATA 	Mouse:  Left button up, pos=(1024,222)
929.3832 	INFO 	Keyboard events cleared
929.3830 	EXP 	polygon: autoDraw = False
929.3830 	EXP 	polygon_2: autoDraw = True
929.6833 	EXP 	Device response: <KeyPress from None: t=929.6759216, value=space, duration=None>
929.6851 	DATA 	Keypress: space
929.6994 	EXP 	polygon: autoDraw = False
929.6994 	EXP 	polygon_2: autoDraw = False
929.8168 	EXP 	Device response: <KeyPress from None: t=929.6759216, value=space, duration=0.13153330000022834>
930.0668 	EXP 	Sound sound_1 reached end of file
930.0830 	EXP 	Playing sound sound_1 on speaker Speakers (Realtek(R) Audio)
930.3860 	EXP 	Sound sound_1 stopped
930.3954 	EXP 	text: autoDraw = True
930.3954 	EXP 	textbox: autoDraw = True
931.2735 	DATA 	Keypress: 1
931.2836 	EXP 	Device response: <KeyPress from None: t=931.2723025000005, value=1, duration=None>
931.3521 	EXP 	Device response: <KeyPress from None: t=931.2723025000005, value=1, duration=0.0665724999998929>
932.2835 	DATA 	Keypress: backspace
932.2850 	EXP 	Device response: <KeyPress from None: t=932.2826884000006, value=backspace, duration=None>
932.4020 	EXP 	Device response: <KeyPress from None: t=932.2826884000006, value=backspace, duration=0.10835390000011103>
932.7836 	DATA 	Keypress: 2
932.7849 	EXP 	Device response: <KeyPress from None: t=932.7812441000005, value=2, duration=None>
932.9004 	EXP 	Device response: <KeyPress from None: t=932.7812441000005, value=2, duration=0.10591920000024402>
933.3337 	DATA 	Keypress: space
933.3354 	EXP 	Device response: <KeyPress from None: t=933.3295199000004, value=space, duration=None>
933.4844 	EXP 	Device response: <KeyPress from None: t=933.3295199000004, value=space, duration=0.1388368999996601>
934.0372 	DATA 	Keypress: backspace
934.0504 	EXP 	Device response: <KeyPress from None: t=934.0340022, value=backspace, duration=None>
934.1526 	EXP 	Device response: <KeyPress from None: t=934.0340022, value=backspace, duration=0.1087840000000142>
934.4510 	DATA 	Mouse: Left button down, pos=(1024,222)
934.4522 	EXP 	New trial (rep=14, index=7): <Trial 175 (7 in rep 14) data={'delay': 0.1, 'freq': 1000, 'condition': 'exp', 'thisN': 175, 'thisTrialN': 7, 'thisRepN': 14}>
934.4663 	EXP 	text: autoDraw = False
934.4663 	EXP 	textbox: autoDraw = False
934.4663 	EXP 	polygon: autoDraw = True
934.5529 	DATA 	Mouse:  Left button up, pos=(1024,222)
935.4665 	INFO 	Keyboard events cleared
935.4664 	EXP 	polygon: autoDraw = False
935.4664 	EXP 	polygon_2: autoDraw = True
935.7663 	EXP 	Device response: <KeyPress from None: t=935.7647640000005, value=space, duration=None>
935.7681 	DATA 	Keypress: space
935.7828 	EXP 	polygon: autoDraw = False
935.7828 	EXP 	polygon_2: autoDraw = False
935.8497 	EXP 	Sound sound_1 reached end of file
935.8659 	EXP 	Playing sound sound_1 on speaker Speakers (Realtek(R) Audio)
935.8500 	EXP 	Device response: <KeyPress from None: t=935.7647640000005, value=space, duration=0.08304859999952896>
936.1639 	EXP 	Sound sound_1 stopped
936.1737 	EXP 	text: autoDraw = True
936.1737 	EXP 	textbox: autoDraw = True
939.7893 	DATA 	Keypress: 3
939.7998 	EXP 	Device response: <KeyPress from None: t=939.7854693000008, value=3, duration=None>
939.8662 	EXP 	Device response: <KeyPress from None: t=939.7854693000008, value=3, duration=0.0661283999997977>
940.8552 	DATA 	Mouse: Left button down, pos=(999,196)
940.8675 	EXP 	New trial (rep=14, index=8): <Trial 176 (8 in rep 14) data={'delay': 0.7, 'freq': 400, 'condition': 'unexp', 'thisN': 176, 'thisTrialN': 8, 'thisRepN': 14}>
940.8828 	EXP 	text: autoDraw = False
940.8828 	EXP 	textbox: autoDraw = False
940.8828 	EXP 	polygon: autoDraw = True
940.9879 	DATA 	Mouse:  Left button up, pos=(999,196)
941.8829 	INFO 	Keyboard events cleared
941.8826 	EXP 	polygon: autoDraw = False
941.8826 	EXP 	polygon_2: autoDraw = True
942.9165 	EXP 	Device response: <KeyPress from None: t=942.9127457000004, value=space, duration=None>
942.9186 	DATA 	Keypress: space
942.9328 	EXP 	polygon: autoDraw = False
942.9328 	EXP 	polygon_2: autoDraw = False
943.0500 	EXP 	Device response: <KeyPress from None: t=942.9127457000004, value=space, duration=0.12276779999956489>
943.6163 	EXP 	Sound sound_1 reached end of file
943.6325 	EXP 	Playing sound sound_1 on speaker Speakers (Realtek(R) Audio)
943.9252 	EXP 	Sound sound_1 stopped
943.9364 	EXP 	text: autoDraw = True
943.9364 	EXP 	textbox: autoDraw = True
944.3737 	DATA 	Keypress: 0
944.3835 	EXP 	Device response: <KeyPress from None: t=944.3692757000008, value=0, duration=None>
944.5167 	EXP 	Device response: <KeyPress from None: t=944.3692757000008, value=0, duration=0.13521049999962997>
945.0546 	DATA 	Mouse: Left button down, pos=(989,209)
945.0680 	EXP 	New trial (rep=14, index=9): <Trial 177 (9 in rep 14) data={'delay': 0.4, 'freq': 1000, 'condition': 'exp', 'thisN': 177, 'thisTrialN': 9, 'thisRepN': 14}>
945.0827 	EXP 	text: autoDraw = False
945.0827 	EXP 	textbox: autoDraw = False
945.0827 	EXP 	polygon: autoDraw = True
945.1531 	DATA 	Mouse:  Left button up, pos=(989,209)
946.0834 	INFO 	Keyboard events cleared
946.0831 	EXP 	polygon: autoDraw = False
946.0831 	EXP 	polygon_2: autoDraw = True
947.3508 	DATA 	Keypress: space
947.3667 	EXP 	Device response: <KeyPress from None: t=947.3502974000003, value=space, duration=None>
947.3827 	EXP 	polygon: autoDraw = False
947.3827 	EXP 	polygon_2: autoDraw = False
947.4849 	EXP 	Device response: <KeyPress from None: t=947.3502974000003, value=space, duration=0.13325890000032814>
947.7664 	EXP 	Sound sound_1 reached end of file
947.7825 	EXP 	Playing sound sound_1 on speaker Speakers (Realtek(R) Audio)
948.0809 	EXP 	Sound sound_1 stopped
948.0893 	EXP 	text: autoDraw = True
948.0893 	EXP 	textbox: autoDraw = True
948.7093 	DATA 	Keypress: 2
948.7164 	EXP 	Device response: <KeyPress from None: t=948.7071659000003, value=2, duration=None>
948.8021 	EXP 	Device response: <KeyPress from None: t=948.7071659000003, value=2, duration=0.08661360000041896>
949.2900 	DATA 	Mouse: Left button down, pos=(968,358)
949.3006 	EXP 	New trial (rep=14, index=10): <Trial 178 (10 in rep 14) data={'delay': 0.1, 'freq': 1000, 'condition': 'exp', 'thisN': 178, 'thisTrialN': 10, 'thisRepN': 14}>
949.3164 	EXP 	text: autoDraw = False
949.3164 	EXP 	textbox: autoDraw = False
949.3164 	EXP 	polygon: autoDraw = True
949.4024 	DATA 	Mouse:  Left button up, pos=(968,358)
950.3165 	INFO 	Keyboard events cleared
950.3163 	EXP 	polygon: autoDraw = False
950.3163 	EXP 	polygon_2: autoDraw = True
951.0027 	DATA 	Keypress: space
951.0162 	EXP 	Device response: <KeyPress from None: t=951.0018196000001, value=space, duration=None>
951.0329 	EXP 	polygon: autoDraw = False
951.0329 	EXP 	polygon_2: autoDraw = False
951.0998 	EXP 	Sound sound_1 reached end of file
951.1160 	EXP 	Playing sound sound_1 on speaker Speakers (Realtek(R) Audio)
951.1168 	EXP 	Device response: <KeyPress from None: t=951.0018196000001, value=space, duration=0.10600169999997888>
951.4140 	EXP 	Sound sound_1 stopped
951.4240 	EXP 	text: autoDraw = True
951.4240 	EXP 	textbox: autoDraw = True
952.0831 	DATA 	Keypress: 1
952.0847 	EXP 	Device response: <KeyPress from None: t=952.0766101000008, value=1, duration=None>
952.1524 	EXP 	Device response: <KeyPress from None: t=952.0766101000008, value=1, duration=0.073330199999873>
952.7509 	DATA 	Mouse: Left button down, pos=(968,358)
952.7522 	EXP 	New trial (rep=14, index=11): <Trial 179 (11 in rep 14) data={'delay': 0.7, 'freq': 1000, 'condition': 'exp', 'thisN': 179, 'thisTrialN': 11, 'thisRepN': 14}>
952.7671 	EXP 	text: autoDraw = False
952.7671 	EXP 	textbox: autoDraw = False
952.7671 	EXP 	polygon: autoDraw = True
952.8206 	DATA 	Mouse:  Left button up, pos=(968,358)
953.7659 	INFO 	Keyboard events cleared
953.7658 	EXP 	polygon_2: autoDraw = True
953.7821 	EXP 	polygon: autoDraw = False
954.1666 	EXP 	Device response: <KeyPress from None: t=954.1556605000005, value=space, duration=None>
954.1688 	DATA 	Keypress: space
954.1829 	EXP 	polygon: autoDraw = False
954.1829 	EXP 	polygon_2: autoDraw = False
954.2501 	EXP 	Device response: <KeyPress from None: t=954.1556605000005, value=space, duration=0.0828363000000536>
954.8500 	EXP 	Sound sound_1 reached end of file
954.8663 	EXP 	Playing sound sound_1 on speaker Speakers (Realtek(R) Audio)
955.1629 	EXP 	Sound sound_1 stopped
955.1727 	EXP 	text: autoDraw = True
955.1727 	EXP 	textbox: autoDraw = True
955.8998 	DATA 	Keypress: 4
955.9017 	EXP 	Device response: <KeyPress from None: t=955.8980900000006, value=4, duration=None>
955.9856 	EXP 	Device response: <KeyPress from None: t=955.8980900000006, value=4, duration=0.07969479999974283>
956.3414 	DATA 	Mouse: Left button down, pos=(968,358)
956.3511 	EXP 	New trial (rep=15, index=0): <Trial 180 (0 in rep 15) data={'delay': 0.7, 'freq': 1000, 'condition': 'exp', 'thisN': 180, 'thisTrialN': 0, 'thisRepN': 15}>
956.3661 	EXP 	text: autoDraw = False
956.3661 	EXP 	textbox: autoDraw = False
956.3661 	EXP 	polygon: autoDraw = True
956.4031 	DATA 	Mouse:  Left button up, pos=(968,358)
957.3660 	INFO 	Keyboard events cleared
957.3658 	EXP 	polygon: autoDraw = False
957.3658 	EXP 	polygon_2: autoDraw = True
957.7830 	EXP 	Device response: <KeyPress from None: t=957.7823487000005, value=space, duration=None>
957.7849 	DATA 	Keypress: space
957.7989 	EXP 	polygon: autoDraw = False
957.7989 	EXP 	polygon_2: autoDraw = False
957.8833 	EXP 	Device response: <KeyPress from None: t=957.7823487000005, value=space, duration=0.09143450000010489>
958.4663 	EXP 	Sound sound_1 reached end of file
958.4824 	EXP 	Playing sound sound_1 on speaker Speakers (Realtek(R) Audio)
958.7857 	EXP 	Sound sound_1 stopped
958.7949 	EXP 	text: autoDraw = True
958.7949 	EXP 	textbox: autoDraw = True
959.3339 	DATA 	Keypress: 3
959.3358 	EXP 	Device response: <KeyPress from None: t=959.3320326000003, value=3, duration=None>
959.4342 	EXP 	Device response: <KeyPress from None: t=959.3320326000003, value=3, duration=0.09886540000024979>
959.9169 	DATA 	Mouse: Left button down, pos=(968,358)
959.9185 	EXP 	New trial (rep=15, index=1): <Trial 181 (1 in rep 15) data={'delay': 0.1, 'freq': 1000, 'condition': 'exp', 'thisN': 181, 'thisTrialN': 1, 'thisRepN': 15}>
959.9326 	EXP 	text: autoDraw = False
959.9326 	EXP 	textbox: autoDraw = False
959.9326 	EXP 	polygon: autoDraw = True
960.0209 	DATA 	Mouse:  Left button up, pos=(968,358)
960.9324 	INFO 	Keyboard events cleared
960.9323 	EXP 	polygon: autoDraw = False
960.9323 	EXP 	polygon_2: autoDraw = True
961.3498 	EXP 	Device response: <KeyPress from None: t=961.3352884000005, value=space, duration=None>
961.3525 	DATA 	Keypress: space
961.3658 	EXP 	polygon: autoDraw = False
961.3658 	EXP 	polygon_2: autoDraw = False
961.4495 	EXP 	Sound sound_1 reached end of file
961.4656 	EXP 	Playing sound sound_1 on speaker Speakers (Realtek(R) Audio)
961.4833 	EXP 	Device response: <KeyPress from None: t=961.3352884000005, value=space, duration=0.13550469999972847>
961.7663 	EXP 	Sound sound_1 stopped
961.7765 	EXP 	text: autoDraw = True
961.7765 	EXP 	textbox: autoDraw = True
962.5414 	DATA 	Keypress: 2
962.5502 	EXP 	Device response: <KeyPress from None: t=962.5402402, value=2, duration=None>
962.6500 	EXP 	Device response: <KeyPress from None: t=962.5402402, value=2, duration=0.09875380000084988>
963.1509 	DATA 	Mouse: Left button down, pos=(968,358)
963.1528 	EXP 	New trial (rep=15, index=2): <Trial 182 (2 in rep 15) data={'delay': 0.1, 'freq': 400, 'condition': 'unexp', 'thisN': 182, 'thisTrialN': 2, 'thisRepN': 15}>
963.1661 	EXP 	text: autoDraw = False
963.1661 	EXP 	textbox: autoDraw = False
963.1661 	EXP 	polygon: autoDraw = True
963.2026 	DATA 	Mouse:  Left button up, pos=(968,358)
964.1661 	INFO 	Keyboard events cleared
964.1659 	EXP 	polygon: autoDraw = False
964.1659 	EXP 	polygon_2: autoDraw = True
964.4501 	EXP 	Device response: <KeyPress from None: t=964.4438317000004, value=space, duration=None>
964.4523 	DATA 	Keypress: space
964.4656 	EXP 	polygon: autoDraw = False
964.4656 	EXP 	polygon_2: autoDraw = False
964.5329 	EXP 	Sound sound_1 reached end of file
964.5493 	EXP 	Playing sound sound_1 on speaker Speakers (Realtek(R) Audio)
964.5497 	EXP 	Device response: <KeyPress from None: t=964.4438317000004, value=space, duration=0.10283689999960188>
964.8479 	EXP 	Sound sound_1 stopped
964.8574 	EXP 	text: autoDraw = True
964.8574 	EXP 	textbox: autoDraw = True
965.5497 	DATA 	Keypress: 0
965.5519 	EXP 	Device response: <KeyPress from None: t=965.5452282000006, value=0, duration=None>
965.6672 	EXP 	Device response: <KeyPress from None: t=965.5452282000006, value=0, duration=0.11581219999970926>
965.9663 	DATA 	Mouse: Left button down, pos=(968,358)
965.9671 	EXP 	New trial (rep=15, index=3): <Trial 183 (3 in rep 15) data={'delay': 0.1, 'freq': 1000, 'condition': 'exp', 'thisN': 183, 'thisTrialN': 3, 'thisRepN': 15}>
965.9820 	EXP 	text: autoDraw = False
965.9820 	EXP 	textbox: autoDraw = False
965.9820 	EXP 	polygon: autoDraw = True
966.0842 	DATA 	Mouse:  Left button up, pos=(968,358)
966.9821 	INFO 	Keyboard events cleared
966.9820 	EXP 	polygon: autoDraw = False
966.9820 	EXP 	polygon_2: autoDraw = True
967.2831 	EXP 	Device response: <KeyPress from None: t=967.2685255000006, value=space, duration=None>
967.2857 	DATA 	Keypress: space
967.2989 	EXP 	polygon: autoDraw = False
967.2989 	EXP 	polygon_2: autoDraw = False
967.3664 	EXP 	Sound sound_1 reached end of file
967.3827 	EXP 	Playing sound sound_1 on speaker Speakers (Realtek(R) Audio)
967.3999 	EXP 	Device response: <KeyPress from None: t=967.2685255000006, value=space, duration=0.12236219999977038>
967.6769 	EXP 	Sound sound_1 stopped
967.6863 	EXP 	text: autoDraw = True
967.6863 	EXP 	textbox: autoDraw = True
968.4994 	DATA 	Keypress: 1
968.5009 	EXP 	Device response: <KeyPress from None: t=968.4955044000008, value=1, duration=None>
968.6011 	EXP 	Device response: <KeyPress from None: t=968.4955044000008, value=1, duration=0.10285239999939222>
969.7238 	DATA 	Mouse: Left button down, pos=(939,78)
969.7350 	EXP 	New trial (rep=15, index=4): <Trial 184 (4 in rep 15) data={'delay': 0.7, 'freq': 1000, 'condition': 'exp', 'thisN': 184, 'thisTrialN': 4, 'thisRepN': 15}>
969.7492 	EXP 	text: autoDraw = False
969.7492 	EXP 	textbox: autoDraw = False
969.7492 	EXP 	polygon: autoDraw = True
969.8003 	DATA 	Mouse:  Left button up, pos=(939,78)
970.7492 	INFO 	Keyboard events cleared
970.7491 	EXP 	polygon: autoDraw = False
970.7491 	EXP 	polygon_2: autoDraw = True
971.9497 	EXP 	Device response: <KeyPress from None: t=971.9403360000006, value=v, duration=None>
971.9510 	DATA 	Keypress: v
971.9733 	DATA 	Keypress: b
971.9955 	EXP 	Device response: <KeyPress from None: t=971.956929, value=b, duration=None>
971.9956 	EXP 	Device response: <KeyPress from None: t=971.956929, value=b, duration=0.02690300000085699>
972.0158 	EXP 	Device response: <KeyPress from None: t=971.9403360000006, value=v, duration=0.059883199999603676>
972.5830 	EXP 	Device response: <KeyPress from None: t=972.5726019000003, value=space, duration=None>
972.5851 	DATA 	Keypress: space
972.5987 	EXP 	polygon: autoDraw = False
972.5987 	EXP 	polygon_2: autoDraw = False
972.6835 	EXP 	Device response: <KeyPress from None: t=972.5726019000003, value=space, duration=0.10312030000022787>
973.2828 	EXP 	Sound sound_1 reached end of file
973.2989 	EXP 	Playing sound sound_1 on speaker Speakers (Realtek(R) Audio)
973.5945 	EXP 	Sound sound_1 stopped
973.6060 	EXP 	text: autoDraw = True
973.6060 	EXP 	textbox: autoDraw = True
974.3661 	DATA 	Keypress: 4
974.3685 	EXP 	Device response: <KeyPress from None: t=974.3614769000005, value=4, duration=None>
974.4497 	EXP 	Device response: <KeyPress from None: t=974.3614769000005, value=4, duration=0.07229569999981322>
975.1842 	DATA 	Mouse: Left button down, pos=(920,270)
975.1857 	EXP 	New trial (rep=15, index=5): <Trial 185 (5 in rep 15) data={'delay': 0.4, 'freq': 1000, 'condition': 'exp', 'thisN': 185, 'thisTrialN': 5, 'thisRepN': 15}>
975.1988 	EXP 	text: autoDraw = False
975.1988 	EXP 	textbox: autoDraw = False
975.1988 	EXP 	polygon: autoDraw = True
975.2867 	DATA 	Mouse:  Left button up, pos=(920,270)
976.1988 	INFO 	Keyboard events cleared
976.1987 	EXP 	polygon: autoDraw = False
976.1987 	EXP 	polygon_2: autoDraw = True
976.4663 	EXP 	Device response: <KeyPress from None: t=976.4601829000003, value=space, duration=None>
976.4683 	DATA 	Keypress: space
976.4823 	EXP 	polygon: autoDraw = False
976.4823 	EXP 	polygon_2: autoDraw = False
976.5494 	EXP 	Device response: <KeyPress from None: t=976.4601829000003, value=space, duration=0.08610980000048585>
976.8493 	EXP 	Sound sound_1 reached end of file
976.8656 	EXP 	Playing sound sound_1 on speaker Speakers (Realtek(R) Audio)
977.1686 	EXP 	Sound sound_1 stopped
977.1780 	EXP 	text: autoDraw = True
977.1780 	EXP 	textbox: autoDraw = True
978.3669 	DATA 	Keypress: 3
978.3689 	EXP 	Device response: <KeyPress from None: t=978.3626086000004, value=3, duration=None>
978.4500 	EXP 	Device response: <KeyPress from None: t=978.3626086000004, value=3, duration=0.07634409999991476>
979.7037 	DATA 	Mouse: Left button down, pos=(918,220)
979.7164 	EXP 	New trial (rep=15, index=6): <Trial 186 (6 in rep 15) data={'delay': 0.4, 'freq': 400, 'condition': 'unexp', 'thisN': 186, 'thisTrialN': 6, 'thisRepN': 15}>
979.7322 	EXP 	text: autoDraw = False
979.7322 	EXP 	textbox: autoDraw = False
979.7322 	EXP 	polygon: autoDraw = True
979.7873 	DATA 	Mouse:  Left button up, pos=(918,220)
980.7168 	INFO 	Keyboard events cleared
980.7167 	EXP 	polygon_2: autoDraw = True
980.7322 	EXP 	polygon: autoDraw = False
981.3329 	EXP 	Device response: <KeyPress from None: t=981.3198361000004, value=space, duration=None>
981.3349 	DATA 	Keypress: space
981.3487 	EXP 	polygon: autoDraw = False
981.3487 	EXP 	polygon_2: autoDraw = False
981.4493 	EXP 	Device response: <KeyPress from None: t=981.3198361000004, value=space, duration=0.12508710000020073>
981.7324 	EXP 	Sound sound_1 reached end of file
981.7485 	EXP 	Playing sound sound_1 on speaker Speakers (Realtek(R) Audio)
982.0441 	EXP 	Sound sound_1 stopped
982.0555 	EXP 	text: autoDraw = True
982.0555 	EXP 	textbox: autoDraw = True
983.4565 	DATA 	Keypress: 0
983.4661 	EXP 	Device response: <KeyPress from None: t=983.4528047000003, value=0, duration=None>
983.5849 	EXP 	Device response: <KeyPress from None: t=983.4528047000003, value=0, duration=0.122588000000178>
984.3344 	DATA 	Mouse: Left button down, pos=(961,211)
984.3355 	EXP 	New trial (rep=15, index=7): <Trial 187 (7 in rep 15) data={'delay': 0.4, 'freq': 1000, 'condition': 'exp', 'thisN': 187, 'thisTrialN': 7, 'thisRepN': 15}>
984.3489 	EXP 	text: autoDraw = False
984.3489 	EXP 	textbox: autoDraw = False
984.3489 	EXP 	polygon: autoDraw = True
984.4206 	DATA 	Mouse:  Left button up, pos=(961,211)
984.8162 	EXP 	Device response: <KeyPress from None: t=984.8046359, value=space, duration=None>
984.8173 	DATA 	Keypress: space
984.9330 	EXP 	Device response: <KeyPress from None: t=984.8046359, value=space, duration=0.12238109999998414>
985.3489 	INFO 	Keyboard events cleared
985.3487 	EXP 	polygon: autoDraw = False
985.3487 	EXP 	polygon_2: autoDraw = True
985.6667 	EXP 	Device response: <KeyPress from None: t=985.666338, value=space, duration=None>
985.6685 	DATA 	Keypress: space
985.6821 	EXP 	polygon: autoDraw = False
985.6821 	EXP 	polygon_2: autoDraw = False
985.7654 	EXP 	Device response: <KeyPress from None: t=985.666338, value=space, duration=0.09526249999998981>
986.0658 	EXP 	Sound sound_1 reached end of file
986.0821 	EXP 	Playing sound sound_1 on speaker Speakers (Realtek(R) Audio)
986.3772 	EXP 	Sound sound_1 stopped
986.3894 	EXP 	text: autoDraw = True
986.3894 	EXP 	textbox: autoDraw = True
987.0499 	DATA 	Keypress: 3
987.0514 	EXP 	Device response: <KeyPress from None: t=987.0429757000002, value=3, duration=None>
987.1839 	EXP 	Device response: <KeyPress from None: t=987.0429757000002, value=3, duration=0.12906830000065384>
987.8834 	DATA 	Mouse: Left button down, pos=(946,327)
987.8846 	EXP 	New trial (rep=15, index=8): <Trial 188 (8 in rep 15) data={'delay': 0.7, 'freq': 400, 'condition': 'unexp', 'thisN': 188, 'thisTrialN': 8, 'thisRepN': 15}>
987.8992 	EXP 	text: autoDraw = False
987.8992 	EXP 	textbox: autoDraw = False
987.8992 	EXP 	polygon: autoDraw = True
987.9696 	DATA 	Mouse:  Left button up, pos=(946,327)
988.8990 	INFO 	Keyboard events cleared
988.8989 	EXP 	polygon: autoDraw = False
988.8989 	EXP 	polygon_2: autoDraw = True
989.5161 	EXP 	Device response: <KeyPress from None: t=989.5152588000001, value=space, duration=None>
989.5180 	DATA 	Keypress: space
989.5324 	EXP 	polygon: autoDraw = False
989.5324 	EXP 	polygon_2: autoDraw = False
989.6332 	EXP 	Device response: <KeyPress from None: t=989.5152588000001, value=space, duration=0.11203130000012607>
990.2157 	EXP 	Sound sound_1 reached end of file
990.2319 	EXP 	Playing sound sound_1 on speaker Speakers (Realtek(R) Audio)
990.5299 	EXP 	Sound sound_1 stopped
990.5389 	EXP 	text: autoDraw = True
990.5389 	EXP 	textbox: autoDraw = True
991.5080 	DATA 	Keypress: 0
991.5159 	EXP 	Device response: <KeyPress from None: t=991.5070878000006, value=0, duration=None>
991.6664 	EXP 	Device response: <KeyPress from None: t=991.5070878000006, value=0, duration=0.14522020000003977>
992.4709 	DATA 	Mouse: Left button down, pos=(914,353)
992.4855 	EXP 	New trial (rep=15, index=9): <Trial 189 (9 in rep 15) data={'delay': 0.7, 'freq': 1000, 'condition': 'exp', 'thisN': 189, 'thisTrialN': 9, 'thisRepN': 15}>
992.4986 	EXP 	text: autoDraw = False
992.4986 	EXP 	textbox: autoDraw = False
992.4986 	EXP 	polygon: autoDraw = True
992.5692 	DATA 	Mouse:  Left button up, pos=(914,353)
993.5000 	INFO 	Keyboard events cleared
993.4988 	EXP 	polygon: autoDraw = False
993.4988 	EXP 	polygon_2: autoDraw = True
993.9329 	EXP 	Device response: <KeyPress from None: t=993.9206808000008, value=space, duration=None>
993.9355 	DATA 	Keypress: space
993.9488 	EXP 	polygon: autoDraw = False
993.9488 	EXP 	polygon_2: autoDraw = False
994.0158 	EXP 	Device response: <KeyPress from None: t=993.9206808000008, value=space, duration=0.0895820999994612>
994.6329 	EXP 	Sound sound_1 reached end of file
994.6490 	EXP 	Playing sound sound_1 on speaker Speakers (Realtek(R) Audio)
994.9437 	EXP 	Sound sound_1 stopped
994.9548 	EXP 	text: autoDraw = True
994.9548 	EXP 	textbox: autoDraw = True
995.6571 	DATA 	Keypress: 4
995.6657 	EXP 	Device response: <KeyPress from None: t=995.6537294, value=4, duration=None>
995.7492 	EXP 	Device response: <KeyPress from None: t=995.6537294, value=4, duration=0.08884860000034678>
996.5002 	DATA 	Mouse: Left button down, pos=(914,353)
996.5021 	EXP 	New trial (rep=15, index=10): <Trial 190 (10 in rep 15) data={'delay': 0.4, 'freq': 1000, 'condition': 'exp', 'thisN': 190, 'thisTrialN': 10, 'thisRepN': 15}>
996.5153 	EXP 	text: autoDraw = False
996.5153 	EXP 	textbox: autoDraw = False
996.5153 	EXP 	polygon: autoDraw = True
996.6017 	DATA 	Mouse:  Left button up, pos=(914,353)
997.5149 	INFO 	Keyboard events cleared
997.5147 	EXP 	polygon: autoDraw = False
997.5147 	EXP 	polygon_2: autoDraw = True
998.0333 	DATA 	Keypress: space
998.0485 	EXP 	Device response: <KeyPress from None: t=998.0325232000005, value=space, duration=None>
998.0649 	EXP 	polygon: autoDraw = False
998.0649 	EXP 	polygon_2: autoDraw = False
998.1488 	EXP 	Device response: <KeyPress from None: t=998.0325232000005, value=space, duration=0.10562659999959578>
998.4324 	EXP 	Sound sound_1 reached end of file
998.4487 	EXP 	Playing sound sound_1 on speaker Speakers (Realtek(R) Audio)
998.7429 	EXP 	Sound sound_1 stopped
998.7552 	EXP 	text: autoDraw = True
998.7552 	EXP 	textbox: autoDraw = True
999.8335 	DATA 	Keypress: 3
999.8360 	EXP 	Device response: <KeyPress from None: t=999.8265207000004, value=3, duration=None>
999.9345 	EXP 	Device response: <KeyPress from None: t=999.8265207000004, value=3, duration=0.1053991999997379>
1000.5846 	DATA 	Mouse: Left button down, pos=(902,329)
1000.5859 	EXP 	New trial (rep=15, index=11): <Trial 191 (11 in rep 15) data={'delay': 0.1, 'freq': 1000, 'condition': 'exp', 'thisN': 191, 'thisTrialN': 11, 'thisRepN': 15}>
1000.5987 	EXP 	text: autoDraw = False
1000.5987 	EXP 	textbox: autoDraw = False
1000.5987 	EXP 	polygon: autoDraw = True
1000.7027 	DATA 	Mouse:  Left button up, pos=(902,329)
1001.5988 	INFO 	Keyboard events cleared
1001.5987 	EXP 	polygon: autoDraw = False
1001.5987 	EXP 	polygon_2: autoDraw = True
1002.8828 	EXP 	Device response: <KeyPress from None: t=1002.882079, value=space, duration=None>
1002.8856 	DATA 	Keypress: space
1002.8982 	EXP 	polygon: autoDraw = False
1002.8982 	EXP 	polygon_2: autoDraw = False
1002.9826 	EXP 	Sound sound_1 reached end of file
1002.9987 	EXP 	Playing sound sound_1 on speaker Speakers (Realtek(R) Audio)
1003.0162 	EXP 	Device response: <KeyPress from None: t=1002.882079, value=space, duration=0.1283480000001873>
1003.2942 	EXP 	Sound sound_1 stopped
1003.3053 	EXP 	text: autoDraw = True
1003.3053 	EXP 	textbox: autoDraw = True
1004.1726 	DATA 	Keypress: 2
1004.1830 	EXP 	Device response: <KeyPress from None: t=1004.1709876000004, value=2, duration=None>
1004.2528 	EXP 	Device response: <KeyPress from None: t=1004.1709876000004, value=2, duration=0.06947219999983645>
1005.0738 	DATA 	Mouse: Left button down, pos=(932,149)
1005.0835 	EXP 	New trial (rep=16, index=0): <Trial 192 (0 in rep 16) data={'delay': 0.1, 'freq': 1000, 'condition': 'exp', 'thisN': 192, 'thisTrialN': 0, 'thisRepN': 16}>
1005.0985 	EXP 	text: autoDraw = False
1005.0985 	EXP 	textbox: autoDraw = False
1005.0985 	EXP 	polygon: autoDraw = True
1005.1693 	DATA 	Mouse:  Left button up, pos=(932,149)
1006.0985 	INFO 	Keyboard events cleared
1006.0983 	EXP 	polygon: autoDraw = False
1006.0983 	EXP 	polygon_2: autoDraw = True
1006.5017 	DATA 	Keypress: space
1006.5158 	EXP 	Device response: <KeyPress from None: t=1006.5000998000005, value=space, duration=None>
1006.5318 	EXP 	polygon: autoDraw = False
1006.5318 	EXP 	polygon_2: autoDraw = False
1006.6156 	EXP 	Sound sound_1 reached end of file
1006.6319 	EXP 	Playing sound sound_1 on speaker Speakers (Realtek(R) Audio)
1006.6159 	EXP 	Device response: <KeyPress from None: t=1006.5000998000005, value=space, duration=0.10214059999998426>
1006.9355 	EXP 	Sound sound_1 stopped
1006.9466 	EXP 	text: autoDraw = True
1006.9466 	EXP 	textbox: autoDraw = True
1008.1664 	DATA 	Keypress: 1
1008.1688 	EXP 	Device response: <KeyPress from None: t=1008.1612501, value=1, duration=None>
1008.2337 	EXP 	Device response: <KeyPress from None: t=1008.1612501, value=1, duration=0.06645730000036565>
1008.9062 	DATA 	Mouse: Left button down, pos=(930,175)
1008.9170 	EXP 	New trial (rep=16, index=1): <Trial 193 (1 in rep 16) data={'delay': 0.1, 'freq': 1000, 'condition': 'exp', 'thisN': 193, 'thisTrialN': 1, 'thisRepN': 16}>
1008.9317 	EXP 	text: autoDraw = False
1008.9317 	EXP 	textbox: autoDraw = False
1008.9317 	EXP 	polygon: autoDraw = True
1009.0009 	DATA 	Mouse:  Left button up, pos=(930,175)
1009.9326 	INFO 	Keyboard events cleared
1009.9324 	EXP 	polygon: autoDraw = False
1009.9324 	EXP 	polygon_2: autoDraw = True
1010.4327 	EXP 	Device response: <KeyPress from None: t=1010.4298268000002, value=space, duration=None>
1010.4344 	DATA 	Keypress: space
1010.4483 	EXP 	polygon: autoDraw = False
1010.4483 	EXP 	polygon_2: autoDraw = False
1010.5326 	EXP 	Sound sound_1 reached end of file
1010.5484 	EXP 	Playing sound sound_1 on speaker Speakers (Realtek(R) Audio)
1010.5332 	EXP 	Device response: <KeyPress from None: t=1010.4298268000002, value=space, duration=0.0994724000001952>
1010.8439 	EXP 	Sound sound_1 stopped
1010.8551 	EXP 	text: autoDraw = True
1010.8551 	EXP 	textbox: autoDraw = True
1011.6159 	DATA 	Keypress: 2
1011.6177 	EXP 	Device response: <KeyPress from None: t=1011.6144550000008, value=2, duration=None>
1011.6986 	EXP 	Device response: <KeyPress from None: t=1011.6144550000008, value=2, duration=0.0722736999996414>
1012.2550 	DATA 	Keypress: space
1012.2664 	EXP 	Device response: <KeyPress from None: t=1012.2495015000004, value=space, duration=None>
1012.4014 	EXP 	Device response: <KeyPress from None: t=1012.2495015000004, value=space, duration=0.1452993000002607>
1013.8505 	DATA 	Mouse: Left button down, pos=(944,184)
1013.8515 	EXP 	New trial (rep=16, index=2): <Trial 194 (2 in rep 16) data={'delay': 0.7, 'freq': 400, 'condition': 'unexp', 'thisN': 194, 'thisTrialN': 2, 'thisRepN': 16}>
1013.8652 	EXP 	text: autoDraw = False
1013.8652 	EXP 	textbox: autoDraw = False
1013.8652 	EXP 	polygon: autoDraw = True
1013.9363 	DATA 	Mouse:  Left button up, pos=(944,184)
1014.8657 	INFO 	Keyboard events cleared
1014.8655 	EXP 	polygon: autoDraw = False
1014.8655 	EXP 	polygon_2: autoDraw = True
1015.1491 	EXP 	Device response: <KeyPress from None: t=1015.1422836000002, value=space, duration=None>
1015.1509 	DATA 	Keypress: space
1015.1652 	EXP 	polygon: autoDraw = False
1015.1652 	EXP 	polygon_2: autoDraw = False
1015.2322 	EXP 	Device response: <KeyPress from None: t=1015.1422836000002, value=space, duration=0.08577289999993809>
1015.8329 	EXP 	Sound sound_1 reached end of file
1015.8488 	EXP 	Playing sound sound_1 on speaker Speakers (Realtek(R) Audio)
1016.1444 	EXP 	Sound sound_1 stopped
1016.1544 	EXP 	text: autoDraw = True
1016.1544 	EXP 	textbox: autoDraw = True
1016.7330 	DATA 	Keypress: 0
1016.7342 	EXP 	Device response: <KeyPress from None: t=1016.7324518000005, value=0, duration=None>
1016.8493 	EXP 	Device response: <KeyPress from None: t=1016.7324518000005, value=0, duration=0.10557220000009693>
1017.2158 	DATA 	Keypress: space
1017.2176 	EXP 	Device response: <KeyPress from None: t=1017.2097556000008, value=space, duration=None>
1017.3157 	EXP 	Device response: <KeyPress from None: t=1017.2097556000008, value=space, duration=0.0922722999994221>
1017.9826 	DATA 	Keypress: backspace
1017.9842 	EXP 	Device response: <KeyPress from None: t=1017.9725442000008, value=backspace, duration=None>
1018.0672 	EXP 	Device response: <KeyPress from None: t=1017.9725442000008, value=backspace, duration=0.08562239999992016>
1018.7824 	DATA 	Mouse: Left button down, pos=(928,255)
1018.7833 	EXP 	New trial (rep=16, index=3): <Trial 195 (3 in rep 16) data={'delay': 0.4, 'freq': 1000, 'condition': 'exp', 'thisN': 195, 'thisTrialN': 3, 'thisRepN': 16}>
1018.7983 	EXP 	text: autoDraw = False
1018.7983 	EXP 	textbox: autoDraw = False
1018.7983 	EXP 	polygon: autoDraw = True
1018.8857 	DATA 	Mouse:  Left button up, pos=(928,255)
1019.7982 	INFO 	Keyboard events cleared
1019.7980 	EXP 	polygon: autoDraw = False
1019.7980 	EXP 	polygon_2: autoDraw = True
1020.2827 	EXP 	Device response: <KeyPress from None: t=1020.2771251000004, value=space, duration=None>
1020.2852 	DATA 	Keypress: space
1020.2980 	EXP 	polygon: autoDraw = False
1020.2980 	EXP 	polygon_2: autoDraw = False
1020.3652 	EXP 	Device response: <KeyPress from None: t=1020.2771251000004, value=space, duration=0.07868580000013026>
1020.6831 	EXP 	Sound sound_1 reached end of file
1020.6993 	EXP 	Playing sound sound_1 on speaker Speakers (Realtek(R) Audio)
1021.0001 	EXP 	Sound sound_1 stopped
1021.0144 	EXP 	text: autoDraw = True
1021.0144 	EXP 	textbox: autoDraw = True
1021.6992 	DATA 	Keypress: 3
1021.7002 	EXP 	Device response: <KeyPress from None: t=1021.6912884000003, value=3, duration=None>
1021.7990 	EXP 	Device response: <KeyPress from None: t=1021.6912884000003, value=3, duration=0.09541960000024119>
1022.5327 	DATA 	Mouse: Left button down, pos=(928,255)
1022.5337 	EXP 	New trial (rep=16, index=4): <Trial 196 (4 in rep 16) data={'delay': 0.7, 'freq': 1000, 'condition': 'exp', 'thisN': 196, 'thisTrialN': 4, 'thisRepN': 16}>
1022.5483 	EXP 	text: autoDraw = False
1022.5483 	EXP 	textbox: autoDraw = False
1022.5483 	EXP 	polygon: autoDraw = True
1022.6347 	DATA 	Mouse:  Left button up, pos=(928,255)
1023.5488 	INFO 	Keyboard events cleared
1023.5483 	EXP 	polygon: autoDraw = False
1023.5483 	EXP 	polygon_2: autoDraw = True
1024.0984 	EXP 	Device response: <KeyPress from None: t=1024.0847218000008, value=space, duration=None>
1024.1000 	DATA 	Keypress: space
1024.1149 	EXP 	polygon: autoDraw = False
1024.1149 	EXP 	polygon_2: autoDraw = False
1024.1990 	EXP 	Device response: <KeyPress from None: t=1024.0847218000008, value=space, duration=0.10213889999977255>
1024.7818 	EXP 	Sound sound_1 reached end of file
1024.7980 	EXP 	Playing sound sound_1 on speaker Speakers (Realtek(R) Audio)
1025.0978 	EXP 	Sound sound_1 stopped
1025.1066 	EXP 	text: autoDraw = True
1025.1066 	EXP 	textbox: autoDraw = True
1027.0527 	DATA 	Keypress: 2
1027.0651 	EXP 	Device response: <KeyPress from None: t=1027.0515359, value=2, duration=None>
1027.1664 	EXP 	Device response: <KeyPress from None: t=1027.0515359, value=2, duration=0.1058296999999584>
1027.9525 	DATA 	Mouse: Left button down, pos=(943,345)
1027.9664 	EXP 	New trial (rep=16, index=5): <Trial 197 (5 in rep 16) data={'delay': 0.4, 'freq': 1000, 'condition': 'exp', 'thisN': 197, 'thisTrialN': 5, 'thisRepN': 16}>
1027.9816 	EXP 	text: autoDraw = False
1027.9816 	EXP 	textbox: autoDraw = False
1027.9816 	EXP 	polygon: autoDraw = True
1028.0372 	DATA 	Mouse:  Left button up, pos=(943,345)
1028.9817 	INFO 	Keyboard events cleared
1028.9816 	EXP 	polygon: autoDraw = False
1028.9816 	EXP 	polygon_2: autoDraw = True
1029.2341 	DATA 	Mouse: Left button down, pos=(993,597)
1029.3192 	DATA 	Mouse:  Left button up, pos=(993,597)
1029.6832 	EXP 	Device response: <KeyPress from None: t=1029.6822226000004, value=space, duration=None>
1029.6852 	DATA 	Keypress: space
1029.6979 	EXP 	polygon: autoDraw = False
1029.6979 	EXP 	polygon_2: autoDraw = False
1029.7820 	EXP 	Device response: <KeyPress from None: t=1029.6822226000004, value=space, duration=0.09167969999998604>
1030.0821 	EXP 	Sound sound_1 reached end of file
1030.0982 	EXP 	Playing sound sound_1 on speaker Speakers (Realtek(R) Audio)
1030.3956 	EXP 	Sound sound_1 stopped
1030.4044 	EXP 	text: autoDraw = True
1030.4044 	EXP 	textbox: autoDraw = True
1031.2826 	DATA 	Keypress: 1
1031.2843 	EXP 	Device response: <KeyPress from None: t=1031.2814462000006, value=1, duration=None>
1031.4015 	EXP 	Device response: <KeyPress from None: t=1031.2814462000006, value=1, duration=0.11612799999966228>
1032.6488 	DATA 	Keypress: backspace
1032.6499 	EXP 	Device response: <KeyPress from None: t=1032.6480381000001, value=backspace, duration=None>
1032.7863 	EXP 	Device response: <KeyPress from None: t=1032.6480381000001, value=backspace, duration=0.13556740000058198>
1033.2072 	DATA 	Keypress: 2
1033.2153 	EXP 	Device response: <KeyPress from None: t=1033.1989758, value=2, duration=None>
1033.3163 	EXP 	Device response: <KeyPress from None: t=1033.1989758, value=2, duration=0.10946630000034929>
1034.1000 	DATA 	Mouse: Left button down, pos=(920,274)
1034.1016 	EXP 	New trial (rep=16, index=6): <Trial 198 (6 in rep 16) data={'delay': 0.7, 'freq': 1000, 'condition': 'exp', 'thisN': 198, 'thisTrialN': 6, 'thisRepN': 16}>
1034.1148 	EXP 	text: autoDraw = False
1034.1148 	EXP 	textbox: autoDraw = False
1034.1148 	EXP 	polygon: autoDraw = True
1034.1878 	DATA 	Mouse:  Left button up, pos=(920,274)
1035.1148 	INFO 	Keyboard events cleared
1035.1146 	EXP 	polygon: autoDraw = False
1035.1146 	EXP 	polygon_2: autoDraw = True
1035.5483 	EXP 	Device response: <KeyPress from None: t=1035.5355755, value=space, duration=None>
1035.5501 	DATA 	Keypress: space
1035.5646 	EXP 	polygon: autoDraw = False
1035.5646 	EXP 	polygon_2: autoDraw = False
1035.7156 	EXP 	Device response: <KeyPress from None: t=1035.5355755, value=space, duration=0.16453400000045804>
1036.2322 	EXP 	Sound sound_1 reached end of file
1036.2483 	EXP 	Playing sound sound_1 on speaker Speakers (Realtek(R) Audio)
1036.5433 	EXP 	Sound sound_1 stopped
1036.5636 	EXP 	text: autoDraw = True
1036.5636 	EXP 	textbox: autoDraw = True
1037.4650 	DATA 	Keypress: 3
1037.4663 	EXP 	Device response: <KeyPress from None: t=1037.4584624000008, value=3, duration=None>
1037.5656 	EXP 	Device response: <KeyPress from None: t=1037.4584624000008, value=3, duration=0.0992523999993864>
1038.1329 	DATA 	Mouse: Left button down, pos=(920,274)
1038.1343 	EXP 	New trial (rep=16, index=7): <Trial 199 (7 in rep 16) data={'delay': 0.1, 'freq': 400, 'condition': 'unexp', 'thisN': 199, 'thisTrialN': 7, 'thisRepN': 16}>
1038.1480 	EXP 	text: autoDraw = False
1038.1480 	EXP 	textbox: autoDraw = False
1038.1480 	EXP 	polygon: autoDraw = True
1038.2177 	DATA 	Mouse:  Left button up, pos=(920,274)
1039.1481 	INFO 	Keyboard events cleared
1039.1479 	EXP 	polygon: autoDraw = False
1039.1479 	EXP 	polygon_2: autoDraw = True
1039.6989 	EXP 	Device response: <KeyPress from None: t=1039.6928041, value=space, duration=None>
1039.7018 	DATA 	Keypress: space
1039.7148 	EXP 	polygon: autoDraw = False
1039.7148 	EXP 	polygon_2: autoDraw = False
1039.7984 	EXP 	Sound sound_1 reached end of file
1039.8146 	EXP 	Playing sound sound_1 on speaker Speakers (Realtek(R) Audio)
1039.8155 	EXP 	Device response: <KeyPress from None: t=1039.6928041, value=space, duration=0.11204660000021249>
1040.1157 	EXP 	Sound sound_1 stopped
1040.1246 	EXP 	text: autoDraw = True
1040.1246 	EXP 	textbox: autoDraw = True
1040.9152 	DATA 	Keypress: 0
1040.9167 	EXP 	Device response: <KeyPress from None: t=1040.9133660000007, value=0, duration=None>
1041.0347 	EXP 	Device response: <KeyPress from None: t=1040.9133660000007, value=0, duration=0.11211349999939557>
1041.3663 	DATA 	Mouse: Left button down, pos=(920,274)
1041.3681 	EXP 	New trial (rep=16, index=8): <Trial 200 (8 in rep 16) data={'delay': 0.4, 'freq': 1000, 'condition': 'exp', 'thisN': 200, 'thisTrialN': 8, 'thisRepN': 16}>
1041.3820 	EXP 	text: autoDraw = False
1041.3820 	EXP 	textbox: autoDraw = False
1041.3820 	EXP 	polygon: autoDraw = True
1041.4522 	DATA 	Mouse:  Left button up, pos=(920,274)
1042.3821 	INFO 	Keyboard events cleared
1042.3819 	EXP 	polygon: autoDraw = False
1042.3819 	EXP 	polygon_2: autoDraw = True
1042.8152 	EXP 	Device response: <KeyPress from None: t=1042.8069911000002, value=space, duration=None>
1042.8173 	DATA 	Keypress: space
1042.8316 	EXP 	polygon: autoDraw = False
1042.8316 	EXP 	polygon_2: autoDraw = False
1042.9832 	EXP 	Device response: <KeyPress from None: t=1042.8069911000002, value=space, duration=0.1757463000003554>
1043.2147 	EXP 	Sound sound_1 reached end of file
1043.2310 	EXP 	Playing sound sound_1 on speaker Speakers (Realtek(R) Audio)
1043.5244 	EXP 	Sound sound_1 stopped
1043.5371 	EXP 	text: autoDraw = True
1043.5371 	EXP 	textbox: autoDraw = True
1044.5483 	DATA 	Keypress: 3
1044.5497 	EXP 	Device response: <KeyPress from None: t=1044.5424876000006, value=3, duration=None>
1044.6161 	EXP 	Device response: <KeyPress from None: t=1044.5424876000006, value=3, duration=0.06621559999985038>
1045.3320 	DATA 	Mouse: Left button down, pos=(920,274)
1045.3326 	EXP 	New trial (rep=16, index=9): <Trial 201 (9 in rep 16) data={'delay': 0.4, 'freq': 400, 'condition': 'unexp', 'thisN': 201, 'thisTrialN': 9, 'thisRepN': 16}>
1045.3481 	EXP 	text: autoDraw = False
1045.3481 	EXP 	textbox: autoDraw = False
1045.3481 	EXP 	polygon: autoDraw = True
1045.4187 	DATA 	Mouse:  Left button up, pos=(920,274)
1046.3484 	INFO 	Keyboard events cleared
1046.3482 	EXP 	polygon: autoDraw = False
1046.3482 	EXP 	polygon_2: autoDraw = True
1046.7151 	EXP 	Device response: <KeyPress from None: t=1046.7106403000007, value=space, duration=None>
1046.7170 	DATA 	Keypress: space
1046.7315 	EXP 	polygon: autoDraw = False
1046.7315 	EXP 	polygon_2: autoDraw = False
1046.8482 	EXP 	Device response: <KeyPress from None: t=1046.7106403000007, value=space, duration=0.1313237999993362>
1047.1149 	EXP 	Sound sound_1 reached end of file
1047.1311 	EXP 	Playing sound sound_1 on speaker Speakers (Realtek(R) Audio)
1047.4267 	EXP 	Sound sound_1 stopped
1047.4375 	EXP 	text: autoDraw = True
1047.4375 	EXP 	textbox: autoDraw = True
1048.0554 	DATA 	Keypress: 0
1048.0654 	EXP 	Device response: <KeyPress from None: t=1048.0533197000004, value=0, duration=None>
1048.1832 	EXP 	Device response: <KeyPress from None: t=1048.0533197000004, value=0, duration=0.1190284000003885>
1048.5577 	DATA 	Mouse: Left button down, pos=(920,274)
1048.5663 	EXP 	New trial (rep=16, index=10): <Trial 202 (10 in rep 16) data={'delay': 0.7, 'freq': 1000, 'condition': 'exp', 'thisN': 202, 'thisTrialN': 10, 'thisRepN': 16}>
1048.5816 	EXP 	text: autoDraw = False
1048.5816 	EXP 	textbox: autoDraw = False
1048.5816 	EXP 	polygon: autoDraw = True
1048.6509 	DATA 	Mouse:  Left button up, pos=(920,274)
1049.5816 	INFO 	Keyboard events cleared
1049.5814 	EXP 	polygon: autoDraw = False
1049.5814 	EXP 	polygon_2: autoDraw = True
1050.0986 	EXP 	Device response: <KeyPress from None: t=1050.0904893000006, value=space, duration=None>
1050.1004 	DATA 	Keypress: space
1050.1147 	EXP 	polygon: autoDraw = False
1050.1147 	EXP 	polygon_2: autoDraw = False
1050.1987 	EXP 	Device response: <KeyPress from None: t=1050.0904893000006, value=space, duration=0.0956172999995033>
1050.7984 	EXP 	Sound sound_1 reached end of file
1050.8147 	EXP 	Playing sound sound_1 on speaker Speakers (Realtek(R) Audio)
1051.1164 	EXP 	Sound sound_1 stopped
1051.1268 	EXP 	text: autoDraw = True
1051.1268 	EXP 	textbox: autoDraw = True
1052.0049 	DATA 	Keypress: 4
1052.0153 	EXP 	Device response: <KeyPress from None: t=1052.0041349000003, value=4, duration=None>
1052.1344 	EXP 	Device response: <KeyPress from None: t=1052.0041349000003, value=4, duration=0.1256321000000753>
1052.6729 	DATA 	Mouse: Left button down, pos=(920,270)
1052.6832 	EXP 	New trial (rep=16, index=11): <Trial 203 (11 in rep 16) data={'delay': 0.1, 'freq': 1000, 'condition': 'exp', 'thisN': 203, 'thisTrialN': 11, 'thisRepN': 16}>
1052.6985 	EXP 	text: autoDraw = False
1052.6985 	EXP 	textbox: autoDraw = False
1052.6985 	EXP 	polygon: autoDraw = True
1052.7864 	DATA 	Mouse:  Left button up, pos=(920,270)
1053.6981 	INFO 	Keyboard events cleared
1053.6979 	EXP 	polygon: autoDraw = False
1053.6979 	EXP 	polygon_2: autoDraw = True
1054.1984 	EXP 	Device response: <KeyPress from None: t=1054.1856208000008, value=space, duration=None>
1054.2007 	DATA 	Keypress: space
1054.2145 	EXP 	polygon: autoDraw = False
1054.2145 	EXP 	polygon_2: autoDraw = False
1054.2815 	EXP 	Sound sound_1 reached end of file
1054.2979 	EXP 	Playing sound sound_1 on speaker Speakers (Realtek(R) Audio)
1054.3150 	EXP 	Device response: <KeyPress from None: t=1054.1856208000008, value=space, duration=0.11374979999982315>
1054.5964 	EXP 	Sound sound_1 stopped
1054.6112 	EXP 	text: autoDraw = True
1054.6112 	EXP 	textbox: autoDraw = True
1055.4727 	DATA 	Keypress: 3
1055.4818 	EXP 	Device response: <KeyPress from None: t=1055.4706019000005, value=3, duration=None>
1055.5827 	EXP 	Device response: <KeyPress from None: t=1055.4706019000005, value=3, duration=0.09944480000012845>
1056.0483 	DATA 	Keypress: equal
1056.0498 	EXP 	Device response: <KeyPress from None: t=1056.0428695, value=equal, duration=None>
1056.1658 	EXP 	Device response: <KeyPress from None: t=1056.0428695, value=equal, duration=0.11530300000049465>
1056.3154 	DATA 	Keypress: backspace
1056.3170 	EXP 	Device response: <KeyPress from None: t=1056.3142068000006, value=backspace, duration=None>
1056.3835 	EXP 	Device response: <KeyPress from None: t=1056.3142068000006, value=backspace, duration=0.06308660000013333>
1056.4363 	DATA 	Keypress: backspace
1056.4486 	EXP 	Device response: <KeyPress from None: t=1056.4335451000006, value=backspace, duration=None>
1056.5168 	EXP 	Device response: <KeyPress from None: t=1056.4335451000006, value=backspace, duration=0.07993600000008882>
1057.4388 	DATA 	Keypress: 2
1057.4484 	EXP 	Device response: <KeyPress from None: t=1057.4351214000008, value=2, duration=None>
1057.5823 	EXP 	Device response: <KeyPress from None: t=1057.4351214000008, value=2, duration=0.1324821999996857>
1058.5687 	DATA 	Mouse: Left button down, pos=(993,309)
1058.5831 	EXP 	New trial (rep=17, index=0): <Trial 204 (0 in rep 17) data={'delay': 0.7, 'freq': 1000, 'condition': 'exp', 'thisN': 204, 'thisTrialN': 0, 'thisRepN': 17}>
1058.5979 	EXP 	text: autoDraw = False
1058.5979 	EXP 	textbox: autoDraw = False
1058.5979 	EXP 	polygon: autoDraw = True
1058.6685 	DATA 	Mouse:  Left button up, pos=(993,309)
1059.5981 	INFO 	Keyboard events cleared
1059.5980 	EXP 	polygon: autoDraw = False
1059.5980 	EXP 	polygon_2: autoDraw = True
1060.0985 	EXP 	Device response: <KeyPress from None: t=1060.0872604000006, value=space, duration=None>
1060.1011 	DATA 	Keypress: space
1060.1145 	EXP 	polygon: autoDraw = False
1060.1145 	EXP 	polygon_2: autoDraw = False
1060.1823 	EXP 	Device response: <KeyPress from None: t=1060.0872604000006, value=space, duration=0.0863112999995792>
1060.7979 	EXP 	Sound sound_1 reached end of file
1060.8143 	EXP 	Playing sound sound_1 on speaker Speakers (Realtek(R) Audio)
1061.1121 	EXP 	Sound sound_1 stopped
1061.1227 	EXP 	text: autoDraw = True
1061.1227 	EXP 	textbox: autoDraw = True
1062.0153 	DATA 	Keypress: 4
1062.0176 	EXP 	Device response: <KeyPress from None: t=1062.0148211000005, value=4, duration=None>
1062.0993 	EXP 	Device response: <KeyPress from None: t=1062.0148211000005, value=4, duration=0.07579249999980675>
1062.6537 	DATA 	Mouse: Left button down, pos=(993,309)
1062.6657 	EXP 	New trial (rep=17, index=1): <Trial 205 (1 in rep 17) data={'delay': 0.1, 'freq': 1000, 'condition': 'exp', 'thisN': 205, 'thisTrialN': 1, 'thisRepN': 17}>
1062.6817 	EXP 	text: autoDraw = False
1062.6817 	EXP 	textbox: autoDraw = False
1062.6817 	EXP 	polygon: autoDraw = True
1062.7366 	DATA 	Mouse:  Left button up, pos=(993,309)
1063.6645 	INFO 	Keyboard events cleared
1063.6644 	EXP 	polygon_2: autoDraw = True
1063.6812 	EXP 	polygon: autoDraw = False
1064.5485 	EXP 	Device response: <KeyPress from None: t=1064.5422546, value=space, duration=None>
1064.5509 	DATA 	Keypress: space
1064.5645 	EXP 	polygon: autoDraw = False
1064.5645 	EXP 	polygon_2: autoDraw = False
1064.6318 	EXP 	Sound sound_1 reached end of file
1064.6480 	EXP 	Playing sound sound_1 on speaker Speakers (Realtek(R) Audio)
1064.6482 	EXP 	Device response: <KeyPress from None: t=1064.5422546, value=space, duration=0.10226020000027347>
1064.9452 	EXP 	Sound sound_1 stopped
1064.9557 	EXP 	text: autoDraw = True
1064.9557 	EXP 	textbox: autoDraw = True
1066.0653 	DATA 	Keypress: 2
1066.0677 	EXP 	Device response: <KeyPress from None: t=1066.0610918000002, value=2, duration=None>
1066.1487 	EXP 	Device response: <KeyPress from None: t=1066.0610918000002, value=2, duration=0.07538769999973738>
1066.5153 	DATA 	Keypress: space
1066.5176 	EXP 	Device response: <KeyPress from None: t=1066.5052479000005, value=space, duration=None>
1066.5661 	EXP 	Device response: <KeyPress from None: t=1066.5052479000005, value=space, duration=0.05674809999982244>
1067.1822 	DATA 	Keypress: backspace
1067.1850 	EXP 	Device response: <KeyPress from None: t=1067.1784280000002, value=backspace, duration=None>
1067.2841 	EXP 	Device response: <KeyPress from None: t=1067.1784280000002, value=backspace, duration=0.09546620000037365>
1067.7374 	DATA 	Mouse: Left button down, pos=(993,309)
1067.7492 	EXP 	New trial (rep=17, index=2): <Trial 206 (2 in rep 17) data={'delay': 0.4, 'freq': 400, 'condition': 'unexp', 'thisN': 206, 'thisTrialN': 2, 'thisRepN': 17}>
1067.7644 	EXP 	text: autoDraw = False
1067.7644 	EXP 	textbox: autoDraw = False
1067.7644 	EXP 	polygon: autoDraw = True
1067.8387 	DATA 	Mouse:  Left button up, pos=(993,309)
1068.7477 	INFO 	Keyboard events cleared
1068.7475 	EXP 	polygon_2: autoDraw = True
1068.7639 	EXP 	polygon: autoDraw = False
1069.3983 	EXP 	Device response: <KeyPress from None: t=1069.3933221000007, value=space, duration=None>
1069.4006 	DATA 	Keypress: space
1069.4143 	EXP 	polygon: autoDraw = False
1069.4143 	EXP 	polygon_2: autoDraw = False
1069.5146 	EXP 	Device response: <KeyPress from None: t=1069.3933221000007, value=space, duration=0.10895170000003418>
1069.7818 	EXP 	Sound sound_1 reached end of file
1069.7977 	EXP 	Playing sound sound_1 on speaker Speakers (Realtek(R) Audio)
1070.0961 	EXP 	Sound sound_1 stopped
1070.1095 	EXP 	text: autoDraw = True
1070.1095 	EXP 	textbox: autoDraw = True
1070.9327 	DATA 	Keypress: 0
1070.9348 	EXP 	Device response: <KeyPress from None: t=1070.9305023000006, value=0, duration=None>
1071.0339 	EXP 	Device response: <KeyPress from None: t=1070.9305023000006, value=0, duration=0.09208049999961077>
1071.3985 	DATA 	Mouse: Left button down, pos=(993,309)
1071.4000 	EXP 	New trial (rep=17, index=3): <Trial 207 (3 in rep 17) data={'delay': 0.4, 'freq': 1000, 'condition': 'exp', 'thisN': 207, 'thisTrialN': 3, 'thisRepN': 17}>
1071.4144 	EXP 	text: autoDraw = False
1071.4144 	EXP 	textbox: autoDraw = False
1071.4144 	EXP 	polygon: autoDraw = True
1071.5020 	DATA 	Mouse:  Left button up, pos=(993,309)
1072.4139 	INFO 	Keyboard events cleared
1072.4138 	EXP 	polygon: autoDraw = False
1072.4138 	EXP 	polygon_2: autoDraw = True
1073.1483 	EXP 	Device response: <KeyPress from None: t=1073.1335643000002, value=space, duration=None>
1073.1507 	DATA 	Keypress: space
1073.1643 	EXP 	polygon: autoDraw = False
1073.1643 	EXP 	polygon_2: autoDraw = False
1073.2649 	EXP 	Device response: <KeyPress from None: t=1073.1335643000002, value=space, duration=0.11580320000030042>
1073.5321 	EXP 	Sound sound_1 reached end of file
1073.5477 	EXP 	Playing sound sound_1 on speaker Speakers (Realtek(R) Audio)
1073.8441 	EXP 	Sound sound_1 stopped
1073.8555 	EXP 	text: autoDraw = True
1073.8555 	EXP 	textbox: autoDraw = True
1074.8393 	DATA 	Keypress: 3
1074.8479 	EXP 	Device response: <KeyPress from None: t=1074.8353178000007, value=3, duration=None>
1074.9985 	EXP 	Device response: <KeyPress from None: t=1074.8353178000007, value=3, duration=0.1521191000001636>
1076.2990 	DATA 	Mouse: Left button down, pos=(931,289)
1076.2999 	EXP 	New trial (rep=17, index=4): <Trial 208 (4 in rep 17) data={'delay': 0.1, 'freq': 400, 'condition': 'unexp', 'thisN': 208, 'thisTrialN': 4, 'thisRepN': 17}>
1076.3142 	EXP 	text: autoDraw = False
1076.3142 	EXP 	textbox: autoDraw = False
1076.3142 	EXP 	polygon: autoDraw = True
1076.3867 	DATA 	Mouse:  Left button up, pos=(931,289)
1077.2143 	EXP 	Device response: <KeyPress from None: t=1077.2034088, value=space, duration=None>
1077.2153 	DATA 	Keypress: space
1077.3138 	INFO 	Keyboard events cleared
1077.3137 	EXP 	polygon: autoDraw = False
1077.3137 	EXP 	polygon_2: autoDraw = True
1077.3313 	EXP 	Device response: <KeyPress from None: t=1077.2034088, value=space, duration=0.1157112999999299>
1077.6981 	EXP 	Device response: <KeyPress from None: t=1077.6897644, value=space, duration=None>
1077.7000 	DATA 	Keypress: space
1077.7140 	EXP 	polygon: autoDraw = False
1077.7140 	EXP 	polygon_2: autoDraw = False
1077.7816 	EXP 	Sound sound_1 reached end of file
1077.7977 	EXP 	Playing sound sound_1 on speaker Speakers (Realtek(R) Audio)
1077.8145 	EXP 	Device response: <KeyPress from None: t=1077.6897644, value=space, duration=0.11913580000054935>
1078.0956 	EXP 	Sound sound_1 stopped
1078.1053 	EXP 	text: autoDraw = True
1078.1053 	EXP 	textbox: autoDraw = True
1078.8033 	DATA 	Keypress: 0
1078.8143 	EXP 	Device response: <KeyPress from None: t=1078.798777, value=0, duration=None>
1078.9150 	EXP 	Device response: <KeyPress from None: t=1078.798777, value=0, duration=0.10914960000081919>
1079.9027 	DATA 	Mouse: Left button down, pos=(931,289)
1079.9180 	EXP 	New trial (rep=17, index=5): <Trial 209 (5 in rep 17) data={'delay': 0.1, 'freq': 1000, 'condition': 'exp', 'thisN': 209, 'thisTrialN': 5, 'thisRepN': 17}>
1079.9305 	EXP 	text: autoDraw = False
1079.9305 	EXP 	textbox: autoDraw = False
1079.9305 	EXP 	polygon: autoDraw = True
1080.0680 	DATA 	Mouse:  Left button up, pos=(931,289)
1080.9313 	INFO 	Keyboard events cleared
1080.9312 	EXP 	polygon: autoDraw = False
1080.9312 	EXP 	polygon_2: autoDraw = True
1081.3816 	EXP 	Device response: <KeyPress from None: t=1081.3758949000003, value=space, duration=None>
1081.3839 	DATA 	Keypress: space
1081.3975 	EXP 	polygon: autoDraw = False
1081.3975 	EXP 	polygon_2: autoDraw = False
1081.4812 	EXP 	Sound sound_1 reached end of file
1081.4973 	EXP 	Playing sound sound_1 on speaker Speakers (Realtek(R) Audio)
1081.4816 	EXP 	Device response: <KeyPress from None: t=1081.3758949000003, value=space, duration=0.10312750000048254>
1081.7974 	EXP 	Sound sound_1 stopped
1081.8090 	EXP 	text: autoDraw = True
1081.8090 	EXP 	textbox: autoDraw = True
1082.8648 	DATA 	Keypress: 2
1082.8660 	EXP 	Device response: <KeyPress from None: t=1082.8636833, value=2, duration=None>
1082.9484 	EXP 	Device response: <KeyPress from None: t=1082.8636833, value=2, duration=0.08216410000022734>
1083.5368 	DATA 	Mouse: Left button down, pos=(934,301)
1083.5490 	EXP 	New trial (rep=17, index=6): <Trial 210 (6 in rep 17) data={'delay': 0.7, 'freq': 1000, 'condition': 'exp', 'thisN': 210, 'thisTrialN': 6, 'thisRepN': 17}>
1083.5640 	EXP 	text: autoDraw = False
1083.5640 	EXP 	textbox: autoDraw = False
1083.5640 	EXP 	polygon: autoDraw = True
1083.6156 	DATA 	Mouse:  Left button up, pos=(934,301)
1084.5644 	INFO 	Keyboard events cleared
1084.5643 	EXP 	polygon: autoDraw = False
1084.5643 	EXP 	polygon_2: autoDraw = True
1084.9310 	EXP 	Device response: <KeyPress from None: t=1084.9294450000007, value=space, duration=None>
1084.9331 	DATA 	Keypress: space
1084.9472 	EXP 	polygon: autoDraw = False
1084.9472 	EXP 	polygon_2: autoDraw = False
1085.0321 	EXP 	Device response: <KeyPress from None: t=1084.9294450000007, value=space, duration=0.09766969999964203>
1085.6142 	EXP 	Sound sound_1 reached end of file
1085.6305 	EXP 	Playing sound sound_1 on speaker Speakers (Realtek(R) Audio)
1085.9281 	EXP 	Sound sound_1 stopped
1085.9368 	EXP 	text: autoDraw = True
1085.9368 	EXP 	textbox: autoDraw = True
1086.8140 	DATA 	Keypress: 4
1086.8149 	EXP 	Device response: <KeyPress from None: t=1086.8108500000008, value=4, duration=None>
1086.8978 	EXP 	Device response: <KeyPress from None: t=1086.8108500000008, value=4, duration=0.08604719999948429>
1087.4156 	DATA 	Mouse: Left button down, pos=(934,301)
1087.4165 	EXP 	New trial (rep=17, index=7): <Trial 211 (7 in rep 17) data={'delay': 0.1, 'freq': 1000, 'condition': 'exp', 'thisN': 211, 'thisTrialN': 7, 'thisRepN': 17}>
1087.4308 	EXP 	text: autoDraw = False
1087.4308 	EXP 	textbox: autoDraw = False
1087.4308 	EXP 	polygon: autoDraw = True
1087.5020 	DATA 	Mouse:  Left button up, pos=(934,301)
1088.4316 	INFO 	Keyboard events cleared
1088.4313 	EXP 	polygon: autoDraw = False
1088.4313 	EXP 	polygon_2: autoDraw = True
1088.9146 	EXP 	Device response: <KeyPress from None: t=1088.9050811000006, value=space, duration=None>
1088.9166 	DATA 	Keypress: space
1088.9311 	EXP 	polygon: autoDraw = False
1088.9311 	EXP 	polygon_2: autoDraw = False
1088.9979 	EXP 	Sound sound_1 reached end of file
1089.0141 	EXP 	Playing sound sound_1 on speaker Speakers (Realtek(R) Audio)
1089.0147 	EXP 	Device response: <KeyPress from None: t=1088.9050811000006, value=space, duration=0.10622909999983676>
1089.3152 	EXP 	Sound sound_1 stopped
1089.3230 	EXP 	text: autoDraw = True
1089.3230 	EXP 	textbox: autoDraw = True
1090.2477 	DATA 	Keypress: 2
1090.2491 	EXP 	Device response: <KeyPress from None: t=1090.2386678000003, value=2, duration=None>
1090.3325 	EXP 	Device response: <KeyPress from None: t=1090.2386678000003, value=2, duration=0.08342290000018693>
1090.7984 	DATA 	Mouse: Left button down, pos=(934,301)
1090.7990 	EXP 	New trial (rep=17, index=8): <Trial 212 (8 in rep 17) data={'delay': 0.7, 'freq': 400, 'condition': 'unexp', 'thisN': 212, 'thisTrialN': 8, 'thisRepN': 17}>
1090.8137 	EXP 	text: autoDraw = False
1090.8137 	EXP 	textbox: autoDraw = False
1090.8137 	EXP 	polygon: autoDraw = True
1090.8661 	DATA 	Mouse:  Left button up, pos=(934,301)
1091.8140 	INFO 	Keyboard events cleared
1091.8138 	EXP 	polygon: autoDraw = False
1091.8138 	EXP 	polygon_2: autoDraw = True
1092.1314 	EXP 	Device response: <KeyPress from None: t=1092.1196957000002, value=space, duration=None>
1092.1334 	DATA 	Keypress: space
1092.1469 	EXP 	polygon: autoDraw = False
1092.1469 	EXP 	polygon_2: autoDraw = False
1092.2307 	EXP 	Device response: <KeyPress from None: t=1092.1196957000002, value=space, duration=0.10213170000042737>
1092.8148 	EXP 	Sound sound_1 reached end of file
1092.8308 	EXP 	Playing sound sound_1 on speaker Speakers (Realtek(R) Audio)
1093.1265 	EXP 	Sound sound_1 stopped
1093.1363 	EXP 	text: autoDraw = True
1093.1363 	EXP 	textbox: autoDraw = True
1093.7983 	DATA 	Keypress: 0
1093.8003 	EXP 	Device response: <KeyPress from None: t=1093.7954230000005, value=0, duration=None>
1093.9319 	EXP 	Device response: <KeyPress from None: t=1093.7954230000005, value=0, duration=0.12541119999968942>
1094.4402 	DATA 	Mouse: Left button down, pos=(934,301)
1094.4487 	EXP 	New trial (rep=17, index=9): <Trial 213 (9 in rep 17) data={'delay': 0.4, 'freq': 1000, 'condition': 'exp', 'thisN': 213, 'thisTrialN': 9, 'thisRepN': 17}>
1094.4641 	EXP 	text: autoDraw = False
1094.4641 	EXP 	textbox: autoDraw = False
1094.4641 	EXP 	polygon: autoDraw = True
1094.5335 	DATA 	Mouse:  Left button up, pos=(934,301)
1095.4472 	INFO 	Keyboard events cleared
1095.4471 	EXP 	polygon_2: autoDraw = True
1095.4639 	EXP 	polygon: autoDraw = False
1095.8319 	EXP 	Device response: <KeyPress from None: t=1095.8300173000007, value=space, duration=None>
1095.8347 	DATA 	Keypress: space
1095.8475 	EXP 	polygon: autoDraw = False
1095.8475 	EXP 	polygon_2: autoDraw = False
1095.9476 	EXP 	Device response: <KeyPress from None: t=1095.8300173000007, value=space, duration=0.10574369999994815>
1096.2315 	EXP 	Sound sound_1 reached end of file
1096.2475 	EXP 	Playing sound sound_1 on speaker Speakers (Realtek(R) Audio)
1096.5460 	EXP 	Sound sound_1 stopped
1096.5552 	EXP 	text: autoDraw = True
1096.5552 	EXP 	textbox: autoDraw = True
1097.4041 	DATA 	Keypress: 3
1097.4145 	EXP 	Device response: <KeyPress from None: t=1097.4021575000006, value=3, duration=None>
1097.5156 	EXP 	Device response: <KeyPress from None: t=1097.4021575000006, value=3, duration=0.10234959999979765>
1097.9996 	DATA 	Mouse: Left button down, pos=(934,301)
1098.0006 	EXP 	New trial (rep=17, index=10): <Trial 214 (10 in rep 17) data={'delay': 0.7, 'freq': 1000, 'condition': 'exp', 'thisN': 214, 'thisTrialN': 10, 'thisRepN': 17}>
1098.0140 	EXP 	text: autoDraw = False
1098.0140 	EXP 	textbox: autoDraw = False
1098.0140 	EXP 	polygon: autoDraw = True
1098.1011 	DATA 	Mouse:  Left button up, pos=(934,301)
1099.0140 	INFO 	Keyboard events cleared
1099.0137 	EXP 	polygon: autoDraw = False
1099.0137 	EXP 	polygon_2: autoDraw = True
1099.4827 	DATA 	Keypress: space
1099.4975 	EXP 	Device response: <KeyPress from None: t=1099.4817697000008, value=space, duration=None>
1099.5137 	EXP 	polygon: autoDraw = False
1099.5137 	EXP 	polygon_2: autoDraw = False
1099.6647 	EXP 	Device response: <KeyPress from None: t=1099.4817697000008, value=space, duration=0.17239359999985027>
1100.1811 	EXP 	Sound sound_1 reached end of file
1100.1972 	EXP 	Playing sound sound_1 on speaker Speakers (Realtek(R) Audio)
1100.4935 	EXP 	Sound sound_1 stopped
1100.5036 	EXP 	text: autoDraw = True
1100.5036 	EXP 	textbox: autoDraw = True
1101.2210 	DATA 	Keypress: 4
1101.2312 	EXP 	Device response: <KeyPress from None: t=1101.2154452000004, value=4, duration=None>
1101.3003 	EXP 	Device response: <KeyPress from None: t=1101.2154452000004, value=4, duration=0.07551799999964715>
1101.9331 	DATA 	Mouse: Left button down, pos=(934,301)
1101.9341 	EXP 	New trial (rep=17, index=11): <Trial 215 (11 in rep 17) data={'delay': 0.4, 'freq': 1000, 'condition': 'exp', 'thisN': 215, 'thisTrialN': 11, 'thisRepN': 17}>
1101.9470 	EXP 	text: autoDraw = False
1101.9470 	EXP 	textbox: autoDraw = False
1101.9470 	EXP 	polygon: autoDraw = True
1102.0011 	DATA 	Mouse:  Left button up, pos=(934,301)
1102.9473 	INFO 	Keyboard events cleared
1102.9472 	EXP 	polygon: autoDraw = False
1102.9472 	EXP 	polygon_2: autoDraw = True
1103.6643 	EXP 	Device response: <KeyPress from None: t=1103.6513561000002, value=space, duration=None>
1103.6665 	DATA 	Keypress: space
1103.6808 	EXP 	polygon: autoDraw = False
1103.6808 	EXP 	polygon_2: autoDraw = False
1103.7647 	EXP 	Device response: <KeyPress from None: t=1103.6513561000002, value=space, duration=0.11259239999981219>
1104.0477 	EXP 	Sound sound_1 reached end of file
1104.0640 	EXP 	Playing sound sound_1 on speaker Speakers (Realtek(R) Audio)
1104.3653 	EXP 	Sound sound_1 stopped
1104.3747 	EXP 	text: autoDraw = True
1104.3747 	EXP 	textbox: autoDraw = True
1105.2477 	DATA 	Keypress: 1
1105.2494 	EXP 	Device response: <KeyPress from None: t=1105.2415412, value=1, duration=None>
1105.3315 	EXP 	Device response: <KeyPress from None: t=1105.2415412, value=1, duration=0.0761184000002686>
1106.1001 	DATA 	Mouse: Left button down, pos=(934,301)
1106.1014 	EXP 	New trial (rep=18, index=0): <Trial 216 (0 in rep 18) data={'delay': 0.4, 'freq': 1000, 'condition': 'exp', 'thisN': 216, 'thisTrialN': 0, 'thisRepN': 18}>
1106.1140 	EXP 	text: autoDraw = False
1106.1140 	EXP 	textbox: autoDraw = False
1106.1140 	EXP 	polygon: autoDraw = True
1106.1857 	DATA 	Mouse:  Left button up, pos=(934,301)
1107.1140 	INFO 	Keyboard events cleared
1107.1138 	EXP 	polygon: autoDraw = False
1107.1138 	EXP 	polygon_2: autoDraw = True
1107.8977 	EXP 	Device response: <KeyPress from None: t=1107.8970121000002, value=space, duration=None>
1107.8996 	DATA 	Keypress: space
1107.9134 	EXP 	polygon: autoDraw = False
1107.9134 	EXP 	polygon_2: autoDraw = False
1107.9808 	EXP 	Device response: <KeyPress from None: t=1107.8970121000002, value=space, duration=0.0790344000006371>
1108.2807 	EXP 	Sound sound_1 reached end of file
1108.2971 	EXP 	Playing sound sound_1 on speaker Speakers (Realtek(R) Audio)
1108.5962 	EXP 	Sound sound_1 stopped
1108.6052 	EXP 	text: autoDraw = True
1108.6052 	EXP 	textbox: autoDraw = True
1110.6736 	DATA 	Keypress: 2
1110.6813 	EXP 	Device response: <KeyPress from None: t=1110.6722047000003, value=2, duration=None>
1110.7643 	EXP 	Device response: <KeyPress from None: t=1110.6722047000003, value=2, duration=0.07678349999969214>
1111.6684 	DATA 	Mouse: Left button down, pos=(904,325)
1111.6821 	EXP 	New trial (rep=18, index=1): <Trial 217 (1 in rep 18) data={'delay': 0.1, 'freq': 1000, 'condition': 'exp', 'thisN': 217, 'thisTrialN': 1, 'thisRepN': 18}>
1111.6970 	EXP 	text: autoDraw = False
1111.6970 	EXP 	textbox: autoDraw = False
1111.6970 	EXP 	polygon: autoDraw = True
1111.7870 	DATA 	Mouse:  Left button up, pos=(904,325)
1112.6973 	INFO 	Keyboard events cleared
1112.6971 	EXP 	polygon: autoDraw = False
1112.6971 	EXP 	polygon_2: autoDraw = True
1113.3815 	EXP 	Device response: <KeyPress from None: t=1113.3751287000005, value=space, duration=None>
1113.3842 	DATA 	Keypress: space
1113.3969 	EXP 	polygon: autoDraw = False
1113.3969 	EXP 	polygon_2: autoDraw = False
1113.4805 	EXP 	Sound sound_1 reached end of file
1113.4967 	EXP 	Playing sound sound_1 on speaker Speakers (Realtek(R) Audio)
1113.4829 	EXP 	Device response: <KeyPress from None: t=1113.3751287000005, value=space, duration=0.09185640000032436>
1113.7982 	EXP 	Sound sound_1 stopped
1113.8082 	EXP 	text: autoDraw = True
1113.8082 	EXP 	textbox: autoDraw = True
1114.4541 	DATA 	Keypress: 1
1114.4644 	EXP 	Device response: <KeyPress from None: t=1114.4486423000008, value=1, duration=None>
1114.5646 	EXP 	Device response: <KeyPress from None: t=1114.4486423000008, value=1, duration=0.1002303999994183>
1115.2233 	DATA 	Mouse: Left button down, pos=(965,338)
1115.2332 	EXP 	New trial (rep=18, index=2): <Trial 218 (2 in rep 18) data={'delay': 0.4, 'freq': 1000, 'condition': 'exp', 'thisN': 218, 'thisTrialN': 2, 'thisRepN': 18}>
1115.2472 	EXP 	text: autoDraw = False
1115.2472 	EXP 	textbox: autoDraw = False
1115.2472 	EXP 	polygon: autoDraw = True
1115.3184 	DATA 	Mouse:  Left button up, pos=(965,338)
1116.2470 	INFO 	Keyboard events cleared
1116.2468 	EXP 	polygon: autoDraw = False
1116.2468 	EXP 	polygon_2: autoDraw = True
1117.7142 	EXP 	Device response: <KeyPress from None: t=1117.7022137000004, value=space, duration=None>
1117.7161 	DATA 	Keypress: space
1117.7300 	EXP 	polygon: autoDraw = False
1117.7300 	EXP 	polygon_2: autoDraw = False
1117.8637 	EXP 	Device response: <KeyPress from None: t=1117.7022137000004, value=space, duration=0.15528730000005453>
1118.1136 	EXP 	Sound sound_1 reached end of file
1118.1299 	EXP 	Playing sound sound_1 on speaker Speakers (Realtek(R) Audio)
1118.4267 	EXP 	Sound sound_1 stopped
1118.4370 	EXP 	text: autoDraw = True
1118.4370 	EXP 	textbox: autoDraw = True
1119.6306 	DATA 	Keypress: 3
1119.6323 	EXP 	Device response: <KeyPress from None: t=1119.6278170000005, value=3, duration=None>
1119.7338 	EXP 	Device response: <KeyPress from None: t=1119.6278170000005, value=3, duration=0.0959538999995857>
1121.2818 	DATA 	Mouse: Left button down, pos=(978,303)
1121.2830 	EXP 	New trial (rep=18, index=3): <Trial 219 (3 in rep 18) data={'delay': 0.7, 'freq': 1000, 'condition': 'exp', 'thisN': 219, 'thisTrialN': 3, 'thisRepN': 18}>
1121.2970 	EXP 	text: autoDraw = False
1121.2970 	EXP 	textbox: autoDraw = False
1121.2970 	EXP 	polygon: autoDraw = True
1121.3666 	DATA 	Mouse:  Left button up, pos=(978,303)
1122.2969 	INFO 	Keyboard events cleared
1122.2967 	EXP 	polygon: autoDraw = False
1122.2967 	EXP 	polygon_2: autoDraw = True
1122.7309 	EXP 	Device response: <KeyPress from None: t=1122.7194738000007, value=space, duration=None>
1122.7331 	DATA 	Keypress: space
1122.7464 	EXP 	polygon: autoDraw = False
1122.7464 	EXP 	polygon_2: autoDraw = False
1122.8814 	EXP 	Device response: <KeyPress from None: t=1122.7194738000007, value=space, duration=0.1448301000000356>
1123.4145 	EXP 	Sound sound_1 reached end of file
1123.4306 	EXP 	Playing sound sound_1 on speaker Speakers (Realtek(R) Audio)
1123.7246 	EXP 	Sound sound_1 stopped
1123.7350 	EXP 	text: autoDraw = True
1123.7350 	EXP 	textbox: autoDraw = True
1124.5485 	DATA 	Keypress: 4
1124.5515 	EXP 	Device response: <KeyPress from None: t=1124.5460185000002, value=4, duration=None>
1124.6484 	EXP 	Device response: <KeyPress from None: t=1124.5460185000002, value=4, duration=0.09934370000064519>
1126.7029 	DATA 	Mouse: Left button down, pos=(1055,270)
1126.7150 	EXP 	New trial (rep=18, index=4): <Trial 220 (4 in rep 18) data={'delay': 0.1, 'freq': 400, 'condition': 'unexp', 'thisN': 220, 'thisTrialN': 4, 'thisRepN': 18}>
1126.7305 	EXP 	text: autoDraw = False
1126.7305 	EXP 	textbox: autoDraw = False
1126.7305 	EXP 	polygon: autoDraw = True
1126.8352 	DATA 	Mouse:  Left button up, pos=(1055,270)
1127.7301 	INFO 	Keyboard events cleared
1127.7299 	EXP 	polygon: autoDraw = False
1127.7299 	EXP 	polygon_2: autoDraw = True
1129.0813 	EXP 	Device response: <KeyPress from None: t=1129.0726789, value=space, duration=None>
1129.0838 	DATA 	Keypress: space
1129.0973 	EXP 	polygon: autoDraw = False
1129.0973 	EXP 	polygon_2: autoDraw = False
1129.1803 	EXP 	Sound sound_1 reached end of file
1129.1964 	EXP 	Playing sound sound_1 on speaker Speakers (Realtek(R) Audio)
1129.1805 	EXP 	Device response: <KeyPress from None: t=1129.0726789, value=space, duration=0.10657480000008945>
1129.4954 	EXP 	Sound sound_1 stopped
1129.5065 	EXP 	text: autoDraw = True
1129.5065 	EXP 	textbox: autoDraw = True
1130.5141 	DATA 	Keypress: 0
1130.5166 	EXP 	Device response: <KeyPress from None: t=1130.5121627000008, value=0, duration=None>
1130.6350 	EXP 	Device response: <KeyPress from None: t=1130.5121627000008, value=0, duration=0.1210492999998678>
1131.2540 	DATA 	Mouse: Left button down, pos=(943,325)
1131.2649 	EXP 	New trial (rep=18, index=5): <Trial 221 (5 in rep 18) data={'delay': 0.7, 'freq': 1000, 'condition': 'exp', 'thisN': 221, 'thisTrialN': 5, 'thisRepN': 18}>
1131.2800 	EXP 	text: autoDraw = False
1131.2800 	EXP 	textbox: autoDraw = False
1131.2800 	EXP 	polygon: autoDraw = True
1131.3335 	DATA 	Mouse:  Left button up, pos=(943,325)
1132.2801 	INFO 	Keyboard events cleared
1132.2800 	EXP 	polygon: autoDraw = False
1132.2800 	EXP 	polygon_2: autoDraw = True
1132.6635 	EXP 	Device response: <KeyPress from None: t=1132.6502812000008, value=space, duration=None>
1132.6651 	DATA 	Keypress: space
1132.6798 	EXP 	polygon: autoDraw = False
1132.6798 	EXP 	polygon_2: autoDraw = False
1132.7468 	EXP 	Device response: <KeyPress from None: t=1132.6502812000008, value=space, duration=0.092615399999886>
1133.3470 	EXP 	Sound sound_1 reached end of file
1133.3632 	EXP 	Playing sound sound_1 on speaker Speakers (Realtek(R) Audio)
1133.6957 	EXP 	Sound sound_1 stopped
1133.7585 	EXP 	text: autoDraw = True
1133.7585 	EXP 	textbox: autoDraw = True
1134.9341 	DATA 	Keypress: 3
1134.9352 	EXP 	Device response: <KeyPress from None: t=1134.9327413, value=3, duration=None>
1135.0521 	EXP 	Device response: <KeyPress from None: t=1134.9327413, value=3, duration=0.1082894999999553>
1135.9534 	DATA 	Mouse: Left button down, pos=(964,271)
1135.9685 	EXP 	New trial (rep=18, index=6): <Trial 222 (6 in rep 18) data={'delay': 0.1, 'freq': 1000, 'condition': 'exp', 'thisN': 222, 'thisTrialN': 6, 'thisRepN': 18}>
1135.9833 	EXP 	text: autoDraw = False
1135.9833 	EXP 	textbox: autoDraw = False
1135.9833 	EXP 	polygon: autoDraw = True
1136.0372 	DATA 	Mouse:  Left button up, pos=(964,271)
1136.9835 	INFO 	Keyboard events cleared
1136.9834 	EXP 	polygon: autoDraw = False
1136.9834 	EXP 	polygon_2: autoDraw = True
1137.3523 	EXP 	Device response: <KeyPress from None: t=1137.3489766000002, value=space, duration=None>
1137.3549 	DATA 	Keypress: space
1137.3684 	EXP 	polygon: autoDraw = False
1137.3684 	EXP 	polygon_2: autoDraw = False
1137.4361 	EXP 	Sound sound_1 reached end of file
1137.4523 	EXP 	Playing sound sound_1 on speaker Speakers (Realtek(R) Audio)
1137.4704 	EXP 	Device response: <KeyPress from None: t=1137.3489766000002, value=space, duration=0.10497639999994135>
1137.7458 	EXP 	Sound sound_1 stopped
1137.7574 	EXP 	text: autoDraw = True
1137.7574 	EXP 	textbox: autoDraw = True
1139.4238 	DATA 	Keypress: 1
1139.4347 	EXP 	Device response: <KeyPress from None: t=1139.4220618000008, value=1, duration=None>
1139.5520 	EXP 	Device response: <KeyPress from None: t=1139.4220618000008, value=1, duration=0.12214919999951235>
1140.4480 	DATA 	Mouse: Left button down, pos=(992,194)
1140.4568 	DATA 	Mouse:  Left button up, pos=(992,194)
1142.5167 	DATA 	Mouse: Left button down, pos=(992,261)
1142.5179 	EXP 	New trial (rep=18, index=7): <Trial 223 (7 in rep 18) data={'delay': 0.1, 'freq': 1000, 'condition': 'exp', 'thisN': 223, 'thisTrialN': 7, 'thisRepN': 18}>
1142.5298 	EXP 	text: autoDraw = False
1142.5298 	EXP 	textbox: autoDraw = False
1142.5298 	EXP 	polygon: autoDraw = True
1142.6665 	DATA 	Mouse:  Left button up, pos=(992,261)
1143.5300 	INFO 	Keyboard events cleared
1143.5298 	EXP 	polygon: autoDraw = False
1143.5298 	EXP 	polygon_2: autoDraw = True
1143.8471 	EXP 	Device response: <KeyPress from None: t=1143.8382963000004, value=space, duration=None>
1143.8493 	DATA 	Keypress: space
1143.8631 	EXP 	polygon: autoDraw = False
1143.8631 	EXP 	polygon_2: autoDraw = False
1143.9308 	EXP 	Sound sound_1 reached end of file
1143.9465 	EXP 	Playing sound sound_1 on speaker Speakers (Realtek(R) Audio)
1143.9313 	EXP 	Device response: <KeyPress from None: t=1143.8382963000004, value=space, duration=0.07963699999982055>
1144.2466 	EXP 	Sound sound_1 stopped
1144.2569 	EXP 	text: autoDraw = True
1144.2569 	EXP 	textbox: autoDraw = True
1146.4682 	DATA 	Keypress: 2
1146.4801 	EXP 	Device response: <KeyPress from None: t=1146.4662430000008, value=2, duration=None>
1146.5801 	EXP 	Device response: <KeyPress from None: t=1146.4662430000008, value=2, duration=0.09925199999997858>
1147.1143 	DATA 	Mouse: Left button down, pos=(992,261)
1147.1152 	EXP 	New trial (rep=18, index=8): <Trial 224 (8 in rep 18) data={'delay': 0.4, 'freq': 1000, 'condition': 'exp', 'thisN': 224, 'thisTrialN': 8, 'thisRepN': 18}>
1147.1297 	EXP 	text: autoDraw = False
1147.1297 	EXP 	textbox: autoDraw = False
1147.1297 	EXP 	polygon: autoDraw = True
1147.1989 	DATA 	Mouse:  Left button up, pos=(992,261)
1148.1301 	INFO 	Keyboard events cleared
1148.1299 	EXP 	polygon: autoDraw = False
1148.1299 	EXP 	polygon_2: autoDraw = True
1148.7837 	EXP 	Device response: <KeyPress from None: t=1148.7834361000005, value=space, duration=None>
1148.7852 	DATA 	Keypress: space
1148.7964 	EXP 	polygon: autoDraw = False
1148.7964 	EXP 	polygon_2: autoDraw = False
1148.8964 	EXP 	Device response: <KeyPress from None: t=1148.7834361000005, value=space, duration=0.1047112999995079>
1149.1800 	EXP 	Sound sound_1 reached end of file
1149.1962 	EXP 	Playing sound sound_1 on speaker Speakers (Realtek(R) Audio)
1149.4973 	EXP 	Sound sound_1 stopped
1149.5068 	EXP 	text: autoDraw = True
1149.5068 	EXP 	textbox: autoDraw = True
1150.5538 	DATA 	Keypress: 2
1150.5640 	EXP 	Device response: <KeyPress from None: t=1150.5511346000003, value=2, duration=None>
1150.6836 	EXP 	Device response: <KeyPress from None: t=1150.5511346000003, value=2, duration=0.1299581000002945>
1151.5404 	DATA 	Mouse: Left button down, pos=(916,223)
1151.5470 	EXP 	New trial (rep=18, index=9): <Trial 225 (9 in rep 18) data={'delay': 0.4, 'freq': 400, 'condition': 'unexp', 'thisN': 225, 'thisTrialN': 9, 'thisRepN': 18}>
1151.5626 	EXP 	text: autoDraw = False
1151.5626 	EXP 	textbox: autoDraw = False
1151.5626 	EXP 	polygon: autoDraw = True
1151.6154 	DATA 	Mouse:  Left button up, pos=(916,223)
1152.5464 	INFO 	Keyboard events cleared
1152.5463 	EXP 	polygon_2: autoDraw = True
1152.5627 	EXP 	polygon: autoDraw = False
1153.1632 	EXP 	Device response: <KeyPress from None: t=1153.1514098000007, value=space, duration=None>
1153.1651 	DATA 	Keypress: space
1153.1797 	EXP 	polygon: autoDraw = False
1153.1797 	EXP 	polygon_2: autoDraw = False
1153.3131 	EXP 	Device response: <KeyPress from None: t=1153.1514098000007, value=space, duration=0.15455089999977645>
1153.5465 	EXP 	Sound sound_1 reached end of file
1153.5627 	EXP 	Playing sound sound_1 on speaker Speakers (Realtek(R) Audio)
1153.8644 	EXP 	Sound sound_1 stopped
1153.8755 	EXP 	text: autoDraw = True
1153.8755 	EXP 	textbox: autoDraw = True
1155.6802 	DATA 	Keypress: 0
1155.6814 	EXP 	Device response: <KeyPress from None: t=1155.6674656000005, value=0, duration=None>
1155.7806 	EXP 	Device response: <KeyPress from None: t=1155.6674656000005, value=0, duration=0.1028494000001956>
1156.4974 	DATA 	Mouse: Left button down, pos=(927,313)
1156.4982 	EXP 	New trial (rep=18, index=10): <Trial 226 (10 in rep 18) data={'delay': 0.7, 'freq': 1000, 'condition': 'exp', 'thisN': 226, 'thisTrialN': 10, 'thisRepN': 18}>
1156.5128 	EXP 	text: autoDraw = False
1156.5128 	EXP 	textbox: autoDraw = False
1156.5128 	EXP 	polygon: autoDraw = True
1156.5992 	DATA 	Mouse:  Left button up, pos=(927,313)
1157.5129 	INFO 	Keyboard events cleared
1157.5127 	EXP 	polygon: autoDraw = False
1157.5127 	EXP 	polygon_2: autoDraw = True
1158.0981 	DATA 	Keypress: space
1158.1133 	EXP 	Device response: <KeyPress from None: t=1158.0972849, value=space, duration=None>
1158.1295 	EXP 	polygon: autoDraw = False
1158.1295 	EXP 	polygon_2: autoDraw = False
1158.1965 	EXP 	Device response: <KeyPress from None: t=1158.0972849, value=space, duration=0.0857705000007627>
1158.7966 	EXP 	Sound sound_1 reached end of file
1158.8130 	EXP 	Playing sound sound_1 on speaker Speakers (Realtek(R) Audio)
1159.1134 	EXP 	Sound sound_1 stopped
1159.1254 	EXP 	text: autoDraw = True
1159.1254 	EXP 	textbox: autoDraw = True
1160.0687 	DATA 	Keypress: 4
1160.0801 	EXP 	Device response: <KeyPress from None: t=1160.0652605000005, value=4, duration=None>
1160.1649 	EXP 	Device response: <KeyPress from None: t=1160.0652605000005, value=4, duration=0.09263039999950706>
1160.6812 	DATA 	Mouse: Left button down, pos=(927,313)
1160.6830 	EXP 	New trial (rep=18, index=11): <Trial 227 (11 in rep 18) data={'delay': 0.7, 'freq': 400, 'condition': 'unexp', 'thisN': 227, 'thisTrialN': 11, 'thisRepN': 18}>
1160.6973 	EXP 	text: autoDraw = False
1160.6973 	EXP 	textbox: autoDraw = False
1160.6973 	EXP 	polygon: autoDraw = True
1160.7485 	DATA 	Mouse:  Left button up, pos=(927,313)
1161.6963 	INFO 	Keyboard events cleared
1161.6962 	EXP 	polygon_2: autoDraw = True
1161.7126 	EXP 	polygon: autoDraw = False
1162.2969 	EXP 	Device response: <KeyPress from None: t=1162.2824544000005, value=space, duration=None>
1162.2990 	DATA 	Keypress: space
1162.3133 	EXP 	polygon: autoDraw = False
1162.3133 	EXP 	polygon_2: autoDraw = False
1162.4305 	EXP 	Device response: <KeyPress from None: t=1162.2824544000005, value=space, duration=0.13566650000029767>
1162.9799 	EXP 	Sound sound_1 reached end of file
1162.9963 	EXP 	Playing sound sound_1 on speaker Speakers (Realtek(R) Audio)
1163.2934 	EXP 	Sound sound_1 stopped
1163.3042 	EXP 	text: autoDraw = True
1163.3042 	EXP 	textbox: autoDraw = True
1164.1974 	DATA 	Keypress: 0
1164.1986 	EXP 	Device response: <KeyPress from None: t=1164.1927446, value=0, duration=None>
1164.2971 	EXP 	Device response: <KeyPress from None: t=1164.1927446, value=0, duration=0.08961429999999382>
1164.6972 	DATA 	Mouse: Left button down, pos=(927,313)
1164.6982 	EXP 	New trial (rep=19, index=0): <Trial 228 (0 in rep 19) data={'delay': 0.7, 'freq': 1000, 'condition': 'exp', 'thisN': 228, 'thisTrialN': 0, 'thisRepN': 19}>
1164.7133 	EXP 	text: autoDraw = False
1164.7133 	EXP 	textbox: autoDraw = False
1164.7133 	EXP 	polygon: autoDraw = True
1164.8011 	DATA 	Mouse:  Left button up, pos=(927,313)
1165.7132 	INFO 	Keyboard events cleared
1165.7130 	EXP 	polygon: autoDraw = False
1165.7130 	EXP 	polygon_2: autoDraw = True
1166.9303 	EXP 	Device response: <KeyPress from None: t=1166.9239551, value=space, duration=None>
1166.9327 	DATA 	Keypress: space
1166.9461 	EXP 	polygon: autoDraw = False
1166.9461 	EXP 	polygon_2: autoDraw = False
1166.9966 	EXP 	Device response: <KeyPress from None: t=1166.9239551, value=space, duration=0.06305300000076386>
1167.6303 	EXP 	Sound sound_1 reached end of file
1167.6465 	EXP 	Playing sound sound_1 on speaker Speakers (Realtek(R) Audio)
1167.9424 	EXP 	Sound sound_1 stopped
1167.9520 	EXP 	text: autoDraw = True
1167.9520 	EXP 	textbox: autoDraw = True
1168.6639 	DATA 	Keypress: 4
1168.6655 	EXP 	Device response: <KeyPress from None: t=1168.6629042000004, value=4, duration=None>
1168.7322 	EXP 	Device response: <KeyPress from None: t=1168.6629042000004, value=4, duration=0.06621319999976549>
1169.5829 	DATA 	Mouse: Left button down, pos=(927,313)
1169.5839 	EXP 	New trial (rep=19, index=1): <Trial 229 (1 in rep 19) data={'delay': 0.4, 'freq': 400, 'condition': 'unexp', 'thisN': 229, 'thisTrialN': 1, 'thisRepN': 19}>
1169.5964 	EXP 	text: autoDraw = False
1169.5964 	EXP 	textbox: autoDraw = False
1169.5964 	EXP 	polygon: autoDraw = True
1169.7979 	DATA 	Mouse:  Left button up, pos=(927,313)
1170.5965 	INFO 	Keyboard events cleared
1170.5963 	EXP 	polygon: autoDraw = False
1170.5963 	EXP 	polygon_2: autoDraw = True
1171.3301 	EXP 	Device response: <KeyPress from None: t=1171.3288888000006, value=space, duration=None>
1171.3334 	DATA 	Keypress: space
1171.3462 	EXP 	polygon: autoDraw = False
1171.3462 	EXP 	polygon_2: autoDraw = False
1171.4313 	EXP 	Device response: <KeyPress from None: t=1171.3288888000006, value=space, duration=0.10213130000011006>
1171.7296 	EXP 	Sound sound_1 reached end of file
1171.7459 	EXP 	Playing sound sound_1 on speaker Speakers (Realtek(R) Audio)
1172.0439 	EXP 	Sound sound_1 stopped
1172.0540 	EXP 	text: autoDraw = True
1172.0540 	EXP 	textbox: autoDraw = True
1173.1722 	DATA 	Keypress: 9
1173.1802 	EXP 	Device response: <KeyPress from None: t=1173.1716534000007, value=9, duration=None>
1173.2482 	EXP 	Device response: <KeyPress from None: t=1173.1716534000007, value=9, duration=0.07351870000002236>
1174.1051 	DATA 	Keypress: backspace
1174.1133 	EXP 	Device response: <KeyPress from None: t=1174.1041739000002, value=backspace, duration=None>
1174.1972 	EXP 	Device response: <KeyPress from None: t=1174.1041739000002, value=backspace, duration=0.08944960000007995>
1174.3632 	DATA 	Keypress: 0
1174.3653 	EXP 	Device response: <KeyPress from None: t=1174.3555737000006, value=0, duration=None>
1174.4313 	EXP 	Device response: <KeyPress from None: t=1174.3555737000006, value=0, duration=0.0730478999994375>
1175.2443 	DATA 	Mouse: Left button down, pos=(999,326)
1175.2482 	EXP 	New trial (rep=19, index=2): <Trial 230 (2 in rep 19) data={'delay': 0.4, 'freq': 1000, 'condition': 'exp', 'thisN': 230, 'thisTrialN': 2, 'thisRepN': 19}>
1175.2628 	EXP 	text: autoDraw = False
1175.2628 	EXP 	textbox: autoDraw = False
1175.2628 	EXP 	polygon: autoDraw = True
1175.3325 	DATA 	Mouse:  Left button up, pos=(999,326)
1176.2629 	INFO 	Keyboard events cleared
1176.2627 	EXP 	polygon: autoDraw = False
1176.2627 	EXP 	polygon_2: autoDraw = True
1177.5966 	EXP 	Device response: <KeyPress from None: t=1177.5842326000002, value=space, duration=None>
1177.5980 	DATA 	Keypress: space
1177.6125 	EXP 	polygon: autoDraw = False
1177.6125 	EXP 	polygon_2: autoDraw = False
1177.6964 	EXP 	Device response: <KeyPress from None: t=1177.5842326000002, value=space, duration=0.10868670000036218>
1177.9796 	EXP 	Sound sound_1 reached end of file
1177.9957 	EXP 	Playing sound sound_1 on speaker Speakers (Realtek(R) Audio)
1178.2972 	EXP 	Sound sound_1 stopped
1178.3062 	EXP 	text: autoDraw = True
1178.3062 	EXP 	textbox: autoDraw = True
1179.4314 	DATA 	Keypress: 2
1179.4330 	DATA 	Keypress: 3
1179.4341 	EXP 	Device response: <KeyPress from None: t=1179.4277012000002, value=2, duration=None>
1179.4341 	EXP 	Device response: <KeyPress from None: t=1179.4310454000006, value=3, duration=None>
1179.4968 	EXP 	Device response: <KeyPress from None: t=1179.4310454000006, value=3, duration=0.05274769999959972>
1179.5131 	EXP 	Device response: <KeyPress from None: t=1179.4277012000002, value=2, duration=0.06945600000017293>
1180.1640 	DATA 	Keypress: equal
1180.1662 	EXP 	Device response: <KeyPress from None: t=1180.1633271, value=equal, duration=None>
1180.2653 	EXP 	Device response: <KeyPress from None: t=1180.1633271, value=equal, duration=0.09921470000062982>
1180.8469 	DATA 	Keypress: backspace
1180.8490 	EXP 	Device response: <KeyPress from None: t=1180.8375049000006, value=backspace, duration=None>
1180.9466 	EXP 	Device response: <KeyPress from None: t=1180.8375049000006, value=backspace, duration=0.09351150000020425>
1180.9800 	DATA 	Keypress: backspace
1180.9818 	EXP 	Device response: <KeyPress from None: t=1180.9743617000004, value=backspace, duration=None>
1181.0634 	EXP 	Device response: <KeyPress from None: t=1180.9743617000004, value=backspace, duration=0.07579580000037822>
1181.4628 	DATA 	Mouse: Left button down, pos=(999,326)
1181.4634 	EXP 	New trial (rep=19, index=3): <Trial 231 (3 in rep 19) data={'delay': 0.4, 'freq': 1000, 'condition': 'exp', 'thisN': 231, 'thisTrialN': 3, 'thisRepN': 19}>
1181.4788 	EXP 	text: autoDraw = False
1181.4788 	EXP 	textbox: autoDraw = False
1181.4788 	EXP 	polygon: autoDraw = True
1181.5307 	DATA 	Mouse:  Left button up, pos=(999,326)
1182.4630 	INFO 	Keyboard events cleared
1182.4628 	EXP 	polygon_2: autoDraw = True
1182.4794 	EXP 	polygon: autoDraw = False
1183.0636 	EXP 	Device response: <KeyPress from None: t=1183.0506706000006, value=b, duration=None>
1183.0652 	DATA 	Keypress: b
1183.1299 	EXP 	Device response: <KeyPress from None: t=1183.0506706000006, value=b, duration=0.07333779999953549>
1183.5797 	EXP 	Device response: <KeyPress from None: t=1183.5789834000007, value=b, duration=None>
1183.5810 	DATA 	Keypress: b
1183.6465 	EXP 	Device response: <KeyPress from None: t=1183.5789834000007, value=b, duration=0.05941979999988689>
1184.0296 	EXP 	Device response: <KeyPress from None: t=1184.0272923000002, value=space, duration=None>
1184.0318 	DATA 	Keypress: space
1184.0460 	EXP 	polygon: autoDraw = False
1184.0460 	EXP 	polygon_2: autoDraw = False
1184.1145 	EXP 	Device response: <KeyPress from None: t=1184.0272923000002, value=space, duration=0.08502099999986967>
1184.4130 	EXP 	Sound sound_1 reached end of file
1184.4290 	EXP 	Playing sound sound_1 on speaker Speakers (Realtek(R) Audio)
1184.7229 	EXP 	Sound sound_1 stopped
1184.7336 	EXP 	text: autoDraw = True
1184.7336 	EXP 	textbox: autoDraw = True
1186.1432 	DATA 	Keypress: 3
1186.1464 	EXP 	Device response: <KeyPress from None: t=1186.1407362, value=3, duration=None>
1186.2151 	EXP 	Device response: <KeyPress from None: t=1186.1407362, value=3, duration=0.06611340000017663>
1186.9711 	DATA 	Mouse: Left button down, pos=(947,301)
1186.9810 	EXP 	New trial (rep=19, index=4): <Trial 232 (4 in rep 19) data={'delay': 0.1, 'freq': 1000, 'condition': 'exp', 'thisN': 232, 'thisTrialN': 4, 'thisRepN': 19}>
1186.9959 	EXP 	text: autoDraw = False
1186.9959 	EXP 	textbox: autoDraw = False
1186.9959 	EXP 	polygon: autoDraw = True
1187.0819 	DATA 	Mouse:  Left button up, pos=(947,301)
1187.9960 	INFO 	Keyboard events cleared
1187.9959 	EXP 	polygon: autoDraw = False
1187.9959 	EXP 	polygon_2: autoDraw = True
1188.7134 	EXP 	Device response: <KeyPress from None: t=1188.7055664, value=space, duration=None>
1188.7158 	DATA 	Keypress: space
1188.7295 	EXP 	polygon: autoDraw = False
1188.7295 	EXP 	polygon_2: autoDraw = False
1188.7962 	EXP 	Device response: <KeyPress from None: t=1188.7055664, value=space, duration=0.09020760000021255>
1188.8132 	EXP 	Sound sound_1 reached end of file
1188.8293 	EXP 	Playing sound sound_1 on speaker Speakers (Realtek(R) Audio)
1189.1246 	EXP 	Sound sound_1 stopped
1189.1356 	EXP 	text: autoDraw = True
1189.1356 	EXP 	textbox: autoDraw = True
1190.2137 	DATA 	Keypress: 2
1190.2160 	EXP 	Device response: <KeyPress from None: t=1190.2055961000005, value=2, duration=None>
1190.2799 	EXP 	Device response: <KeyPress from None: t=1190.2055961000005, value=2, duration=0.06288599999970756>
1190.8707 	DATA 	Mouse: Left button down, pos=(947,301)
1190.8818 	EXP 	New trial (rep=19, index=5): <Trial 233 (5 in rep 19) data={'delay': 0.7, 'freq': 1000, 'condition': 'exp', 'thisN': 233, 'thisTrialN': 5, 'thisRepN': 19}>
1190.8959 	EXP 	text: autoDraw = False
1190.8959 	EXP 	textbox: autoDraw = False
1190.8959 	EXP 	polygon: autoDraw = True
1190.9841 	DATA 	Mouse:  Left button up, pos=(947,301)
1191.8959 	INFO 	Keyboard events cleared
1191.8957 	EXP 	polygon: autoDraw = False
1191.8957 	EXP 	polygon_2: autoDraw = True
1192.3966 	EXP 	Device response: <KeyPress from None: t=1192.3864216000002, value=space, duration=None>
1192.3982 	DATA 	Keypress: space
1192.4124 	EXP 	polygon: autoDraw = False
1192.4124 	EXP 	polygon_2: autoDraw = False
1192.4625 	EXP 	Device response: <KeyPress from None: t=1192.3864216000002, value=space, duration=0.07296450000012555>
1193.0962 	EXP 	Sound sound_1 reached end of file
1193.1123 	EXP 	Playing sound sound_1 on speaker Speakers (Realtek(R) Audio)
1193.4149 	EXP 	Sound sound_1 stopped
1193.4249 	EXP 	text: autoDraw = True
1193.4249 	EXP 	textbox: autoDraw = True
1194.0687 	DATA 	Keypress: 4
1194.0802 	EXP 	Device response: <KeyPress from None: t=1194.0680454000003, value=4, duration=None>
1194.1475 	EXP 	Device response: <KeyPress from None: t=1194.0680454000003, value=4, duration=0.07357649999994464>
1196.1011 	DATA 	Mouse: Left button down, pos=(1070,183)
1196.1141 	EXP 	New trial (rep=19, index=6): <Trial 234 (6 in rep 19) data={'delay': 0.4, 'freq': 1000, 'condition': 'exp', 'thisN': 234, 'thisTrialN': 6, 'thisRepN': 19}>
1196.1294 	EXP 	text: autoDraw = False
1196.1294 	EXP 	textbox: autoDraw = False
1196.1294 	EXP 	polygon: autoDraw = True
1196.1998 	DATA 	Mouse:  Left button up, pos=(1070,183)
1197.1298 	INFO 	Keyboard events cleared
1197.1296 	EXP 	polygon: autoDraw = False
1197.1296 	EXP 	polygon_2: autoDraw = True
1198.5966 	EXP 	Device response: <KeyPress from None: t=1198.5851211000008, value=space, duration=None>
1198.5988 	DATA 	Keypress: space
1198.6124 	EXP 	polygon: autoDraw = False
1198.6124 	EXP 	polygon_2: autoDraw = False
1198.7463 	EXP 	Device response: <KeyPress from None: t=1198.5851211000008, value=space, duration=0.15850769999997283>
1198.9799 	EXP 	Sound sound_1 reached end of file
1198.9962 	EXP 	Playing sound sound_1 on speaker Speakers (Realtek(R) Audio)
1199.2959 	EXP 	Sound sound_1 stopped
1199.3080 	EXP 	text: autoDraw = True
1199.3080 	EXP 	textbox: autoDraw = True
1200.7348 	DATA 	Keypress: 2
1200.7463 	EXP 	Device response: <KeyPress from None: t=1200.7317314000002, value=2, duration=None>
1200.8631 	EXP 	Device response: <KeyPress from None: t=1200.7317314000002, value=2, duration=0.12253490000057354>
1201.9511 	DATA 	Mouse: Left button down, pos=(886,301)
1201.9638 	EXP 	New trial (rep=19, index=7): <Trial 235 (7 in rep 19) data={'delay': 0.1, 'freq': 1000, 'condition': 'exp', 'thisN': 235, 'thisTrialN': 7, 'thisRepN': 19}>
1201.9789 	EXP 	text: autoDraw = False
1201.9789 	EXP 	textbox: autoDraw = False
1201.9789 	EXP 	polygon: autoDraw = True
1202.0480 	DATA 	Mouse:  Left button up, pos=(886,301)
1202.9791 	INFO 	Keyboard events cleared
1202.9790 	EXP 	polygon: autoDraw = False
1202.9790 	EXP 	polygon_2: autoDraw = True
1203.2801 	EXP 	Device response: <KeyPress from None: t=1203.2776076, value=space, duration=None>
1203.2828 	DATA 	Keypress: space
1203.2959 	EXP 	polygon: autoDraw = False
1203.2959 	EXP 	polygon_2: autoDraw = False
1203.3796 	EXP 	Sound sound_1 reached end of file
1203.3960 	EXP 	Playing sound sound_1 on speaker Speakers (Realtek(R) Audio)
1203.3799 	EXP 	Device response: <KeyPress from None: t=1203.2776076, value=space, duration=0.08640740000009828>
1203.6943 	EXP 	Sound sound_1 stopped
1203.7058 	EXP 	text: autoDraw = True
1203.7058 	EXP 	textbox: autoDraw = True
1204.4561 	DATA 	Keypress: 1
1204.4628 	EXP 	Device response: <KeyPress from None: t=1204.4554441, value=1, duration=None>
1204.5629 	EXP 	Device response: <KeyPress from None: t=1204.4554441, value=1, duration=0.09228900000016438>
1205.0316 	DATA 	Mouse: Left button down, pos=(886,301)
1205.0332 	EXP 	New trial (rep=19, index=8): <Trial 236 (8 in rep 19) data={'delay': 0.1, 'freq': 1000, 'condition': 'exp', 'thisN': 236, 'thisTrialN': 8, 'thisRepN': 19}>
1205.0456 	EXP 	text: autoDraw = False
1205.0456 	EXP 	textbox: autoDraw = False
1205.0456 	EXP 	polygon: autoDraw = True
1205.0992 	DATA 	Mouse:  Left button up, pos=(886,301)
1206.0454 	INFO 	Keyboard events cleared
1206.0453 	EXP 	polygon: autoDraw = False
1206.0453 	EXP 	polygon_2: autoDraw = True
1206.3291 	EXP 	Device response: <KeyPress from None: t=1206.3259146, value=space, duration=None>
1206.3309 	DATA 	Keypress: space
1206.3453 	EXP 	polygon: autoDraw = False
1206.3453 	EXP 	polygon_2: autoDraw = False
1206.4121 	EXP 	Sound sound_1 reached end of file
1206.4286 	EXP 	Playing sound sound_1 on speaker Speakers (Realtek(R) Audio)
1206.4123 	EXP 	Device response: <KeyPress from None: t=1206.3259146, value=space, duration=0.07266520000030141>
1206.7219 	EXP 	Sound sound_1 stopped
1206.7315 	EXP 	text: autoDraw = True
1206.7315 	EXP 	textbox: autoDraw = True
1207.6796 	DATA 	Keypress: 1
1207.6815 	EXP 	Device response: <KeyPress from None: t=1207.6760000000004, value=1, duration=None>
1207.7981 	EXP 	Device response: <KeyPress from None: t=1207.6760000000004, value=1, duration=0.11958260000028531>
1208.4864 	DATA 	Mouse: Left button down, pos=(886,301)
1208.4974 	EXP 	New trial (rep=19, index=9): <Trial 237 (9 in rep 19) data={'delay': 0.1, 'freq': 400, 'condition': 'unexp', 'thisN': 237, 'thisTrialN': 9, 'thisRepN': 19}>
1208.5120 	EXP 	text: autoDraw = False
1208.5120 	EXP 	textbox: autoDraw = False
1208.5120 	EXP 	polygon: autoDraw = True
1208.5490 	DATA 	Mouse:  Left button up, pos=(886,301)
1209.5123 	INFO 	Keyboard events cleared
1209.5121 	EXP 	polygon: autoDraw = False
1209.5121 	EXP 	polygon_2: autoDraw = True
1211.4961 	EXP 	Device response: <KeyPress from None: t=1211.4852980000005, value=space, duration=None>
1211.4979 	DATA 	Keypress: space
1211.5122 	EXP 	polygon: autoDraw = False
1211.5122 	EXP 	polygon_2: autoDraw = False
1211.5796 	EXP 	Sound sound_1 reached end of file
1211.5958 	EXP 	Playing sound sound_1 on speaker Speakers (Realtek(R) Audio)
1211.5963 	EXP 	Device response: <KeyPress from None: t=1211.4852980000005, value=space, duration=0.10614040000018576>
1211.8937 	EXP 	Sound sound_1 stopped
1211.9068 	EXP 	text: autoDraw = True
1211.9068 	EXP 	textbox: autoDraw = True
1213.6181 	DATA 	Keypress: 0
1213.6299 	EXP 	Device response: <KeyPress from None: t=1213.6135442000004, value=0, duration=None>
1213.7309 	EXP 	Device response: <KeyPress from None: t=1213.6135442000004, value=0, duration=0.11594859999968321>
1214.4538 	DATA 	Mouse: Left button down, pos=(984,260)
1214.4633 	EXP 	New trial (rep=19, index=10): <Trial 238 (10 in rep 19) data={'delay': 0.7, 'freq': 400, 'condition': 'unexp', 'thisN': 238, 'thisTrialN': 10, 'thisRepN': 19}>
1214.4788 	EXP 	text: autoDraw = False
1214.4788 	EXP 	textbox: autoDraw = False
1214.4788 	EXP 	polygon: autoDraw = True
1214.5488 	DATA 	Mouse:  Left button up, pos=(984,260)
1215.4623 	INFO 	Keyboard events cleared
1215.4621 	EXP 	polygon_2: autoDraw = True
1215.4792 	EXP 	polygon: autoDraw = False
1216.4462 	EXP 	Device response: <KeyPress from None: t=1216.4425009000006, value=space, duration=None>
1216.4481 	DATA 	Keypress: space
1216.4619 	EXP 	polygon: autoDraw = False
1216.4619 	EXP 	polygon_2: autoDraw = False
1216.5623 	EXP 	Device response: <KeyPress from None: t=1216.4425009000006, value=space, duration=0.1089931999995315>
1217.1294 	EXP 	Sound sound_1 reached end of file
1217.1455 	EXP 	Playing sound sound_1 on speaker Speakers (Realtek(R) Audio)
1217.4460 	EXP 	Sound sound_1 stopped
1217.4563 	EXP 	text: autoDraw = True
1217.4563 	EXP 	textbox: autoDraw = True
1218.2210 	DATA 	Keypress: 0
1218.2305 	EXP 	Device response: <KeyPress from None: t=1218.2205069000001, value=0, duration=None>
1218.3473 	EXP 	Device response: <KeyPress from None: t=1218.2205069000001, value=0, duration=0.12216799999987416>
1219.9135 	DATA 	Mouse: Left button down, pos=(1015,305)
1219.9147 	EXP 	New trial (rep=19, index=11): <Trial 239 (11 in rep 19) data={'delay': 0.7, 'freq': 1000, 'condition': 'exp', 'thisN': 239, 'thisTrialN': 11, 'thisRepN': 19}>
1219.9290 	EXP 	text: autoDraw = False
1219.9290 	EXP 	textbox: autoDraw = False
1219.9290 	EXP 	polygon: autoDraw = True
1219.9848 	DATA 	Mouse:  Left button up, pos=(1015,305)
1220.9295 	INFO 	Keyboard events cleared
1220.9293 	EXP 	polygon: autoDraw = False
1220.9293 	EXP 	polygon_2: autoDraw = True
1221.6792 	EXP 	Device response: <KeyPress from None: t=1221.6674757, value=space, duration=None>
1221.6811 	DATA 	Keypress: space
1221.6951 	EXP 	polygon: autoDraw = False
1221.6951 	EXP 	polygon_2: autoDraw = False
1221.8124 	EXP 	Device response: <KeyPress from None: t=1221.6674757, value=space, duration=0.14232840000022406>
1222.3625 	EXP 	Sound sound_1 reached end of file
1222.3787 	EXP 	Playing sound sound_1 on speaker Speakers (Realtek(R) Audio)
1222.6742 	EXP 	Sound sound_1 stopped
1222.6845 	EXP 	text: autoDraw = True
1222.6845 	EXP 	textbox: autoDraw = True
1226.4694 	DATA 	Keypress: 4
1226.4794 	EXP 	Device response: <KeyPress from None: t=1226.4679117000005, value=4, duration=None>
1226.4991 	EXP 	Device response: <KeyPress from None: t=1226.4679117000005, value=4, duration=0.02723729999979696>
1227.4686 	DATA 	Keypress: backspace
1227.4797 	EXP 	Device response: <KeyPress from None: t=1227.4668422000004, value=backspace, duration=None>
1227.6292 	EXP 	Device response: <KeyPress from None: t=1227.4668422000004, value=backspace, duration=0.1525085000002946>
1227.9367 	DATA 	Keypress: 3
1227.9462 	EXP 	Device response: <KeyPress from None: t=1227.9306728000001, value=3, duration=None>
1228.0142 	EXP 	Device response: <KeyPress from None: t=1227.9306728000001, value=3, duration=0.08008109999991575>
1228.9299 	DATA 	Mouse: Left button down, pos=(920,311)
1228.9314 	EXP 	New trial (rep=20, index=0): <Trial 240 (0 in rep 20) data={'delay': 0.1, 'freq': 1000, 'condition': 'exp', 'thisN': 240, 'thisTrialN': 0, 'thisRepN': 20}>
1228.9453 	EXP 	text: autoDraw = False
1228.9453 	EXP 	textbox: autoDraw = False
1228.9453 	EXP 	polygon: autoDraw = True
1229.0317 	DATA 	Mouse:  Left button up, pos=(920,311)
1229.9455 	INFO 	Keyboard events cleared
1229.9453 	EXP 	polygon: autoDraw = False
1229.9453 	EXP 	polygon_2: autoDraw = True
1230.5982 	DATA 	Keypress: space
1230.6132 	EXP 	Device response: <KeyPress from None: t=1230.5965712000007, value=space, duration=None>
1230.6289 	EXP 	polygon: autoDraw = False
1230.6289 	EXP 	polygon_2: autoDraw = False
1230.7130 	EXP 	Sound sound_1 reached end of file
1230.7293 	EXP 	Playing sound sound_1 on speaker Speakers (Realtek(R) Audio)
1230.7299 	EXP 	Device response: <KeyPress from None: t=1230.5965712000007, value=space, duration=0.12513849999959348>
1231.0227 	EXP 	Sound sound_1 stopped
1231.0322 	EXP 	text: autoDraw = True
1231.0322 	EXP 	textbox: autoDraw = True
1232.0298 	DATA 	Keypress: 2
1232.0324 	EXP 	Device response: <KeyPress from None: t=1232.025423, value=2, duration=None>
1232.1125 	EXP 	Device response: <KeyPress from None: t=1232.025423, value=2, duration=0.07575480000014068>
1232.8968 	DATA 	Mouse: Left button down, pos=(920,311)
1232.8985 	EXP 	New trial (rep=20, index=1): <Trial 241 (1 in rep 20) data={'delay': 0.4, 'freq': 1000, 'condition': 'exp', 'thisN': 241, 'thisTrialN': 1, 'thisRepN': 20}>
1232.9118 	EXP 	text: autoDraw = False
1232.9118 	EXP 	textbox: autoDraw = False
1232.9118 	EXP 	polygon: autoDraw = True
1233.0010 	DATA 	Mouse:  Left button up, pos=(920,311)
1233.3960 	EXP 	Device response: <KeyPress from None: t=1233.3939167000008, value=space, duration=None>
1233.3971 	DATA 	Keypress: space
1233.4962 	EXP 	Device response: <KeyPress from None: t=1233.3939167000008, value=space, duration=0.08910239999931946>
1233.9119 	INFO 	Keyboard events cleared
1233.9117 	EXP 	polygon: autoDraw = False
1233.9117 	EXP 	polygon_2: autoDraw = True
1234.2640 	DATA 	Mouse: Left button down, pos=(1016,583)
1234.3825 	DATA 	Mouse:  Left button up, pos=(1016,583)
1234.6134 	EXP 	Device response: <KeyPress from None: t=1234.5979493000004, value=space, duration=None>
1234.6158 	DATA 	Keypress: space
1234.6287 	EXP 	polygon: autoDraw = False
1234.6287 	EXP 	polygon_2: autoDraw = False
1234.7292 	EXP 	Device response: <KeyPress from None: t=1234.5979493000004, value=space, duration=0.11563229999956093>
1235.0122 	EXP 	Sound sound_1 reached end of file
1235.0284 	EXP 	Playing sound sound_1 on speaker Speakers (Realtek(R) Audio)
1235.3269 	EXP 	Sound sound_1 stopped
1235.3367 	EXP 	text: autoDraw = True
1235.3367 	EXP 	textbox: autoDraw = True
1236.0129 	DATA 	Keypress: 2
1236.0151 	EXP 	Device response: <KeyPress from None: t=1236.0086233000002, value=2, duration=None>
1236.0980 	EXP 	Device response: <KeyPress from None: t=1236.0086233000002, value=2, duration=0.07865639999999985>
1236.8352 	DATA 	Mouse: Left button down, pos=(927,239)
1236.8469 	EXP 	New trial (rep=20, index=2): <Trial 242 (2 in rep 20) data={'delay': 0.4, 'freq': 1000, 'condition': 'exp', 'thisN': 242, 'thisTrialN': 2, 'thisRepN': 20}>
1236.8624 	EXP 	text: autoDraw = False
1236.8624 	EXP 	textbox: autoDraw = False
1236.8624 	EXP 	polygon: autoDraw = True
1236.9317 	DATA 	Mouse:  Left button up, pos=(927,239)
1237.8459 	INFO 	Keyboard events cleared
1237.8457 	EXP 	polygon_2: autoDraw = True
1237.8621 	EXP 	polygon: autoDraw = False
1238.5129 	EXP 	Device response: <KeyPress from None: t=1238.5122647000007, value=space, duration=None>
1238.5153 	DATA 	Keypress: space
1238.5284 	EXP 	polygon: autoDraw = False
1238.5284 	EXP 	polygon_2: autoDraw = False
1238.6291 	EXP 	Device response: <KeyPress from None: t=1238.5122647000007, value=space, duration=0.10925939999924594>
1238.9129 	EXP 	Sound sound_1 reached end of file
1238.9290 	EXP 	Playing sound sound_1 on speaker Speakers (Realtek(R) Audio)
1239.2237 	EXP 	Sound sound_1 stopped
1239.2323 	EXP 	text: autoDraw = True
1239.2323 	EXP 	textbox: autoDraw = True
1241.5880 	DATA 	Keypress: 2
1241.5958 	EXP 	Device response: <KeyPress from None: t=1241.5813399000008, value=2, duration=None>
1241.6634 	EXP 	Device response: <KeyPress from None: t=1241.5813399000008, value=2, duration=0.07587779999994382>
1242.0630 	DATA 	Keypress: space
1242.0647 	EXP 	Device response: <KeyPress from None: t=1242.0621515000003, value=space, duration=None>
1242.1622 	EXP 	Device response: <KeyPress from None: t=1242.0621515000003, value=space, duration=0.08561110000027838>
1242.4798 	DATA 	Mouse: Left button down, pos=(927,239)
1242.4811 	EXP 	New trial (rep=20, index=3): <Trial 243 (3 in rep 20) data={'delay': 0.7, 'freq': 1000, 'condition': 'exp', 'thisN': 243, 'thisTrialN': 3, 'thisRepN': 20}>
1242.4955 	EXP 	text: autoDraw = False
1242.4955 	EXP 	textbox: autoDraw = False
1242.4955 	EXP 	polygon: autoDraw = True
1242.5503 	DATA 	Mouse:  Left button up, pos=(927,239)
1243.4952 	INFO 	Keyboard events cleared
1243.4951 	EXP 	polygon: autoDraw = False
1243.4951 	EXP 	polygon_2: autoDraw = True
1243.5799 	EXP 	Device response: <KeyPress from None: t=1243.5690080000004, value=space, duration=None>
1243.5822 	DATA 	Keypress: space
1243.5952 	EXP 	polygon: autoDraw = False
1243.5952 	EXP 	polygon_2: autoDraw = False
1243.6787 	EXP 	Device response: <KeyPress from None: t=1243.5690080000004, value=space, duration=0.10553600000002916>
1244.2790 	EXP 	Sound sound_1 reached end of file
1244.2954 	EXP 	Playing sound sound_1 on speaker Speakers (Realtek(R) Audio)
1244.5948 	EXP 	Sound sound_1 stopped
1244.6050 	EXP 	text: autoDraw = True
1244.6050 	EXP 	textbox: autoDraw = True
1245.3029 	DATA 	Keypress: 4
1245.3126 	EXP 	Device response: <KeyPress from None: t=1245.3013763000008, value=4, duration=None>
1245.3972 	EXP 	Device response: <KeyPress from None: t=1245.3013763000008, value=4, duration=0.08639640000001236>
1246.0163 	DATA 	Mouse: Left button down, pos=(928,239)
1246.0179 	EXP 	New trial (rep=20, index=4): <Trial 244 (4 in rep 20) data={'delay': 0.4, 'freq': 1000, 'condition': 'exp', 'thisN': 244, 'thisTrialN': 4, 'thisRepN': 20}>
1246.0288 	EXP 	text: autoDraw = False
1246.0288 	EXP 	textbox: autoDraw = False
1246.0288 	EXP 	polygon: autoDraw = True
1246.1156 	DATA 	Mouse:  Left button up, pos=(928,239)
1247.0287 	INFO 	Keyboard events cleared
1247.0285 	EXP 	polygon: autoDraw = False
1247.0285 	EXP 	polygon_2: autoDraw = True
1247.6956 	EXP 	Device response: <KeyPress from None: t=1247.6819656000007, value=space, duration=None>
1247.6972 	DATA 	Keypress: space
1247.7115 	EXP 	polygon: autoDraw = False
1247.7115 	EXP 	polygon_2: autoDraw = False
1247.7790 	EXP 	Device response: <KeyPress from None: t=1247.6819656000007, value=space, duration=0.08236049999959505>
1248.0791 	EXP 	Sound sound_1 reached end of file
1248.0953 	EXP 	Playing sound sound_1 on speaker Speakers (Realtek(R) Audio)
1248.3952 	EXP 	Sound sound_1 stopped
1248.4052 	EXP 	text: autoDraw = True
1248.4052 	EXP 	textbox: autoDraw = True
1249.5930 	DATA 	Keypress: 3
1249.5976 	EXP 	Device response: <KeyPress from None: t=1249.5900804000003, value=3, duration=None>
1249.6632 	EXP 	Device response: <KeyPress from None: t=1249.5900804000003, value=3, duration=0.06981210000049032>
1250.3531 	DATA 	Mouse: Left button down, pos=(940,262)
1250.3634 	EXP 	New trial (rep=20, index=5): <Trial 245 (5 in rep 20) data={'delay': 0.1, 'freq': 400, 'condition': 'unexp', 'thisN': 245, 'thisTrialN': 5, 'thisRepN': 20}>
1250.3784 	EXP 	text: autoDraw = False
1250.3784 	EXP 	textbox: autoDraw = False
1250.3784 	EXP 	polygon: autoDraw = True
1250.4641 	DATA 	Mouse:  Left button up, pos=(940,262)
1251.3783 	INFO 	Keyboard events cleared
1251.3782 	EXP 	polygon: autoDraw = False
1251.3782 	EXP 	polygon_2: autoDraw = True
1252.2289 	EXP 	Device response: <KeyPress from None: t=1252.2165600000008, value=space, duration=None>
1252.2309 	DATA 	Keypress: space
1252.2451 	EXP 	polygon: autoDraw = False
1252.2451 	EXP 	polygon_2: autoDraw = False
1252.3124 	EXP 	Sound sound_1 reached end of file
1252.3284 	EXP 	Playing sound sound_1 on speaker Speakers (Realtek(R) Audio)
1252.3127 	EXP 	Device response: <KeyPress from None: t=1252.2165600000008, value=space, duration=0.08558379999976751>
1252.6248 	EXP 	Sound sound_1 stopped
1252.6361 	EXP 	text: autoDraw = True
1252.6361 	EXP 	textbox: autoDraw = True
1254.1623 	DATA 	Keypress: 0
1254.1638 	EXP 	Device response: <KeyPress from None: t=1254.1583316000006, value=0, duration=None>
1254.2459 	EXP 	Device response: <KeyPress from None: t=1254.1583316000006, value=0, duration=0.07288019999941753>
1254.5998 	DATA 	Mouse: Left button down, pos=(940,262)
1254.6133 	EXP 	New trial (rep=20, index=6): <Trial 246 (6 in rep 20) data={'delay': 0.4, 'freq': 400, 'condition': 'unexp', 'thisN': 246, 'thisTrialN': 6, 'thisRepN': 20}>
1254.6284 	EXP 	text: autoDraw = False
1254.6284 	EXP 	textbox: autoDraw = False
1254.6284 	EXP 	polygon: autoDraw = True
1254.6996 	DATA 	Mouse:  Left button up, pos=(940,262)
1255.6284 	INFO 	Keyboard events cleared
1255.6283 	EXP 	polygon: autoDraw = False
1255.6283 	EXP 	polygon_2: autoDraw = True
1255.9788 	EXP 	Device response: <KeyPress from None: t=1255.9770790000002, value=space, duration=None>
1255.9814 	DATA 	Keypress: space
1255.9954 	EXP 	polygon: autoDraw = False
1255.9954 	EXP 	polygon_2: autoDraw = False
1256.0790 	EXP 	Device response: <KeyPress from None: t=1255.9770790000002, value=space, duration=0.0923915000003035>
1256.3620 	EXP 	Sound sound_1 reached end of file
1256.3782 	EXP 	Playing sound sound_1 on speaker Speakers (Realtek(R) Audio)
1256.6758 	EXP 	Sound sound_1 stopped
1256.6871 	EXP 	text: autoDraw = True
1256.6871 	EXP 	textbox: autoDraw = True
1258.4460 	DATA 	Keypress: 0
1258.4483 	EXP 	Device response: <KeyPress from None: t=1258.4417980000007, value=0, duration=None>
1258.5788 	EXP 	Device response: <KeyPress from None: t=1258.4417980000007, value=0, duration=0.12209919999986596>
1259.3474 	DATA 	Mouse: Left button down, pos=(940,262)
1259.3487 	EXP 	New trial (rep=20, index=7): <Trial 247 (7 in rep 20) data={'delay': 0.1, 'freq': 1000, 'condition': 'exp', 'thisN': 247, 'thisTrialN': 7, 'thisRepN': 20}>
1259.3617 	EXP 	text: autoDraw = False
1259.3617 	EXP 	textbox: autoDraw = False
1259.3617 	EXP 	polygon: autoDraw = True
1259.4163 	DATA 	Mouse:  Left button up, pos=(940,262)
1260.3615 	INFO 	Keyboard events cleared
1260.3614 	EXP 	polygon: autoDraw = False
1260.3614 	EXP 	polygon_2: autoDraw = True
1262.2620 	EXP 	Device response: <KeyPress from None: t=1262.2467171000008, value=space, duration=None>
1262.2639 	DATA 	Keypress: space
1262.2780 	EXP 	polygon: autoDraw = False
1262.2780 	EXP 	polygon_2: autoDraw = False
1262.3453 	EXP 	Sound sound_1 reached end of file
1262.3614 	EXP 	Playing sound sound_1 on speaker Speakers (Realtek(R) Audio)
1262.3960 	EXP 	Device response: <KeyPress from None: t=1262.2467171000008, value=space, duration=0.14900179999949614>
1262.6558 	EXP 	Sound sound_1 stopped
1262.6653 	EXP 	text: autoDraw = True
1262.6653 	EXP 	textbox: autoDraw = True
1263.8855 	DATA 	Keypress: 2
1263.8958 	EXP 	Device response: <KeyPress from None: t=1263.8848101000003, value=2, duration=None>
1263.9636 	EXP 	Device response: <KeyPress from None: t=1263.8848101000003, value=2, duration=0.07329910000044038>
1265.1298 	DATA 	Mouse: Left button down, pos=(864,205)
1265.1310 	EXP 	New trial (rep=20, index=8): <Trial 248 (8 in rep 20) data={'delay': 0.7, 'freq': 1000, 'condition': 'exp', 'thisN': 248, 'thisTrialN': 8, 'thisRepN': 20}>
1265.1452 	EXP 	text: autoDraw = False
1265.1452 	EXP 	textbox: autoDraw = False
1265.1452 	EXP 	polygon: autoDraw = True
1265.2309 	DATA 	Mouse:  Left button up, pos=(864,205)
1266.1446 	INFO 	Keyboard events cleared
1266.1444 	EXP 	polygon: autoDraw = False
1266.1444 	EXP 	polygon_2: autoDraw = True
1266.6615 	EXP 	Device response: <KeyPress from None: t=1266.6530955000007, value=space, duration=None>
1266.6630 	DATA 	Keypress: space
1266.6779 	EXP 	polygon: autoDraw = False
1266.6779 	EXP 	polygon_2: autoDraw = False
1266.7282 	EXP 	Device response: <KeyPress from None: t=1266.6530955000007, value=space, duration=0.06281639999997424>
1267.3453 	EXP 	Sound sound_1 reached end of file
1267.3615 	EXP 	Playing sound sound_1 on speaker Speakers (Realtek(R) Audio)
1267.6634 	EXP 	Sound sound_1 stopped
1267.6726 	EXP 	text: autoDraw = True
1267.6726 	EXP 	textbox: autoDraw = True
1268.5960 	DATA 	Keypress: 3
1268.5977 	EXP 	Device response: <KeyPress from None: t=1268.5946976000005, value=3, duration=None>
1268.6814 	EXP 	Device response: <KeyPress from None: t=1268.5946976000005, value=3, duration=0.08329599999979109>
1269.5297 	DATA 	Mouse: Left button down, pos=(908,238)
1269.5329 	EXP 	New trial (rep=20, index=9): <Trial 249 (9 in rep 20) data={'delay': 0.7, 'freq': 400, 'condition': 'unexp', 'thisN': 249, 'thisTrialN': 9, 'thisRepN': 20}>
1269.5452 	EXP 	text: autoDraw = False
1269.5452 	EXP 	textbox: autoDraw = False
1269.5452 	EXP 	polygon: autoDraw = True
1269.6000 	DATA 	Mouse:  Left button up, pos=(908,238)
1270.5450 	INFO 	Keyboard events cleared
1270.5448 	EXP 	polygon: autoDraw = False
1270.5448 	EXP 	polygon_2: autoDraw = True
1271.1120 	EXP 	Device response: <KeyPress from None: t=1271.1006795000003, value=space, duration=None>
1271.1137 	DATA 	Keypress: space
1271.1282 	EXP 	polygon: autoDraw = False
1271.1282 	EXP 	polygon_2: autoDraw = False
1271.2287 	EXP 	Device response: <KeyPress from None: t=1271.1006795000003, value=space, duration=0.11537120000048162>
1271.7952 	EXP 	Sound sound_1 reached end of file
1271.8114 	EXP 	Playing sound sound_1 on speaker Speakers (Realtek(R) Audio)
1272.1119 	EXP 	Sound sound_1 stopped
1272.1253 	EXP 	text: autoDraw = True
1272.1253 	EXP 	textbox: autoDraw = True
1272.8376 	DATA 	Keypress: 0
1272.8454 	EXP 	Device response: <KeyPress from None: t=1272.8319470000006, value=0, duration=None>
1272.9299 	EXP 	Device response: <KeyPress from None: t=1272.8319470000006, value=0, duration=0.09283760000016628>
1273.6683 	DATA 	Mouse: Left button down, pos=(990,314)
1273.6800 	EXP 	New trial (rep=20, index=10): <Trial 250 (10 in rep 20) data={'delay': 0.7, 'freq': 1000, 'condition': 'exp', 'thisN': 250, 'thisTrialN': 10, 'thisRepN': 20}>
1273.6947 	EXP 	text: autoDraw = False
1273.6947 	EXP 	textbox: autoDraw = False
1273.6947 	EXP 	polygon: autoDraw = True
1273.7649 	DATA 	Mouse:  Left button up, pos=(990,314)
1274.6949 	INFO 	Keyboard events cleared
1274.6947 	EXP 	polygon: autoDraw = False
1274.6947 	EXP 	polygon_2: autoDraw = True
1275.1123 	EXP 	Device response: <KeyPress from None: t=1275.1041030000006, value=space, duration=None>
1275.1145 	DATA 	Keypress: space
1275.1283 	EXP 	polygon: autoDraw = False
1275.1283 	EXP 	polygon_2: autoDraw = False
1275.2455 	EXP 	Device response: <KeyPress from None: t=1275.1041030000006, value=space, duration=0.12849019999976008>
1275.8116 	EXP 	Sound sound_1 reached end of file
1275.8276 	EXP 	Playing sound sound_1 on speaker Speakers (Realtek(R) Audio)
1276.1224 	EXP 	Sound sound_1 stopped
1276.1321 	EXP 	text: autoDraw = True
1276.1321 	EXP 	textbox: autoDraw = True
1277.0787 	DATA 	Keypress: 3
1277.0807 	EXP 	Device response: <KeyPress from None: t=1277.0742130000008, value=3, duration=None>
1277.1461 	EXP 	Device response: <KeyPress from None: t=1277.0742130000008, value=3, duration=0.0698737999991863>
1277.8454 	DATA 	Mouse: Left button down, pos=(990,314)
1277.8460 	EXP 	New trial (rep=20, index=11): <Trial 251 (11 in rep 20) data={'delay': 0.1, 'freq': 1000, 'condition': 'exp', 'thisN': 251, 'thisTrialN': 11, 'thisRepN': 20}>
1277.8610 	EXP 	text: autoDraw = False
1277.8610 	EXP 	textbox: autoDraw = False
1277.8610 	EXP 	polygon: autoDraw = True
1277.9291 	DATA 	Mouse:  Left button up, pos=(990,314)
1278.8612 	INFO 	Keyboard events cleared
1278.8611 	EXP 	polygon: autoDraw = False
1278.8611 	EXP 	polygon_2: autoDraw = True
1279.3954 	EXP 	Device response: <KeyPress from None: t=1279.3834602000006, value=space, duration=None>
1279.3978 	DATA 	Keypress: space
1279.4120 	EXP 	polygon: autoDraw = False
1279.4120 	EXP 	polygon_2: autoDraw = False
1279.4451 	EXP 	Device response: <KeyPress from None: t=1279.3834602000006, value=space, duration=0.05656989999988582>
1279.4785 	EXP 	Sound sound_1 reached end of file
1279.4947 	EXP 	Playing sound sound_1 on speaker Speakers (Realtek(R) Audio)
1279.7931 	EXP 	Sound sound_1 stopped
1279.8012 	EXP 	text: autoDraw = True
1279.8012 	EXP 	textbox: autoDraw = True
1280.6688 	DATA 	Keypress: 2
1280.6788 	EXP 	Device response: <KeyPress from None: t=1280.6682818000008, value=2, duration=None>
1280.7462 	EXP 	Device response: <KeyPress from None: t=1280.6682818000008, value=2, duration=0.0762706999994407>
1281.3785 	DATA 	Mouse: Left button down, pos=(990,314)
1281.3791 	EXP 	New trial (rep=21, index=0): <Trial 252 (0 in rep 21) data={'delay': 0.1, 'freq': 1000, 'condition': 'exp', 'thisN': 252, 'thisTrialN': 0, 'thisRepN': 21}>
1281.3941 	EXP 	text: autoDraw = False
1281.3941 	EXP 	textbox: autoDraw = False
1281.3941 	EXP 	polygon: autoDraw = True
1281.4649 	DATA 	Mouse:  Left button up, pos=(990,314)
1282.3947 	INFO 	Keyboard events cleared
1282.3946 	EXP 	polygon: autoDraw = False
1282.3946 	EXP 	polygon_2: autoDraw = True
1282.9452 	EXP 	Device response: <KeyPress from None: t=1282.9334515, value=space, duration=None>
1282.9474 	DATA 	Keypress: space
1282.9614 	EXP 	polygon: autoDraw = False
1282.9614 	EXP 	polygon_2: autoDraw = False
1283.0289 	EXP 	Sound sound_1 reached end of file
1283.0449 	EXP 	Playing sound sound_1 on speaker Speakers (Realtek(R) Audio)
1283.1119 	EXP 	Device response: <KeyPress from None: t=1282.9334515, value=space, duration=0.16226460000052612>
1283.3477 	EXP 	Sound sound_1 stopped
1283.3584 	EXP 	text: autoDraw = True
1283.3584 	EXP 	textbox: autoDraw = True
1284.2290 	DATA 	Keypress: 2
1284.2305 	EXP 	Device response: <KeyPress from None: t=1284.2273013000004, value=2, duration=None>
1284.3124 	EXP 	Device response: <KeyPress from None: t=1284.2273013000004, value=2, duration=0.07258999999976368>
1285.8340 	DATA 	Mouse: Left button down, pos=(990,314)
1285.8477 	EXP 	New trial (rep=21, index=1): <Trial 253 (1 in rep 21) data={'delay': 0.7, 'freq': 400, 'condition': 'unexp', 'thisN': 253, 'thisTrialN': 1, 'thisRepN': 21}>
1285.8615 	EXP 	text: autoDraw = False
1285.8615 	EXP 	textbox: autoDraw = False
1285.8615 	EXP 	polygon: autoDraw = True
1285.9315 	DATA 	Mouse:  Left button up, pos=(990,314)
1286.8611 	INFO 	Keyboard events cleared
1286.8610 	EXP 	polygon: autoDraw = False
1286.8610 	EXP 	polygon_2: autoDraw = True
1287.1955 	EXP 	Device response: <KeyPress from None: t=1287.1940259000003, value=space, duration=None>
1287.1982 	DATA 	Keypress: space
1287.2110 	EXP 	polygon: autoDraw = False
1287.2110 	EXP 	polygon_2: autoDraw = False
1287.3130 	EXP 	Device response: <KeyPress from None: t=1287.1940259000003, value=space, duration=0.11259309999968536>
1287.8947 	EXP 	Sound sound_1 reached end of file
1287.9108 	EXP 	Playing sound sound_1 on speaker Speakers (Realtek(R) Audio)
1288.2119 	EXP 	Sound sound_1 stopped
1288.2222 	EXP 	text: autoDraw = True
1288.2222 	EXP 	textbox: autoDraw = True
1289.3124 	DATA 	Keypress: 0
1289.3157 	EXP 	Device response: <KeyPress from None: t=1289.3061942000004, value=0, duration=None>
1289.4282 	EXP 	Device response: <KeyPress from None: t=1289.3061942000004, value=0, duration=0.1122773999995843>
1290.0133 	DATA 	Mouse: Left button down, pos=(960,266)
1290.0143 	EXP 	New trial (rep=21, index=2): <Trial 254 (2 in rep 21) data={'delay': 0.4, 'freq': 1000, 'condition': 'exp', 'thisN': 254, 'thisTrialN': 2, 'thisRepN': 21}>
1290.0279 	EXP 	text: autoDraw = False
1290.0279 	EXP 	textbox: autoDraw = False
1290.0279 	EXP 	polygon: autoDraw = True
1290.0811 	DATA 	Mouse:  Left button up, pos=(960,266)
1291.0281 	INFO 	Keyboard events cleared
1291.0279 	EXP 	polygon: autoDraw = False
1291.0279 	EXP 	polygon_2: autoDraw = True
1291.5135 	DATA 	Mouse: Left button down, pos=(1035,538)
1291.5963 	DATA 	Mouse:  Left button up, pos=(1035,538)
1291.9117 	EXP 	Device response: <KeyPress from None: t=1291.8974425000006, value=space, duration=None>
1291.9134 	DATA 	Keypress: space
1291.9280 	EXP 	polygon: autoDraw = False
1291.9280 	EXP 	polygon_2: autoDraw = False
1292.0286 	EXP 	Device response: <KeyPress from None: t=1291.8974425000006, value=space, duration=0.12629500000002736>
1292.2951 	EXP 	Sound sound_1 reached end of file
1292.3114 	EXP 	Playing sound sound_1 on speaker Speakers (Realtek(R) Audio)
1292.6122 	EXP 	Sound sound_1 stopped
1292.6227 	EXP 	text: autoDraw = True
1292.6227 	EXP 	textbox: autoDraw = True
1295.0296 	DATA 	Keypress: 2
1295.0315 	EXP 	Device response: <KeyPress from None: t=1295.0290719000004, value=2, duration=None>
1295.1479 	EXP 	Device response: <KeyPress from None: t=1295.0290719000004, value=2, duration=0.1083784000002197>
1295.8793 	DATA 	Mouse: Left button down, pos=(989,329)
1295.8811 	EXP 	New trial (rep=21, index=3): <Trial 255 (3 in rep 21) data={'delay': 0.4, 'freq': 1000, 'condition': 'exp', 'thisN': 255, 'thisTrialN': 3, 'thisRepN': 21}>
1295.8946 	EXP 	text: autoDraw = False
1295.8946 	EXP 	textbox: autoDraw = False
1295.8946 	EXP 	polygon: autoDraw = True
1295.9809 	DATA 	Mouse:  Left button up, pos=(989,329)
1296.8945 	INFO 	Keyboard events cleared
1296.8943 	EXP 	polygon: autoDraw = False
1296.8943 	EXP 	polygon_2: autoDraw = True
1297.2118 	EXP 	Device response: <KeyPress from None: t=1297.2087475000008, value=space, duration=None>
1297.2141 	DATA 	Keypress: space
1297.2280 	EXP 	polygon: autoDraw = False
1297.2280 	EXP 	polygon_2: autoDraw = False
1297.3284 	EXP 	Device response: <KeyPress from None: t=1297.2087475000008, value=space, duration=0.1125421999995524>
1297.6117 	EXP 	Sound sound_1 reached end of file
1297.6279 	EXP 	Playing sound sound_1 on speaker Speakers (Realtek(R) Audio)
1297.9239 	EXP 	Sound sound_1 stopped
1297.9348 	EXP 	text: autoDraw = True
1297.9348 	EXP 	textbox: autoDraw = True
1300.1125 	DATA 	Keypress: 3
1300.1147 	EXP 	Device response: <KeyPress from None: t=1300.1049962000006, value=3, duration=None>
1300.1968 	EXP 	Device response: <KeyPress from None: t=1300.1049962000006, value=3, duration=0.08290690000012546>
1300.6129 	DATA 	Mouse: Left button down, pos=(989,329)
1300.6147 	EXP 	New trial (rep=21, index=4): <Trial 256 (4 in rep 21) data={'delay': 0.1, 'freq': 400, 'condition': 'unexp', 'thisN': 256, 'thisTrialN': 4, 'thisRepN': 21}>
1300.6283 	EXP 	text: autoDraw = False
1300.6283 	EXP 	textbox: autoDraw = False
1300.6283 	EXP 	polygon: autoDraw = True
1300.7173 	DATA 	Mouse:  Left button up, pos=(989,329)
1301.6281 	INFO 	Keyboard events cleared
1301.6280 	EXP 	polygon: autoDraw = False
1301.6280 	EXP 	polygon_2: autoDraw = True
1301.9783 	EXP 	Device response: <KeyPress from None: t=1301.9726923000007, value=space, duration=None>
1301.9805 	DATA 	Keypress: space
1301.9945 	EXP 	polygon: autoDraw = False
1301.9945 	EXP 	polygon_2: autoDraw = False
1302.0615 	EXP 	Sound sound_1 reached end of file
1302.0775 	EXP 	Playing sound sound_1 on speaker Speakers (Realtek(R) Audio)
1302.0954 	EXP 	Device response: <KeyPress from None: t=1301.9726923000007, value=space, duration=0.12241739999990386>
1302.3751 	EXP 	Sound sound_1 stopped
1302.3863 	EXP 	text: autoDraw = True
1302.3863 	EXP 	textbox: autoDraw = True
1302.9870 	DATA 	Keypress: 0
1302.9952 	EXP 	Device response: <KeyPress from None: t=1302.9846814000002, value=0, duration=None>
1303.0952 	EXP 	Device response: <KeyPress from None: t=1302.9846814000002, value=0, duration=0.09678299999995943>
1303.4839 	DATA 	Mouse: Left button down, pos=(989,329)
1303.4965 	EXP 	New trial (rep=21, index=5): <Trial 257 (5 in rep 21) data={'delay': 0.7, 'freq': 1000, 'condition': 'exp', 'thisN': 257, 'thisTrialN': 5, 'thisRepN': 21}>
1303.5114 	EXP 	text: autoDraw = False
1303.5114 	EXP 	textbox: autoDraw = False
1303.5114 	EXP 	polygon: autoDraw = True
1303.6013 	DATA 	Mouse:  Left button up, pos=(989,329)
1304.5111 	INFO 	Keyboard events cleared
1304.5109 	EXP 	polygon: autoDraw = False
1304.5109 	EXP 	polygon_2: autoDraw = True
1304.8124 	EXP 	Device response: <KeyPress from None: t=1304.8000739000008, value=space, duration=None>
1304.8156 	DATA 	Keypress: space
1304.8280 	EXP 	polygon: autoDraw = False
1304.8280 	EXP 	polygon_2: autoDraw = False
1304.9121 	EXP 	Device response: <KeyPress from None: t=1304.8000739000008, value=space, duration=0.10862929999984772>
1305.5114 	EXP 	Sound sound_1 reached end of file
1305.5275 	EXP 	Playing sound sound_1 on speaker Speakers (Realtek(R) Audio)
1305.8255 	EXP 	Sound sound_1 stopped
1305.8358 	EXP 	text: autoDraw = True
1305.8358 	EXP 	textbox: autoDraw = True
1306.2866 	DATA 	Keypress: 4
1306.2949 	EXP 	Device response: <KeyPress from None: t=1306.2855637000002, value=4, duration=None>
1306.4456 	EXP 	Device response: <KeyPress from None: t=1306.2855637000002, value=4, duration=0.14325430000008055>
1306.8121 	DATA 	Keypress: space
1306.8142 	EXP 	Device response: <KeyPress from None: t=1306.8063024000003, value=space, duration=None>
1306.8951 	EXP 	Device response: <KeyPress from None: t=1306.8063024000003, value=space, duration=0.07294509999974252>
1307.2286 	DATA 	Mouse: Left button down, pos=(989,329)
1307.2297 	EXP 	New trial (rep=21, index=6): <Trial 258 (6 in rep 21) data={'delay': 0.1, 'freq': 1000, 'condition': 'exp', 'thisN': 258, 'thisTrialN': 6, 'thisRepN': 21}>
1307.2447 	EXP 	text: autoDraw = False
1307.2447 	EXP 	textbox: autoDraw = False
1307.2447 	EXP 	polygon: autoDraw = True
1307.3163 	DATA 	Mouse:  Left button up, pos=(989,329)
1308.2448 	INFO 	Keyboard events cleared
1308.2446 	EXP 	polygon: autoDraw = False
1308.2446 	EXP 	polygon_2: autoDraw = True
1309.1446 	EXP 	Device response: <KeyPress from None: t=1309.1374153000006, value=space, duration=None>
1309.1465 	DATA 	Keypress: space
1309.1609 	EXP 	polygon: autoDraw = False
1309.1609 	EXP 	polygon_2: autoDraw = False
1309.2280 	EXP 	Sound sound_1 reached end of file
1309.2442 	EXP 	Playing sound sound_1 on speaker Speakers (Realtek(R) Audio)
1309.2453 	EXP 	Device response: <KeyPress from None: t=1309.1374153000006, value=space, duration=0.10691880000013043>
1309.5446 	EXP 	Sound sound_1 stopped
1309.5535 	EXP 	text: autoDraw = True
1309.5535 	EXP 	textbox: autoDraw = True
1310.4448 	DATA 	Keypress: 2
1310.4462 	EXP 	Device response: <KeyPress from None: t=1310.4415164000002, value=2, duration=None>
1310.5131 	EXP 	Device response: <KeyPress from None: t=1310.4415164000002, value=2, duration=0.06587949999993725>
1310.9854 	DATA 	Mouse: Left button down, pos=(989,329)
1310.9960 	EXP 	New trial (rep=21, index=7): <Trial 259 (7 in rep 21) data={'delay': 0.1, 'freq': 1000, 'condition': 'exp', 'thisN': 259, 'thisTrialN': 7, 'thisRepN': 21}>
1311.0109 	EXP 	text: autoDraw = False
1311.0109 	EXP 	textbox: autoDraw = False
1311.0109 	EXP 	polygon: autoDraw = True
1311.0798 	DATA 	Mouse:  Left button up, pos=(989,329)
1312.0116 	INFO 	Keyboard events cleared
1312.0113 	EXP 	polygon: autoDraw = False
1312.0113 	EXP 	polygon_2: autoDraw = True
1312.5781 	EXP 	Device response: <KeyPress from None: t=1312.5647880000006, value=space, duration=None>
1312.5808 	DATA 	Keypress: space
1312.5940 	EXP 	polygon: autoDraw = False
1312.5940 	EXP 	polygon_2: autoDraw = False
1312.6616 	EXP 	Sound sound_1 reached end of file
1312.6775 	EXP 	Playing sound sound_1 on speaker Speakers (Realtek(R) Audio)
1312.6619 	EXP 	Device response: <KeyPress from None: t=1312.5647880000006, value=space, duration=0.08836470000005647>
1312.9766 	EXP 	Sound sound_1 stopped
1312.9866 	EXP 	text: autoDraw = True
1312.9866 	EXP 	textbox: autoDraw = True
1314.3458 	DATA 	Keypress: 1
1314.3478 	EXP 	Device response: <KeyPress from None: t=1314.3449405000001, value=1, duration=None>
1314.4126 	EXP 	Device response: <KeyPress from None: t=1314.3449405000001, value=1, duration=0.06605330000002141>
1315.0471 	DATA 	Mouse: Left button down, pos=(989,329)
1315.0482 	EXP 	New trial (rep=21, index=8): <Trial 260 (8 in rep 21) data={'delay': 0.4, 'freq': 1000, 'condition': 'exp', 'thisN': 260, 'thisTrialN': 8, 'thisRepN': 21}>
1315.0627 	EXP 	text: autoDraw = False
1315.0627 	EXP 	textbox: autoDraw = False
1315.0627 	EXP 	polygon: autoDraw = True
1315.1320 	DATA 	Mouse:  Left button up, pos=(989,329)
1316.0613 	INFO 	Keyboard events cleared
1316.0611 	EXP 	polygon_2: autoDraw = True
1316.0776 	EXP 	polygon: autoDraw = False
1316.7450 	EXP 	Device response: <KeyPress from None: t=1316.7444223000002, value=space, duration=None>
1316.7471 	DATA 	Keypress: space
1316.7608 	EXP 	polygon: autoDraw = False
1316.7608 	EXP 	polygon_2: autoDraw = False
1316.8947 	EXP 	Device response: <KeyPress from None: t=1316.7444223000002, value=space, duration=0.13806139999996958>
1317.1443 	EXP 	Sound sound_1 reached end of file
1317.1606 	EXP 	Playing sound sound_1 on speaker Speakers (Realtek(R) Audio)
1317.4641 	EXP 	Sound sound_1 stopped
1317.4742 	EXP 	text: autoDraw = True
1317.4742 	EXP 	textbox: autoDraw = True
1318.7112 	DATA 	Keypress: 2
1318.7123 	EXP 	Device response: <KeyPress from None: t=1318.704522, value=2, duration=None>
1318.8110 	EXP 	Device response: <KeyPress from None: t=1318.704522, value=2, duration=0.09220440000080998>
1319.7338 	DATA 	Mouse: Left button down, pos=(970,275)
1319.7491 	EXP 	New trial (rep=21, index=9): <Trial 261 (9 in rep 21) data={'delay': 0.7, 'freq': 1000, 'condition': 'exp', 'thisN': 261, 'thisTrialN': 9, 'thisRepN': 21}>
1319.7638 	EXP 	text: autoDraw = False
1319.7638 	EXP 	textbox: autoDraw = False
1319.7638 	EXP 	polygon: autoDraw = True
1319.8172 	DATA 	Mouse:  Left button up, pos=(970,275)
1320.7494 	INFO 	Keyboard events cleared
1320.7492 	EXP 	polygon_2: autoDraw = True
1320.7645 	EXP 	polygon: autoDraw = False
1321.1826 	EXP 	Device response: <KeyPress from None: t=1321.1783004000008, value=space, duration=None>
1321.1851 	DATA 	Keypress: space
1321.1977 	EXP 	polygon: autoDraw = False
1321.1977 	EXP 	polygon_2: autoDraw = False
1321.3307 	EXP 	Device response: <KeyPress from None: t=1321.1783004000008, value=space, duration=0.1416067000000112>
1321.8662 	EXP 	Sound sound_1 reached end of file
1321.8825 	EXP 	Playing sound sound_1 on speaker Speakers (Realtek(R) Audio)
1322.1807 	EXP 	Sound sound_1 stopped
1322.1938 	EXP 	text: autoDraw = True
1322.1938 	EXP 	textbox: autoDraw = True
1323.2649 	DATA 	Keypress: 3
1323.2657 	EXP 	Device response: <KeyPress from None: t=1323.2567941000007, value=3, duration=None>
1323.3320 	EXP 	Device response: <KeyPress from None: t=1323.2567941000007, value=3, duration=0.06910119999974995>
1324.3155 	DATA 	Mouse: Left button down, pos=(983,251)
1324.3164 	EXP 	New trial (rep=21, index=10): <Trial 262 (10 in rep 21) data={'delay': 0.7, 'freq': 1000, 'condition': 'exp', 'thisN': 262, 'thisTrialN': 10, 'thisRepN': 21}>
1324.3308 	EXP 	text: autoDraw = False
1324.3308 	EXP 	textbox: autoDraw = False
1324.3308 	EXP 	polygon: autoDraw = True
1324.4342 	DATA 	Mouse:  Left button up, pos=(983,251)
1325.3317 	INFO 	Keyboard events cleared
1325.3316 	EXP 	polygon: autoDraw = False
1325.3316 	EXP 	polygon_2: autoDraw = True
1326.1722 	DATA 	Keypress: space
1326.1795 	EXP 	Device response: <KeyPress from None: t=1326.171085, value=space, duration=None>
1326.1995 	EXP 	polygon: autoDraw = False
1326.1995 	EXP 	polygon_2: autoDraw = False
1326.3152 	EXP 	Device response: <KeyPress from None: t=1326.171085, value=space, duration=0.13045030000012048>
1326.8652 	EXP 	Sound sound_1 reached end of file
1326.8813 	EXP 	Playing sound sound_1 on speaker Speakers (Realtek(R) Audio)
1327.1747 	EXP 	Sound sound_1 stopped
1327.1847 	EXP 	text: autoDraw = True
1327.1847 	EXP 	textbox: autoDraw = True
1328.4154 	DATA 	Keypress: 3
1328.4163 	EXP 	Device response: <KeyPress from None: t=1328.4067166000004, value=3, duration=None>
1328.5325 	EXP 	Device response: <KeyPress from None: t=1328.4067166000004, value=3, duration=0.11868750000030559>
1329.2490 	DATA 	Mouse: Left button down, pos=(845,174)
1329.2496 	EXP 	New trial (rep=21, index=11): <Trial 263 (11 in rep 21) data={'delay': 0.4, 'freq': 400, 'condition': 'unexp', 'thisN': 263, 'thisTrialN': 11, 'thisRepN': 21}>
1329.2649 	EXP 	text: autoDraw = False
1329.2649 	EXP 	textbox: autoDraw = False
1329.2649 	EXP 	polygon: autoDraw = True
1329.3519 	DATA 	Mouse:  Left button up, pos=(845,174)
1330.2487 	INFO 	Keyboard events cleared
1330.2485 	EXP 	polygon_2: autoDraw = True
1330.2667 	EXP 	polygon: autoDraw = False
1330.8840 	DATA 	Keypress: space
1330.8984 	EXP 	Device response: <KeyPress from None: t=1330.8830346000004, value=space, duration=None>
1330.9144 	EXP 	polygon: autoDraw = False
1330.9144 	EXP 	polygon_2: autoDraw = False
1331.0174 	EXP 	Device response: <KeyPress from None: t=1330.8830346000004, value=space, duration=0.1301131999998688>
1331.2813 	EXP 	Sound sound_1 reached end of file
1331.2977 	EXP 	Playing sound sound_1 on speaker Speakers (Realtek(R) Audio)
1331.5930 	EXP 	Sound sound_1 stopped
1331.6082 	EXP 	text: autoDraw = True
1331.6082 	EXP 	textbox: autoDraw = True
1332.3043 	DATA 	Keypress: 0
1332.3159 	EXP 	Device response: <KeyPress from None: t=1332.3011820000002, value=0, duration=None>
1332.4312 	EXP 	Device response: <KeyPress from None: t=1332.3011820000002, value=0, duration=0.11574910000035743>
1333.5780 	DATA 	Mouse: Left button down, pos=(932,253)
1333.5787 	EXP 	New trial (rep=22, index=0): <Trial 264 (0 in rep 22) data={'delay': 0.4, 'freq': 1000, 'condition': 'exp', 'thisN': 264, 'thisTrialN': 0, 'thisRepN': 22}>
1333.5937 	EXP 	text: autoDraw = False
1333.5937 	EXP 	textbox: autoDraw = False
1333.5937 	EXP 	polygon: autoDraw = True
1333.6812 	DATA 	Mouse:  Left button up, pos=(932,253)
1334.5936 	INFO 	Keyboard events cleared
1334.5935 	EXP 	polygon: autoDraw = False
1334.5935 	EXP 	polygon_2: autoDraw = True
1336.1322 	EXP 	Device response: <KeyPress from None: t=1336.1248151, value=space, duration=None>
1336.1338 	DATA 	Keypress: space
1336.1475 	EXP 	polygon: autoDraw = False
1336.1475 	EXP 	polygon_2: autoDraw = False
1336.2816 	EXP 	Device response: <KeyPress from None: t=1336.1248151, value=space, duration=0.1454996000002211>
1336.5152 	EXP 	Sound sound_1 reached end of file
1336.5315 	EXP 	Playing sound sound_1 on speaker Speakers (Realtek(R) Audio)
1336.8303 	EXP 	Sound sound_1 stopped
1336.8445 	EXP 	text: autoDraw = True
1336.8445 	EXP 	textbox: autoDraw = True
1337.6653 	DATA 	Keypress: 2
1337.6668 	EXP 	Device response: <KeyPress from None: t=1337.6582829000008, value=2, duration=None>
1337.7654 	EXP 	Device response: <KeyPress from None: t=1337.6582829000008, value=2, duration=0.09237769999981538>
1338.2487 	DATA 	Mouse: Left button down, pos=(951,320)
1338.2494 	EXP 	New trial (rep=22, index=1): <Trial 265 (1 in rep 22) data={'delay': 0.4, 'freq': 400, 'condition': 'unexp', 'thisN': 265, 'thisTrialN': 1, 'thisRepN': 22}>
1338.2648 	EXP 	text: autoDraw = False
1338.2648 	EXP 	textbox: autoDraw = False
1338.2648 	EXP 	polygon: autoDraw = True
1338.3360 	DATA 	Mouse:  Left button up, pos=(951,320)
1339.2485 	INFO 	Keyboard events cleared
1339.2482 	EXP 	polygon_2: autoDraw = True
1339.2661 	EXP 	polygon: autoDraw = False
1340.5156 	EXP 	Device response: <KeyPress from None: t=1340.5021940000006, value=space, duration=None>
1340.5179 	DATA 	Keypress: space
1340.5319 	EXP 	polygon: autoDraw = False
1340.5319 	EXP 	polygon_2: autoDraw = False
1340.6648 	EXP 	Device response: <KeyPress from None: t=1340.5021940000006, value=space, duration=0.151421699999446>
1340.9143 	EXP 	Sound sound_1 reached end of file
1340.9308 	EXP 	Playing sound sound_1 on speaker Speakers (Realtek(R) Audio)
1341.2293 	EXP 	Sound sound_1 stopped
1341.2433 	EXP 	text: autoDraw = True
1341.2433 	EXP 	textbox: autoDraw = True
1343.1159 	DATA 	Keypress: 0
1343.1280 	EXP 	Device response: <KeyPress from None: t=1343.1117825000001, value=0, duration=None>
1343.2120 	EXP 	Device response: <KeyPress from None: t=1343.1117825000001, value=0, duration=0.09581140000045707>
1343.6785 	DATA 	Mouse: Left button down, pos=(951,320)
1343.6793 	EXP 	New trial (rep=22, index=2): <Trial 266 (2 in rep 22) data={'delay': 0.7, 'freq': 1000, 'condition': 'exp', 'thisN': 266, 'thisTrialN': 2, 'thisRepN': 22}>
1343.6936 	EXP 	text: autoDraw = False
1343.6936 	EXP 	textbox: autoDraw = False
1343.6936 	EXP 	polygon: autoDraw = True
1343.7815 	DATA 	Mouse:  Left button up, pos=(951,320)
1344.6937 	INFO 	Keyboard events cleared
1344.6935 	EXP 	polygon: autoDraw = False
1344.6935 	EXP 	polygon_2: autoDraw = True
1346.3940 	EXP 	Device response: <KeyPress from None: t=1346.3872283, value=space, duration=None>
1346.3959 	DATA 	Keypress: space
1346.4105 	EXP 	polygon: autoDraw = False
1346.4105 	EXP 	polygon_2: autoDraw = False
1346.4939 	EXP 	Device response: <KeyPress from None: t=1346.3872283, value=space, duration=0.09258520000003045>
1347.0774 	EXP 	Sound sound_1 reached end of file
1347.0937 	EXP 	Playing sound sound_1 on speaker Speakers (Realtek(R) Audio)
1347.3943 	EXP 	Sound sound_1 stopped
1347.4057 	EXP 	text: autoDraw = True
1347.4057 	EXP 	textbox: autoDraw = True
1348.4116 	DATA 	Keypress: 3
1348.4135 	EXP 	Device response: <KeyPress from None: t=1348.4025868000008, value=3, duration=None>
1348.4633 	EXP 	Device response: <KeyPress from None: t=1348.4025868000008, value=3, duration=0.05311689999962255>
1348.9451 	DATA 	Mouse: Left button down, pos=(951,320)
1348.9471 	EXP 	New trial (rep=22, index=3): <Trial 267 (3 in rep 22) data={'delay': 0.7, 'freq': 1000, 'condition': 'exp', 'thisN': 267, 'thisTrialN': 3, 'thisRepN': 22}>
1348.9611 	EXP 	text: autoDraw = False
1348.9611 	EXP 	textbox: autoDraw = False
1348.9611 	EXP 	polygon: autoDraw = True
1349.0487 	DATA 	Mouse:  Left button up, pos=(951,320)
1349.9610 	INFO 	Keyboard events cleared
1349.9608 	EXP 	polygon: autoDraw = False
1349.9608 	EXP 	polygon_2: autoDraw = True
1350.2277 	EXP 	Device response: <KeyPress from None: t=1350.2249984, value=space, duration=None>
1350.2298 	DATA 	Keypress: space
1350.2441 	EXP 	polygon: autoDraw = False
1350.2441 	EXP 	polygon_2: autoDraw = False
1350.3111 	EXP 	Device response: <KeyPress from None: t=1350.2249984, value=space, duration=0.07961120000072697>
1350.9110 	EXP 	Sound sound_1 reached end of file
1350.9270 	EXP 	Playing sound sound_1 on speaker Speakers (Realtek(R) Audio)
1351.2236 	EXP 	Sound sound_1 stopped
1351.2327 	EXP 	text: autoDraw = True
1351.2327 	EXP 	textbox: autoDraw = True
1352.0447 	DATA 	Keypress: 2
1352.0465 	EXP 	Device response: <KeyPress from None: t=1352.0367505000004, value=2, duration=None>
1352.1447 	EXP 	Device response: <KeyPress from None: t=1352.0367505000004, value=2, duration=0.09563960000014049>
1352.5659 	DATA 	Mouse: Left button down, pos=(951,320)
1352.5788 	EXP 	New trial (rep=22, index=4): <Trial 268 (4 in rep 22) data={'delay': 0.1, 'freq': 400, 'condition': 'unexp', 'thisN': 268, 'thisTrialN': 4, 'thisRepN': 22}>
1352.5944 	EXP 	text: autoDraw = False
1352.5944 	EXP 	textbox: autoDraw = False
1352.5944 	EXP 	polygon: autoDraw = True
1352.6466 	DATA 	Mouse:  Left button up, pos=(951,320)
1353.5937 	INFO 	Keyboard events cleared
1353.5935 	EXP 	polygon: autoDraw = False
1353.5935 	EXP 	polygon_2: autoDraw = True
1353.8444 	EXP 	Device response: <KeyPress from None: t=1353.8432488000008, value=space, duration=None>
1353.8465 	DATA 	Keypress: space
1353.8605 	EXP 	polygon: autoDraw = False
1353.8605 	EXP 	polygon_2: autoDraw = False
1353.9439 	EXP 	Sound sound_1 reached end of file
1353.9601 	EXP 	Playing sound sound_1 on speaker Speakers (Realtek(R) Audio)
1353.9441 	EXP 	Device response: <KeyPress from None: t=1353.8432488000008, value=space, duration=0.09895639999922423>
1354.2549 	EXP 	Sound sound_1 stopped
1354.2638 	EXP 	text: autoDraw = True
1354.2638 	EXP 	textbox: autoDraw = True
1355.0861 	DATA 	Keypress: 0
1355.0946 	EXP 	Device response: <KeyPress from None: t=1355.0837661000005, value=0, duration=None>
1355.1950 	EXP 	Device response: <KeyPress from None: t=1355.0837661000005, value=0, duration=0.10621199999968667>
1355.5456 	DATA 	Mouse: Left button down, pos=(951,320)
1355.5472 	EXP 	New trial (rep=22, index=5): <Trial 269 (5 in rep 22) data={'delay': 0.4, 'freq': 1000, 'condition': 'exp', 'thisN': 269, 'thisTrialN': 5, 'thisRepN': 22}>
1355.5605 	EXP 	text: autoDraw = False
1355.5605 	EXP 	textbox: autoDraw = False
1355.5605 	EXP 	polygon: autoDraw = True
1355.6160 	DATA 	Mouse:  Left button up, pos=(951,320)
1356.5607 	INFO 	Keyboard events cleared
1356.5605 	EXP 	polygon: autoDraw = False
1356.5605 	EXP 	polygon_2: autoDraw = True
1356.8615 	EXP 	Device response: <KeyPress from None: t=1356.8565590000007, value=space, duration=None>
1356.8643 	DATA 	Keypress: space
1356.8769 	EXP 	polygon: autoDraw = False
1356.8769 	EXP 	polygon_2: autoDraw = False
1356.9772 	EXP 	Device response: <KeyPress from None: t=1356.8565590000007, value=space, duration=0.1190547999995033>
1357.2611 	EXP 	Sound sound_1 reached end of file
1357.2771 	EXP 	Playing sound sound_1 on speaker Speakers (Realtek(R) Audio)
1357.5747 	EXP 	Sound sound_1 stopped
1357.5868 	EXP 	text: autoDraw = True
1357.5868 	EXP 	textbox: autoDraw = True
1358.2779 	DATA 	Keypress: 3
1358.2792 	EXP 	Device response: <KeyPress from None: t=1358.2727848000004, value=3, duration=None>
1358.3941 	EXP 	Device response: <KeyPress from None: t=1358.2727848000004, value=3, duration=0.10603079999964393>
1358.8792 	DATA 	Mouse: Left button down, pos=(951,320)
1358.8810 	EXP 	New trial (rep=22, index=6): <Trial 270 (6 in rep 22) data={'delay': 0.4, 'freq': 1000, 'condition': 'exp', 'thisN': 270, 'thisTrialN': 6, 'thisRepN': 22}>
1358.8934 	EXP 	text: autoDraw = False
1358.8934 	EXP 	textbox: autoDraw = False
1358.8934 	EXP 	polygon: autoDraw = True
1358.9813 	DATA 	Mouse:  Left button up, pos=(951,320)
1359.8933 	INFO 	Keyboard events cleared
1359.8931 	EXP 	polygon: autoDraw = False
1359.8931 	EXP 	polygon_2: autoDraw = True
1361.2613 	EXP 	Device response: <KeyPress from None: t=1361.2508918000003, value=space, duration=None>
1361.2635 	DATA 	Keypress: space
1361.2770 	EXP 	polygon: autoDraw = False
1361.2770 	EXP 	polygon_2: autoDraw = False
1361.3779 	EXP 	Device response: <KeyPress from None: t=1361.2508918000003, value=space, duration=0.11827790000006644>
1361.6610 	EXP 	Sound sound_1 reached end of file
1361.6769 	EXP 	Playing sound sound_1 on speaker Speakers (Realtek(R) Audio)
1361.9743 	EXP 	Sound sound_1 stopped
1361.9844 	EXP 	text: autoDraw = True
1361.9844 	EXP 	textbox: autoDraw = True
1362.6499 	DATA 	Keypress: 2
1362.6610 	EXP 	Device response: <KeyPress from None: t=1362.6485889000005, value=2, duration=None>
1362.7781 	EXP 	Device response: <KeyPress from None: t=1362.6485889000005, value=2, duration=0.1221386999995957>
1363.2630 	DATA 	Mouse: Left button down, pos=(951,320)
1363.2644 	EXP 	New trial (rep=22, index=7): <Trial 271 (7 in rep 22) data={'delay': 0.7, 'freq': 400, 'condition': 'unexp', 'thisN': 271, 'thisTrialN': 7, 'thisRepN': 22}>
1363.2770 	EXP 	text: autoDraw = False
1363.2770 	EXP 	textbox: autoDraw = False
1363.2770 	EXP 	polygon: autoDraw = True
1363.3632 	DATA 	Mouse:  Left button up, pos=(951,320)
1364.2771 	INFO 	Keyboard events cleared
1364.2770 	EXP 	polygon: autoDraw = False
1364.2770 	EXP 	polygon_2: autoDraw = True
1364.5943 	EXP 	Device response: <KeyPress from None: t=1364.5849257, value=space, duration=None>
1364.5964 	DATA 	Keypress: space
1364.6102 	EXP 	polygon: autoDraw = False
1364.6102 	EXP 	polygon_2: autoDraw = False
1364.6948 	EXP 	Device response: <KeyPress from None: t=1364.5849257, value=space, duration=0.10246030000052997>
1365.2938 	EXP 	Sound sound_1 reached end of file
1365.3100 	EXP 	Playing sound sound_1 on speaker Speakers (Realtek(R) Audio)
1365.6078 	EXP 	Sound sound_1 stopped
1365.6176 	EXP 	text: autoDraw = True
1365.6176 	EXP 	textbox: autoDraw = True
1366.0444 	DATA 	Keypress: 0
1366.0471 	EXP 	Device response: <KeyPress from None: t=1366.0401642000006, value=0, duration=None>
1366.1940 	EXP 	Device response: <KeyPress from None: t=1366.0401642000006, value=0, duration=0.1380537999993976>
1366.5611 	DATA 	Keypress: space
1366.5643 	EXP 	Device response: <KeyPress from None: t=1366.5533167000003, value=space, duration=None>
1366.6778 	EXP 	Device response: <KeyPress from None: t=1366.5533167000003, value=space, duration=0.11563389999992069>
1367.3445 	DATA 	Keypress: backspace
1367.3465 	EXP 	Device response: <KeyPress from None: t=1367.3348895000008, value=backspace, duration=None>
1367.4610 	EXP 	Device response: <KeyPress from None: t=1367.3348895000008, value=backspace, duration=0.11574179999934131>
1367.7120 	DATA 	Mouse: Left button down, pos=(951,320)
1367.7134 	EXP 	New trial (rep=22, index=8): <Trial 272 (8 in rep 22) data={'delay': 0.1, 'freq': 1000, 'condition': 'exp', 'thisN': 272, 'thisTrialN': 8, 'thisRepN': 22}>
1367.7270 	EXP 	text: autoDraw = False
1367.7270 	EXP 	textbox: autoDraw = False
1367.7270 	EXP 	polygon: autoDraw = True
1367.7802 	DATA 	Mouse:  Left button up, pos=(951,320)
1368.7269 	INFO 	Keyboard events cleared
1368.7267 	EXP 	polygon: autoDraw = False
1368.7267 	EXP 	polygon_2: autoDraw = True
1368.9771 	EXP 	Device response: <KeyPress from None: t=1368.9736714, value=space, duration=None>
1368.9789 	DATA 	Keypress: space
1368.9933 	EXP 	polygon: autoDraw = False
1368.9933 	EXP 	polygon_2: autoDraw = False
1369.0602 	EXP 	Sound sound_1 reached end of file
1369.0765 	EXP 	Playing sound sound_1 on speaker Speakers (Realtek(R) Audio)
1369.1108 	EXP 	Device response: <KeyPress from None: t=1368.9736714, value=space, duration=0.12567980000039825>
1369.3760 	EXP 	Sound sound_1 stopped
1369.3907 	EXP 	text: autoDraw = True
1369.3907 	EXP 	textbox: autoDraw = True
1370.2107 	DATA 	Keypress: 1
1370.2118 	EXP 	Device response: <KeyPress from None: t=1370.2095051000006, value=1, duration=None>
1370.3154 	EXP 	Device response: <KeyPress from None: t=1370.2095051000006, value=1, duration=0.09675499999957538>
1371.0488 	DATA 	Mouse: Left button down, pos=(951,320)
1371.0495 	EXP 	New trial (rep=22, index=9): <Trial 273 (9 in rep 22) data={'delay': 0.7, 'freq': 1000, 'condition': 'exp', 'thisN': 273, 'thisTrialN': 9, 'thisRepN': 22}>
1371.0633 	EXP 	text: autoDraw = False
1371.0633 	EXP 	textbox: autoDraw = False
1371.0633 	EXP 	polygon: autoDraw = True
1371.1320 	DATA 	Mouse:  Left button up, pos=(951,320)
1372.0648 	INFO 	Keyboard events cleared
1372.0647 	EXP 	polygon: autoDraw = False
1372.0647 	EXP 	polygon_2: autoDraw = True
1372.2988 	EXP 	Device response: <KeyPress from None: t=1372.2969281000005, value=space, duration=None>
1372.3012 	DATA 	Keypress: space
1372.3156 	EXP 	polygon: autoDraw = False
1372.3156 	EXP 	polygon_2: autoDraw = False
1372.4488 	EXP 	Device response: <KeyPress from None: t=1372.2969281000005, value=space, duration=0.14445530000011786>
1372.9818 	EXP 	Sound sound_1 reached end of file
1372.9982 	EXP 	Playing sound sound_1 on speaker Speakers (Realtek(R) Audio)
1373.2970 	EXP 	Sound sound_1 stopped
1373.3094 	EXP 	text: autoDraw = True
1373.3094 	EXP 	textbox: autoDraw = True
1374.1186 	DATA 	Keypress: 3
1374.1313 	EXP 	Device response: <KeyPress from None: t=1374.1161366000006, value=3, duration=None>
1374.2499 	EXP 	Device response: <KeyPress from None: t=1374.1161366000006, value=3, duration=0.12576249999983702>
1374.7809 	DATA 	Mouse: Left button down, pos=(916,459)
1374.8987 	DATA 	Mouse:  Left button up, pos=(916,459)
1375.3315 	DATA 	Mouse: Left button down, pos=(912,257)
1375.3322 	EXP 	New trial (rep=22, index=10): <Trial 274 (10 in rep 22) data={'delay': 0.1, 'freq': 1000, 'condition': 'exp', 'thisN': 274, 'thisTrialN': 10, 'thisRepN': 22}>
1375.3469 	EXP 	text: autoDraw = False
1375.3469 	EXP 	textbox: autoDraw = False
1375.3469 	EXP 	polygon: autoDraw = True
1375.4005 	DATA 	Mouse:  Left button up, pos=(912,257)
1376.3319 	INFO 	Keyboard events cleared
1376.3317 	EXP 	polygon_2: autoDraw = True
1376.3479 	EXP 	polygon: autoDraw = False
1376.7486 	EXP 	Device response: <KeyPress from None: t=1376.7473790000004, value=space, duration=None>
1376.7555 	DATA 	Keypress: space
1376.7591 	EXP 	polygon: autoDraw = False
1376.7591 	EXP 	polygon_2: autoDraw = False
1377.0284 	EXP 	Sound sound_1 reached end of file
1377.0439 	EXP 	Playing sound sound_1 on speaker Speakers (Realtek(R) Audio)
1377.0285 	EXP 	Device response: <KeyPress from None: t=1376.7473790000004, value=space, duration=0.20480750000024273>
1377.3446 	EXP 	Sound sound_1 stopped
1377.3533 	EXP 	text: autoDraw = True
1377.3533 	EXP 	textbox: autoDraw = True
1378.2324 	DATA 	Keypress: 2
1378.2434 	EXP 	Device response: <KeyPress from None: t=1378.2308761000004, value=2, duration=None>
1378.3617 	EXP 	Device response: <KeyPress from None: t=1378.2308761000004, value=2, duration=0.12205590000030497>
1379.1436 	DATA 	Mouse: Left button down, pos=(959,327)
1379.1442 	EXP 	New trial (rep=22, index=11): <Trial 275 (11 in rep 22) data={'delay': 0.1, 'freq': 1000, 'condition': 'exp', 'thisN': 275, 'thisTrialN': 11, 'thisRepN': 22}>
1379.1605 	EXP 	text: autoDraw = False
1379.1605 	EXP 	textbox: autoDraw = False
1379.1605 	EXP 	polygon: autoDraw = True
1379.2134 	DATA 	Mouse:  Left button up, pos=(959,327)
1380.1434 	INFO 	Keyboard events cleared
1380.1433 	EXP 	polygon_2: autoDraw = True
1380.1601 	EXP 	polygon: autoDraw = False
1380.8770 	EXP 	Device response: <KeyPress from None: t=1380.8640317000009, value=space, duration=None>
1380.8792 	DATA 	Keypress: space
1380.8931 	EXP 	polygon: autoDraw = False
1380.8931 	EXP 	polygon_2: autoDraw = False
1380.9609 	EXP 	Sound sound_1 reached end of file
1380.9769 	EXP 	Playing sound sound_1 on speaker Speakers (Realtek(R) Audio)
1381.0103 	EXP 	Device response: <KeyPress from None: t=1380.8640317000009, value=space, duration=0.13169919999927515>
1381.2770 	EXP 	Sound sound_1 stopped
1381.2861 	EXP 	text: autoDraw = True
1381.2861 	EXP 	textbox: autoDraw = True
1382.7525 	DATA 	Keypress: 2
1382.7610 	EXP 	Device response: <KeyPress from None: t=1382.7520924, value=2, duration=None>
1382.8611 	EXP 	Device response: <KeyPress from None: t=1382.7520924, value=2, duration=0.09959370000069612>
1383.5124 	DATA 	Mouse: Left button down, pos=(959,327)
1383.5139 	EXP 	New trial (rep=23, index=0): <Trial 276 (0 in rep 23) data={'delay': 0.4, 'freq': 1000, 'condition': 'exp', 'thisN': 276, 'thisTrialN': 0, 'thisRepN': 23}>
1383.5267 	EXP 	text: autoDraw = False
1383.5267 	EXP 	textbox: autoDraw = False
1383.5267 	EXP 	polygon: autoDraw = True
1383.5806 	DATA 	Mouse:  Left button up, pos=(959,327)
1384.5263 	INFO 	Keyboard events cleared
1384.5262 	EXP 	polygon: autoDraw = False
1384.5262 	EXP 	polygon_2: autoDraw = True
1384.9778 	EXP 	Device response: <KeyPress from None: t=1384.9739351000007, value=space, duration=None>
1384.9801 	DATA 	Keypress: space
1384.9933 	EXP 	polygon: autoDraw = False
1384.9933 	EXP 	polygon_2: autoDraw = False
1385.1113 	EXP 	Device response: <KeyPress from None: t=1384.9739351000007, value=space, duration=0.12624179999966145>
1385.3771 	EXP 	Sound sound_1 reached end of file
1385.3932 	EXP 	Playing sound sound_1 on speaker Speakers (Realtek(R) Audio)
1385.6925 	EXP 	Sound sound_1 stopped
1385.7018 	EXP 	text: autoDraw = True
1385.7018 	EXP 	textbox: autoDraw = True
1386.4438 	DATA 	Keypress: 2
1386.4450 	EXP 	Device response: <KeyPress from None: t=1386.4356522000007, value=2, duration=None>
1386.5269 	EXP 	Device response: <KeyPress from None: t=1386.4356522000007, value=2, duration=0.07607579999967129>
1387.2338 	DATA 	Mouse: Left button down, pos=(959,327)
1387.2454 	EXP 	New trial (rep=23, index=1): <Trial 277 (1 in rep 23) data={'delay': 0.1, 'freq': 1000, 'condition': 'exp', 'thisN': 277, 'thisTrialN': 1, 'thisRepN': 23}>
1387.2595 	EXP 	text: autoDraw = False
1387.2595 	EXP 	textbox: autoDraw = False
1387.2595 	EXP 	polygon: autoDraw = True
1387.3443 	DATA 	Mouse:  Left button up, pos=(959,327)
1388.2602 	INFO 	Keyboard events cleared
1388.2599 	EXP 	polygon: autoDraw = False
1388.2599 	EXP 	polygon_2: autoDraw = True
1388.5432 	EXP 	Device response: <KeyPress from None: t=1388.5320284, value=space, duration=None>
1388.5445 	DATA 	Keypress: space
1388.5594 	EXP 	polygon: autoDraw = False
1388.5594 	EXP 	polygon_2: autoDraw = False
1388.6265 	EXP 	Sound sound_1 reached end of file
1388.6427 	EXP 	Playing sound sound_1 on speaker Speakers (Realtek(R) Audio)
1388.6933 	EXP 	Device response: <KeyPress from None: t=1388.5320284, value=space, duration=0.1485264000002644>
1388.9463 	EXP 	Sound sound_1 stopped
1388.9577 	EXP 	text: autoDraw = True
1388.9577 	EXP 	textbox: autoDraw = True
1390.3436 	DATA 	Keypress: 2
1390.3449 	EXP 	Device response: <KeyPress from None: t=1390.3404753000004, value=2, duration=None>
1390.4610 	EXP 	Device response: <KeyPress from None: t=1390.3404753000004, value=2, duration=0.10867959999995946>
1391.6489 	DATA 	Mouse: Left button down, pos=(953,225)
1391.6624 	EXP 	New trial (rep=23, index=2): <Trial 278 (2 in rep 23) data={'delay': 0.4, 'freq': 1000, 'condition': 'exp', 'thisN': 278, 'thisTrialN': 2, 'thisRepN': 23}>
1391.6766 	EXP 	text: autoDraw = False
1391.6766 	EXP 	textbox: autoDraw = False
1391.6766 	EXP 	polygon: autoDraw = True
1391.7312 	DATA 	Mouse:  Left button up, pos=(953,225)
1392.6770 	INFO 	Keyboard events cleared
1392.6768 	EXP 	polygon: autoDraw = False
1392.6768 	EXP 	polygon_2: autoDraw = True
1393.1939 	EXP 	Device response: <KeyPress from None: t=1393.1811973000003, value=space, duration=None>
1393.1961 	DATA 	Keypress: space
1393.2104 	EXP 	polygon: autoDraw = False
1393.2104 	EXP 	polygon_2: autoDraw = False
1393.3274 	EXP 	Device response: <KeyPress from None: t=1393.1811973000003, value=space, duration=0.13530100000025413>
1393.5930 	EXP 	Sound sound_1 reached end of file
1393.6094 	EXP 	Playing sound sound_1 on speaker Speakers (Realtek(R) Audio)
1393.9061 	EXP 	Sound sound_1 stopped
1393.9156 	EXP 	text: autoDraw = True
1393.9156 	EXP 	textbox: autoDraw = True
1395.2950 	DATA 	Keypress: 3
1395.2976 	EXP 	Device response: <KeyPress from None: t=1395.2940256000002, value=3, duration=None>
1395.4267 	EXP 	Device response: <KeyPress from None: t=1395.2940256000002, value=3, duration=0.11848509999981616>
1396.0999 	DATA 	Mouse: Left button down, pos=(953,225)
1396.1126 	EXP 	New trial (rep=23, index=3): <Trial 279 (3 in rep 23) data={'delay': 0.7, 'freq': 1000, 'condition': 'exp', 'thisN': 279, 'thisTrialN': 3, 'thisRepN': 23}>
1396.1263 	EXP 	text: autoDraw = False
1396.1263 	EXP 	textbox: autoDraw = False
1396.1263 	EXP 	polygon: autoDraw = True
1396.1970 	DATA 	Mouse:  Left button up, pos=(953,225)
1397.1265 	INFO 	Keyboard events cleared
1397.1264 	EXP 	polygon: autoDraw = False
1397.1264 	EXP 	polygon_2: autoDraw = True
1397.3933 	EXP 	Device response: <KeyPress from None: t=1397.3787904, value=space, duration=None>
1397.3950 	DATA 	Keypress: space
1397.4096 	EXP 	polygon: autoDraw = False
1397.4096 	EXP 	polygon_2: autoDraw = False
1397.4936 	EXP 	Device response: <KeyPress from None: t=1397.3787904, value=space, duration=0.09913720000076864>
1398.0769 	EXP 	Sound sound_1 reached end of file
1398.0932 	EXP 	Playing sound sound_1 on speaker Speakers (Realtek(R) Audio)
1398.3953 	EXP 	Sound sound_1 stopped
1398.4056 	EXP 	text: autoDraw = True
1398.4056 	EXP 	textbox: autoDraw = True
1398.9435 	DATA 	Keypress: 4
1398.9445 	EXP 	Device response: <KeyPress from None: t=1398.9340005000004, value=4, duration=None>
1399.0634 	EXP 	Device response: <KeyPress from None: t=1398.9340005000004, value=4, duration=0.1187419999996564>
1399.3991 	DATA 	Mouse: Left button down, pos=(953,225)
1399.4111 	EXP 	New trial (rep=23, index=4): <Trial 280 (4 in rep 23) data={'delay': 0.4, 'freq': 400, 'condition': 'unexp', 'thisN': 280, 'thisTrialN': 4, 'thisRepN': 23}>
1399.4269 	EXP 	text: autoDraw = False
1399.4269 	EXP 	textbox: autoDraw = False
1399.4269 	EXP 	polygon: autoDraw = True
1399.5142 	DATA 	Mouse:  Left button up, pos=(953,225)
1400.4267 	INFO 	Keyboard events cleared
1400.4266 	EXP 	polygon: autoDraw = False
1400.4266 	EXP 	polygon_2: autoDraw = True
1400.6766 	EXP 	Device response: <KeyPress from None: t=1400.6740988000001, value=space, duration=None>
1400.6780 	DATA 	Keypress: space
1400.6929 	EXP 	polygon: autoDraw = False
1400.6929 	EXP 	polygon_2: autoDraw = False
1400.8108 	EXP 	Device response: <KeyPress from None: t=1400.6740988000001, value=space, duration=0.1293709999999919>
1401.0600 	EXP 	Sound sound_1 reached end of file
1401.0761 	EXP 	Playing sound sound_1 on speaker Speakers (Realtek(R) Audio)
1401.3756 	EXP 	Sound sound_1 stopped
1401.3854 	EXP 	text: autoDraw = True
1401.3854 	EXP 	textbox: autoDraw = True
1402.0938 	DATA 	Keypress: 0
1402.0954 	EXP 	Device response: <KeyPress from None: t=1402.0862584000006, value=0, duration=None>
1402.2111 	EXP 	Device response: <KeyPress from None: t=1402.0862584000006, value=0, duration=0.10861349999959202>
1402.4946 	DATA 	Mouse: Left button down, pos=(953,225)
1402.4963 	EXP 	New trial (rep=23, index=5): <Trial 281 (5 in rep 23) data={'delay': 0.7, 'freq': 1000, 'condition': 'exp', 'thisN': 281, 'thisTrialN': 5, 'thisRepN': 23}>
1402.5103 	EXP 	text: autoDraw = False
1402.5103 	EXP 	textbox: autoDraw = False
1402.5103 	EXP 	polygon: autoDraw = True
1402.5822 	DATA 	Mouse:  Left button up, pos=(953,225)
1403.5116 	INFO 	Keyboard events cleared
1403.5114 	EXP 	polygon: autoDraw = False
1403.5114 	EXP 	polygon_2: autoDraw = True
1403.7767 	EXP 	Device response: <KeyPress from None: t=1403.7689592000006, value=space, duration=None>
1403.7786 	DATA 	Keypress: space
1403.7928 	EXP 	polygon: autoDraw = False
1403.7928 	EXP 	polygon_2: autoDraw = False
1403.8771 	EXP 	Device response: <KeyPress from None: t=1403.7689592000006, value=space, duration=0.09578700000020035>
1404.4610 	EXP 	Sound sound_1 reached end of file
1404.4761 	EXP 	Playing sound sound_1 on speaker Speakers (Realtek(R) Audio)
1404.7726 	EXP 	Sound sound_1 stopped
1404.7834 	EXP 	text: autoDraw = True
1404.7834 	EXP 	textbox: autoDraw = True
1407.1323 	DATA 	Keypress: 2
1407.1439 	EXP 	Device response: <KeyPress from None: t=1407.1272571, value=2, duration=None>
1407.2452 	EXP 	Device response: <KeyPress from None: t=1407.1272571, value=2, duration=0.11607630000071367>
1407.9864 	DATA 	Mouse: Left button down, pos=(1040,270)
1407.9939 	EXP 	New trial (rep=23, index=6): <Trial 282 (6 in rep 23) data={'delay': 0.7, 'freq': 1000, 'condition': 'exp', 'thisN': 282, 'thisTrialN': 6, 'thisRepN': 23}>
1408.0100 	EXP 	text: autoDraw = False
1408.0100 	EXP 	textbox: autoDraw = False
1408.0100 	EXP 	polygon: autoDraw = True
1408.0799 	DATA 	Mouse:  Left button up, pos=(1040,270)
1409.0100 	INFO 	Keyboard events cleared
1409.0098 	EXP 	polygon: autoDraw = False
1409.0098 	EXP 	polygon_2: autoDraw = True
1409.2770 	EXP 	Device response: <KeyPress from None: t=1409.2726884000003, value=space, duration=None>
1409.2791 	DATA 	Keypress: space
1409.2927 	EXP 	polygon: autoDraw = False
1409.2927 	EXP 	polygon_2: autoDraw = False
1409.3603 	EXP 	Device response: <KeyPress from None: t=1409.2726884000003, value=space, duration=0.07950789999995322>
1409.9765 	EXP 	Sound sound_1 reached end of file
1409.9929 	EXP 	Playing sound sound_1 on speaker Speakers (Realtek(R) Audio)
1410.2953 	EXP 	Sound sound_1 stopped
1410.3102 	EXP 	text: autoDraw = True
1410.3102 	EXP 	textbox: autoDraw = True
1411.0768 	DATA 	Keypress: 4
1411.0802 	EXP 	Device response: <KeyPress from None: t=1411.0743071000006, value=4, duration=None>
1411.1786 	EXP 	Device response: <KeyPress from None: t=1411.0743071000006, value=4, duration=0.09586739999940619>
1411.9282 	DATA 	Mouse: Left button down, pos=(906,326)
1411.9295 	EXP 	New trial (rep=23, index=7): <Trial 283 (7 in rep 23) data={'delay': 0.4, 'freq': 1000, 'condition': 'exp', 'thisN': 283, 'thisTrialN': 7, 'thisRepN': 23}>
1411.9430 	EXP 	text: autoDraw = False
1411.9430 	EXP 	textbox: autoDraw = False
1411.9430 	EXP 	polygon: autoDraw = True
1412.0142 	DATA 	Mouse:  Left button up, pos=(906,326)
1412.9427 	INFO 	Keyboard events cleared
1412.9426 	EXP 	polygon: autoDraw = False
1412.9426 	EXP 	polygon_2: autoDraw = True
1413.2109 	EXP 	Device response: <KeyPress from None: t=1413.2048924, value=space, duration=None>
1413.2135 	DATA 	Keypress: space
1413.2266 	EXP 	polygon: autoDraw = False
1413.2266 	EXP 	polygon_2: autoDraw = False
1413.3110 	EXP 	Device response: <KeyPress from None: t=1413.2048924, value=space, duration=0.0959155999998984>
1413.6104 	EXP 	Sound sound_1 reached end of file
1413.6264 	EXP 	Playing sound sound_1 on speaker Speakers (Realtek(R) Audio)
1413.9221 	EXP 	Sound sound_1 stopped
1413.9309 	EXP 	text: autoDraw = True
1413.9309 	EXP 	textbox: autoDraw = True
1414.8678 	DATA 	Keypress: 2
1414.8770 	EXP 	Device response: <KeyPress from None: t=1414.8617275000006, value=2, duration=None>
1414.9768 	EXP 	Device response: <KeyPress from None: t=1414.8617275000006, value=2, duration=0.10233090000019729>
1415.6479 	DATA 	Keypress: backspace
1415.6609 	EXP 	Device response: <KeyPress from None: t=1415.6442109, value=backspace, duration=None>
1415.7436 	EXP 	Device response: <KeyPress from None: t=1415.6442109, value=backspace, duration=0.08908340000016324>
1416.1506 	DATA 	Keypress: 3
1416.1606 	EXP 	Device response: <KeyPress from None: t=1416.1501604000005, value=3, duration=None>
1416.2631 	EXP 	Device response: <KeyPress from None: t=1416.1501604000005, value=3, duration=0.10289920000013808>
1417.0943 	DATA 	Mouse: Left button down, pos=(894,199)
1417.0953 	EXP 	New trial (rep=23, index=8): <Trial 284 (8 in rep 23) data={'delay': 0.1, 'freq': 1000, 'condition': 'exp', 'thisN': 284, 'thisTrialN': 8, 'thisRepN': 23}>
1417.1095 	EXP 	text: autoDraw = False
1417.1095 	EXP 	textbox: autoDraw = False
1417.1095 	EXP 	polygon: autoDraw = True
1417.1976 	DATA 	Mouse:  Left button up, pos=(894,199)
1418.1095 	INFO 	Keyboard events cleared
1418.1094 	EXP 	polygon: autoDraw = False
1418.1094 	EXP 	polygon_2: autoDraw = True
1418.4604 	EXP 	Device response: <KeyPress from None: t=1418.4561394000002, value=space, duration=None>
1418.4630 	DATA 	Keypress: space
1418.4761 	EXP 	polygon: autoDraw = False
1418.4761 	EXP 	polygon_2: autoDraw = False
1418.5603 	EXP 	Sound sound_1 reached end of file
1418.5762 	EXP 	Playing sound sound_1 on speaker Speakers (Realtek(R) Audio)
1418.5769 	EXP 	Device response: <KeyPress from None: t=1418.4561394000002, value=space, duration=0.11234570000033273>
1418.8749 	EXP 	Sound sound_1 stopped
1418.8843 	EXP 	text: autoDraw = True
1418.8843 	EXP 	textbox: autoDraw = True
1419.8439 	DATA 	Keypress: 2
1419.8459 	EXP 	Device response: <KeyPress from None: t=1419.8420480000004, value=2, duration=None>
1419.9930 	EXP 	Device response: <KeyPress from None: t=1419.8420480000004, value=2, duration=0.14172899999994115>
1420.5676 	DATA 	Mouse: Left button down, pos=(894,199)
1420.5776 	EXP 	New trial (rep=23, index=9): <Trial 285 (9 in rep 23) data={'delay': 0.1, 'freq': 1000, 'condition': 'exp', 'thisN': 285, 'thisTrialN': 9, 'thisRepN': 23}>
1420.5928 	EXP 	text: autoDraw = False
1420.5928 	EXP 	textbox: autoDraw = False
1420.5928 	EXP 	polygon: autoDraw = True
1420.6974 	DATA 	Mouse:  Left button up, pos=(894,199)
1421.5927 	INFO 	Keyboard events cleared
1421.5926 	EXP 	polygon: autoDraw = False
1421.5926 	EXP 	polygon_2: autoDraw = True
1422.1095 	EXP 	Device response: <KeyPress from None: t=1422.1045602000004, value=space, duration=None>
1422.1117 	DATA 	Keypress: space
1422.1263 	EXP 	polygon: autoDraw = False
1422.1263 	EXP 	polygon_2: autoDraw = False
1422.1929 	EXP 	Sound sound_1 reached end of file
1422.2091 	EXP 	Playing sound sound_1 on speaker Speakers (Realtek(R) Audio)
1422.2098 	EXP 	Device response: <KeyPress from None: t=1422.1045602000004, value=space, duration=0.09238209999966784>
1422.5120 	EXP 	Sound sound_1 stopped
1422.5209 	EXP 	text: autoDraw = True
1422.5209 	EXP 	textbox: autoDraw = True
1423.5346 	DATA 	Keypress: 1
1423.5433 	EXP 	Device response: <KeyPress from None: t=1423.5338918000007, value=1, duration=None>
1423.6302 	EXP 	Device response: <KeyPress from None: t=1423.5338918000007, value=1, duration=0.0861045000001468>
1424.1444 	DATA 	Mouse: Left button down, pos=(894,199)
1424.1454 	EXP 	New trial (rep=23, index=10): <Trial 286 (10 in rep 23) data={'delay': 0.1, 'freq': 400, 'condition': 'unexp', 'thisN': 286, 'thisTrialN': 10, 'thisRepN': 23}>
1424.1593 	EXP 	text: autoDraw = False
1424.1593 	EXP 	textbox: autoDraw = False
1424.1593 	EXP 	polygon: autoDraw = True
1424.2474 	DATA 	Mouse:  Left button up, pos=(894,199)
1424.7427 	EXP 	Device response: <KeyPress from None: t=1424.7341939000007, value=space, duration=None>
1424.7436 	DATA 	Keypress: space
1424.9266 	EXP 	Device response: <KeyPress from None: t=1424.7341939000007, value=space, duration=0.18857810000008612>
1425.1601 	INFO 	Keyboard events cleared
1425.1599 	EXP 	polygon: autoDraw = False
1425.1599 	EXP 	polygon_2: autoDraw = True
1425.4263 	EXP 	Device response: <KeyPress from None: t=1425.4197342000007, value=space, duration=None>
1425.4281 	DATA 	Keypress: space
1425.4425 	EXP 	polygon: autoDraw = False
1425.4425 	EXP 	polygon_2: autoDraw = False
1425.5100 	EXP 	Sound sound_1 reached end of file
1425.5261 	EXP 	Playing sound sound_1 on speaker Speakers (Realtek(R) Audio)
1425.5270 	EXP 	Device response: <KeyPress from None: t=1425.4197342000007, value=space, duration=0.09942939999928058>
1425.8253 	EXP 	Sound sound_1 stopped
1425.8374 	EXP 	text: autoDraw = True
1425.8374 	EXP 	textbox: autoDraw = True
1426.4161 	DATA 	Keypress: 0
1426.4266 	EXP 	Device response: <KeyPress from None: t=1426.4119280000004, value=0, duration=None>
1426.5435 	EXP 	Device response: <KeyPress from None: t=1426.4119280000004, value=0, duration=0.12208339999961026>
1427.6936 	DATA 	Mouse: Left button down, pos=(975,253)
1427.6947 	EXP 	New trial (rep=23, index=11): <Trial 287 (11 in rep 23) data={'delay': 0.7, 'freq': 400, 'condition': 'unexp', 'thisN': 287, 'thisTrialN': 11, 'thisRepN': 23}>
1427.7097 	EXP 	text: autoDraw = False
1427.7097 	EXP 	textbox: autoDraw = False
1427.7097 	EXP 	polygon: autoDraw = True
1427.7807 	DATA 	Mouse:  Left button up, pos=(975,253)
1428.7095 	INFO 	Keyboard events cleared
1428.7093 	EXP 	polygon: autoDraw = False
1428.7093 	EXP 	polygon_2: autoDraw = True
1428.9767 	EXP 	Device response: <KeyPress from None: t=1428.9704331000003, value=space, duration=None>
1428.9787 	DATA 	Keypress: space
1428.9927 	EXP 	polygon: autoDraw = False
1428.9927 	EXP 	polygon_2: autoDraw = False
1429.0603 	EXP 	Device response: <KeyPress from None: t=1428.9704331000003, value=space, duration=0.08220880000044417>
1429.6602 	EXP 	Sound sound_1 reached end of file
1429.6762 	EXP 	Playing sound sound_1 on speaker Speakers (Realtek(R) Audio)
1429.9727 	EXP 	Sound sound_1 stopped
1429.9824 	EXP 	text: autoDraw = True
1429.9824 	EXP 	textbox: autoDraw = True
1430.7107 	DATA 	Keypress: 0
1430.7140 	EXP 	Device response: <KeyPress from None: t=1430.7067385, value=0, duration=None>
1430.8618 	EXP 	Device response: <KeyPress from None: t=1430.7067385, value=0, duration=0.15201660000002448>
1431.2178 	DATA 	Mouse: Left button down, pos=(975,253)
1431.2277 	EXP 	New trial (rep=24, index=0): <Trial 288 (0 in rep 24) data={'delay': 0.7, 'freq': 1000, 'condition': 'exp', 'thisN': 288, 'thisTrialN': 0, 'thisRepN': 24}>
1431.2429 	EXP 	text: autoDraw = False
1431.2429 	EXP 	textbox: autoDraw = False
1431.2429 	EXP 	polygon: autoDraw = True
1431.2985 	DATA 	Mouse:  Left button up, pos=(975,253)
1432.2425 	INFO 	Keyboard events cleared
1432.2424 	EXP 	polygon: autoDraw = False
1432.2424 	EXP 	polygon_2: autoDraw = True
1432.5266 	EXP 	Device response: <KeyPress from None: t=1432.5208946000002, value=space, duration=None>
1432.5288 	DATA 	Keypress: space
1432.5427 	EXP 	polygon: autoDraw = False
1432.5427 	EXP 	polygon_2: autoDraw = False
1432.6101 	EXP 	Device response: <KeyPress from None: t=1432.5208946000002, value=space, duration=0.07537700000011682>
1433.2121 	EXP 	Sound sound_1 reached end of file
1433.2263 	EXP 	Playing sound sound_1 on speaker Speakers (Realtek(R) Audio)
1433.5245 	EXP 	Sound sound_1 stopped
1433.5373 	EXP 	text: autoDraw = True
1433.5373 	EXP 	textbox: autoDraw = True
1434.4268 	DATA 	Keypress: 3
1434.4285 	EXP 	Device response: <KeyPress from None: t=1434.4191381, value=3, duration=None>
1434.5112 	EXP 	Device response: <KeyPress from None: t=1434.4191381, value=3, duration=0.08574080000016693>
1434.9691 	DATA 	Mouse: Left button down, pos=(975,253)
1434.9775 	EXP 	New trial (rep=24, index=1): <Trial 289 (1 in rep 24) data={'delay': 0.1, 'freq': 1000, 'condition': 'exp', 'thisN': 289, 'thisTrialN': 1, 'thisRepN': 24}>
1434.9928 	EXP 	text: autoDraw = False
1434.9928 	EXP 	textbox: autoDraw = False
1434.9928 	EXP 	polygon: autoDraw = True
1435.0651 	DATA 	Mouse:  Left button up, pos=(975,253)
1435.9923 	INFO 	Keyboard events cleared
1435.9922 	EXP 	polygon: autoDraw = False
1435.9922 	EXP 	polygon_2: autoDraw = True
1436.2426 	EXP 	Device response: <KeyPress from None: t=1436.2317584000002, value=space, duration=None>
1436.2492 	DATA 	Keypress: space
1436.2588 	EXP 	polygon: autoDraw = False
1436.2588 	EXP 	polygon_2: autoDraw = False
1436.3264 	EXP 	Sound sound_1 reached end of file
1436.3427 	EXP 	Playing sound sound_1 on speaker Speakers (Realtek(R) Audio)
1436.3267 	EXP 	Device response: <KeyPress from None: t=1436.2317584000002, value=space, duration=0.08321369999976014>
1436.6430 	EXP 	Sound sound_1 stopped
1436.6534 	EXP 	text: autoDraw = True
1436.6534 	EXP 	textbox: autoDraw = True
1437.6822 	DATA 	Keypress: 2
1437.6932 	EXP 	Device response: <KeyPress from None: t=1437.6806275000008, value=2, duration=None>
1437.8117 	EXP 	Device response: <KeyPress from None: t=1437.6806275000008, value=2, duration=0.12926399999923888>
1438.2104 	DATA 	Keypress: backspace
1438.2121 	EXP 	Device response: <KeyPress from None: t=1438.2021290000002, value=backspace, duration=None>
1438.3449 	EXP 	Device response: <KeyPress from None: t=1438.2021290000002, value=backspace, duration=0.13855010000042967>
1438.6607 	DATA 	Keypress: 1
1438.6623 	EXP 	Device response: <KeyPress from None: t=1438.6562566000002, value=1, duration=None>
1438.7776 	EXP 	Device response: <KeyPress from None: t=1438.6562566000002, value=1, duration=0.11966769999980897>
1439.3628 	DATA 	Mouse: Left button down, pos=(880,415)
1439.3645 	EXP 	New trial (rep=24, index=2): <Trial 290 (2 in rep 24) data={'delay': 0.7, 'freq': 1000, 'condition': 'exp', 'thisN': 290, 'thisTrialN': 2, 'thisRepN': 24}>
1439.3759 	EXP 	text: autoDraw = False
1439.3759 	EXP 	textbox: autoDraw = False
1439.3759 	EXP 	polygon: autoDraw = True
1439.4791 	DATA 	Mouse:  Left button up, pos=(880,415)
1440.3761 	INFO 	Keyboard events cleared
1440.3758 	EXP 	polygon: autoDraw = False
1440.3758 	EXP 	polygon_2: autoDraw = True
1440.4262 	EXP 	Device response: <KeyPress from None: t=1440.4147589000004, value=space, duration=None>
1440.4287 	DATA 	Keypress: space
1440.4424 	EXP 	polygon: autoDraw = False
1440.4424 	EXP 	polygon_2: autoDraw = False
1440.5594 	EXP 	Device response: <KeyPress from None: t=1440.4147589000004, value=space, duration=0.1284035999997286>
1441.1099 	EXP 	Sound sound_1 reached end of file
1441.1258 	EXP 	Playing sound sound_1 on speaker Speakers (Realtek(R) Audio)
1441.4229 	EXP 	Sound sound_1 stopped
1441.4337 	EXP 	text: autoDraw = True
1441.4337 	EXP 	textbox: autoDraw = True
1442.5766 	DATA 	Keypress: 2
1442.5782 	EXP 	Device response: <KeyPress from None: t=1442.5753339000003, value=2, duration=None>
1442.6932 	EXP 	Device response: <KeyPress from None: t=1442.5753339000003, value=2, duration=0.10227240000040183>
1443.5486 	DATA 	Mouse: Left button down, pos=(889,85)
1443.5618 	EXP 	New trial (rep=24, index=3): <Trial 291 (3 in rep 24) data={'delay': 0.4, 'freq': 1000, 'condition': 'exp', 'thisN': 291, 'thisTrialN': 3, 'thisRepN': 24}>
1443.5761 	EXP 	text: autoDraw = False
1443.5761 	EXP 	textbox: autoDraw = False
1443.5761 	EXP 	polygon: autoDraw = True
1443.6471 	DATA 	Mouse:  Left button up, pos=(889,85)
1444.5757 	INFO 	Keyboard events cleared
1444.5756 	EXP 	polygon: autoDraw = False
1444.5756 	EXP 	polygon_2: autoDraw = True
1444.9766 	EXP 	Device response: <KeyPress from None: t=1444.9706229000003, value=space, duration=None>
1444.9799 	DATA 	Keypress: space
1444.9928 	EXP 	polygon: autoDraw = False
1444.9928 	EXP 	polygon_2: autoDraw = False
1445.0596 	EXP 	Device response: <KeyPress from None: t=1444.9706229000003, value=space, duration=0.07941360000040731>
1445.3762 	EXP 	Sound sound_1 reached end of file
1445.3925 	EXP 	Playing sound sound_1 on speaker Speakers (Realtek(R) Audio)
1445.6849 	EXP 	Sound sound_1 stopped
1445.6950 	EXP 	text: autoDraw = True
1445.6950 	EXP 	textbox: autoDraw = True
1446.6007 	DATA 	Keypress: 2
1446.6098 	EXP 	Device response: <KeyPress from None: t=1446.5993198000006, value=2, duration=None>
1446.7274 	EXP 	Device response: <KeyPress from None: t=1446.5993198000006, value=2, duration=0.12579989999994723>
1447.5480 	DATA 	Mouse: Left button down, pos=(946,337)
1447.5612 	EXP 	New trial (rep=24, index=4): <Trial 292 (4 in rep 24) data={'delay': 0.4, 'freq': 1000, 'condition': 'exp', 'thisN': 292, 'thisTrialN': 4, 'thisRepN': 24}>
1447.5756 	EXP 	text: autoDraw = False
1447.5756 	EXP 	textbox: autoDraw = False
1447.5756 	EXP 	polygon: autoDraw = True
1447.6454 	DATA 	Mouse:  Left button up, pos=(946,337)
1448.5762 	INFO 	Keyboard events cleared
1448.5760 	EXP 	polygon: autoDraw = False
1448.5760 	EXP 	polygon_2: autoDraw = True
1449.6426 	EXP 	Device response: <KeyPress from None: t=1449.6368926000005, value=space, duration=None>
1449.6443 	DATA 	Keypress: space
1449.6588 	EXP 	polygon: autoDraw = False
1449.6588 	EXP 	polygon_2: autoDraw = False
1449.7761 	EXP 	Device response: <KeyPress from None: t=1449.6368926000005, value=space, duration=0.1281926999999996>
1450.0267 	EXP 	Sound sound_1 reached end of file
1450.0430 	EXP 	Playing sound sound_1 on speaker Speakers (Realtek(R) Audio)
1450.3418 	EXP 	Sound sound_1 stopped
1450.3523 	EXP 	text: autoDraw = True
1450.3523 	EXP 	textbox: autoDraw = True
1452.0155 	DATA 	Keypress: 2
1452.0262 	EXP 	Device response: <KeyPress from None: t=1452.0114782, value=2, duration=None>
1452.1270 	EXP 	Device response: <KeyPress from None: t=1452.0114782, value=2, duration=0.10578919999989012>
1452.8818 	DATA 	Mouse: Left button down, pos=(961,295)
1452.8940 	EXP 	New trial (rep=24, index=5): <Trial 293 (5 in rep 24) data={'delay': 0.7, 'freq': 400, 'condition': 'unexp', 'thisN': 293, 'thisTrialN': 5, 'thisRepN': 24}>
1452.9093 	EXP 	text: autoDraw = False
1452.9093 	EXP 	textbox: autoDraw = False
1452.9093 	EXP 	polygon: autoDraw = True
1452.9643 	DATA 	Mouse:  Left button up, pos=(961,295)
1453.9097 	INFO 	Keyboard events cleared
1453.9094 	EXP 	polygon: autoDraw = False
1453.9094 	EXP 	polygon_2: autoDraw = True
1454.2611 	EXP 	Device response: <KeyPress from None: t=1454.2522768000008, value=space, duration=None>
1454.2635 	DATA 	Keypress: space
1454.2758 	EXP 	polygon: autoDraw = False
1454.2758 	EXP 	polygon_2: autoDraw = False
1454.3596 	EXP 	Device response: <KeyPress from None: t=1454.2522768000008, value=space, duration=0.10664849999920989>
1454.9597 	EXP 	Sound sound_1 reached end of file
1454.9760 	EXP 	Playing sound sound_1 on speaker Speakers (Realtek(R) Audio)
1455.2736 	EXP 	Sound sound_1 stopped
1455.2835 	EXP 	text: autoDraw = True
1455.2835 	EXP 	textbox: autoDraw = True
1455.9216 	DATA 	Keypress: 0
1455.9260 	EXP 	Device response: <KeyPress from None: t=1455.9197017000006, value=0, duration=None>
1456.0427 	EXP 	Device response: <KeyPress from None: t=1455.9197017000006, value=0, duration=0.10897639999984676>
1456.4604 	DATA 	Mouse: Left button down, pos=(961,295)
1456.4617 	EXP 	New trial (rep=24, index=6): <Trial 294 (6 in rep 24) data={'delay': 0.7, 'freq': 1000, 'condition': 'exp', 'thisN': 294, 'thisTrialN': 6, 'thisRepN': 24}>
1456.4755 	EXP 	text: autoDraw = False
1456.4755 	EXP 	textbox: autoDraw = False
1456.4755 	EXP 	polygon: autoDraw = True
1456.5300 	DATA 	Mouse:  Left button up, pos=(961,295)
1457.4757 	INFO 	Keyboard events cleared
1457.4756 	EXP 	polygon: autoDraw = False
1457.4756 	EXP 	polygon_2: autoDraw = True
1457.8261 	EXP 	Device response: <KeyPress from None: t=1457.8128663000007, value=space, duration=None>
1457.8282 	DATA 	Keypress: space
1457.8421 	EXP 	polygon: autoDraw = False
1457.8421 	EXP 	polygon_2: autoDraw = False
1457.9758 	EXP 	Device response: <KeyPress from None: t=1457.8128663000007, value=space, duration=0.14817820000007487>
1458.5094 	EXP 	Sound sound_1 reached end of file
1458.5257 	EXP 	Playing sound sound_1 on speaker Speakers (Realtek(R) Audio)
1458.8248 	EXP 	Sound sound_1 stopped
1458.8366 	EXP 	text: autoDraw = True
1458.8366 	EXP 	textbox: autoDraw = True
1459.6760 	DATA 	Keypress: 3
1459.6773 	EXP 	Device response: <KeyPress from None: t=1459.6717596000008, value=3, duration=None>
1459.7607 	EXP 	Device response: <KeyPress from None: t=1459.6717596000008, value=3, duration=0.07602289999977074>
1460.3111 	DATA 	Mouse: Left button down, pos=(961,295)
1460.3126 	EXP 	New trial (rep=24, index=7): <Trial 295 (7 in rep 24) data={'delay': 0.4, 'freq': 1000, 'condition': 'exp', 'thisN': 295, 'thisTrialN': 7, 'thisRepN': 24}>
1460.3255 	EXP 	text: autoDraw = False
1460.3255 	EXP 	textbox: autoDraw = False
1460.3255 	EXP 	polygon: autoDraw = True
1460.4120 	DATA 	Mouse:  Left button up, pos=(961,295)
1461.3261 	INFO 	Keyboard events cleared
1461.3259 	EXP 	polygon: autoDraw = False
1461.3259 	EXP 	polygon_2: autoDraw = True
1461.8427 	EXP 	Device response: <KeyPress from None: t=1461.838842, value=space, duration=None>
1461.8452 	DATA 	Keypress: space
1461.8587 	EXP 	polygon: autoDraw = False
1461.8587 	EXP 	polygon_2: autoDraw = False
1461.9757 	EXP 	Device response: <KeyPress from None: t=1461.838842, value=space, duration=0.1252997999999934>
1462.2260 	EXP 	Sound sound_1 reached end of file
1462.2423 	EXP 	Playing sound sound_1 on speaker Speakers (Realtek(R) Audio)
1462.5374 	EXP 	Sound sound_1 stopped
1462.5475 	EXP 	text: autoDraw = True
1462.5475 	EXP 	textbox: autoDraw = True
1463.3669 	DATA 	Keypress: 3
1463.3765 	EXP 	Device response: <KeyPress from None: t=1463.3661979000008, value=3, duration=None>
1463.4618 	EXP 	Device response: <KeyPress from None: t=1463.3661979000008, value=3, duration=0.08613259999947331>
1464.0156 	DATA 	Mouse: Left button down, pos=(961,295)
1464.0278 	EXP 	New trial (rep=24, index=8): <Trial 296 (8 in rep 24) data={'delay': 0.4, 'freq': 400, 'condition': 'unexp', 'thisN': 296, 'thisTrialN': 8, 'thisRepN': 24}>
1464.0421 	EXP 	text: autoDraw = False
1464.0421 	EXP 	textbox: autoDraw = False
1464.0421 	EXP 	polygon: autoDraw = True
1464.0800 	DATA 	Mouse:  Left button up, pos=(961,295)
1465.0418 	INFO 	Keyboard events cleared
1465.0417 	EXP 	polygon: autoDraw = False
1465.0417 	EXP 	polygon_2: autoDraw = True
1465.4256 	EXP 	Device response: <KeyPress from None: t=1465.4144473000006, value=space, duration=None>
1465.4273 	DATA 	Keypress: space
1465.4420 	EXP 	polygon: autoDraw = False
1465.4420 	EXP 	polygon_2: autoDraw = False
1465.5624 	EXP 	Device response: <KeyPress from None: t=1465.4144473000006, value=space, duration=0.13235869999971328>
1465.8087 	EXP 	Sound sound_1 reached end of file
1465.8250 	EXP 	Playing sound sound_1 on speaker Speakers (Realtek(R) Audio)
1466.1237 	EXP 	Sound sound_1 stopped
1466.1329 	EXP 	text: autoDraw = True
1466.1329 	EXP 	textbox: autoDraw = True
1467.3260 	DATA 	Keypress: 0
1467.3277 	EXP 	Device response: <KeyPress from None: t=1467.3240785000007, value=0, duration=None>
1467.4435 	EXP 	Device response: <KeyPress from None: t=1467.3240785000007, value=0, duration=0.10837409999930969>
1467.7270 	DATA 	Mouse: Left button down, pos=(961,295)
1467.7284 	EXP 	New trial (rep=24, index=9): <Trial 297 (9 in rep 24) data={'delay': 0.1, 'freq': 1000, 'condition': 'exp', 'thisN': 297, 'thisTrialN': 9, 'thisRepN': 24}>
1467.7421 	EXP 	text: autoDraw = False
1467.7421 	EXP 	textbox: autoDraw = False
1467.7421 	EXP 	polygon: autoDraw = True
1467.8304 	DATA 	Mouse:  Left button up, pos=(961,295)
1468.7420 	INFO 	Keyboard events cleared
1468.7419 	EXP 	polygon: autoDraw = False
1468.7419 	EXP 	polygon_2: autoDraw = True
1469.4423 	EXP 	Device response: <KeyPress from None: t=1469.4321464000004, value=space, duration=None>
1469.4441 	DATA 	Keypress: space
1469.4588 	EXP 	polygon: autoDraw = False
1469.4588 	EXP 	polygon_2: autoDraw = False
1469.5258 	EXP 	Sound sound_1 reached end of file
1469.5421 	EXP 	Playing sound sound_1 on speaker Speakers (Realtek(R) Audio)
1469.5762 	EXP 	Device response: <KeyPress from None: t=1469.4321464000004, value=space, duration=0.13913570000022446>
1469.8411 	EXP 	Sound sound_1 stopped
1469.8498 	EXP 	text: autoDraw = True
1469.8498 	EXP 	textbox: autoDraw = True
1470.6597 	DATA 	Keypress: 1
1470.6612 	EXP 	Device response: <KeyPress from None: t=1470.6588554, value=1, duration=None>
1470.7426 	EXP 	Device response: <KeyPress from None: t=1470.6588554, value=1, duration=0.07697930000085762>
1471.5961 	DATA 	Mouse: Left button down, pos=(914,330)
1471.6099 	EXP 	New trial (rep=24, index=10): <Trial 298 (10 in rep 24) data={'delay': 0.1, 'freq': 400, 'condition': 'unexp', 'thisN': 298, 'thisTrialN': 10, 'thisRepN': 24}>
1471.6255 	EXP 	text: autoDraw = False
1471.6255 	EXP 	textbox: autoDraw = False
1471.6255 	EXP 	polygon: autoDraw = True
1471.6956 	DATA 	Mouse:  Left button up, pos=(914,330)
1472.6254 	INFO 	Keyboard events cleared
1472.6253 	EXP 	polygon: autoDraw = False
1472.6253 	EXP 	polygon_2: autoDraw = True
1472.9427 	EXP 	Device response: <KeyPress from None: t=1472.9336874, value=space, duration=None>
1472.9446 	DATA 	Keypress: space
1472.9590 	EXP 	polygon: autoDraw = False
1472.9590 	EXP 	polygon_2: autoDraw = False
1473.0261 	EXP 	Sound sound_1 reached end of file
1473.0424 	EXP 	Playing sound sound_1 on speaker Speakers (Realtek(R) Audio)
1473.0762 	EXP 	Device response: <KeyPress from None: t=1472.9336874, value=space, duration=0.12864390000049752>
1473.3457 	EXP 	Sound sound_1 stopped
1473.3557 	EXP 	text: autoDraw = True
1473.3557 	EXP 	textbox: autoDraw = True
1473.9677 	DATA 	Keypress: 0
1473.9759 	EXP 	Device response: <KeyPress from None: t=1473.9658378000004, value=0, duration=None>
1474.1273 	EXP 	Device response: <KeyPress from None: t=1473.9658378000004, value=0, duration=0.15897289999975328>
1474.4497 	DATA 	Mouse: Left button down, pos=(914,330)
1474.4613 	EXP 	New trial (rep=24, index=11): <Trial 299 (11 in rep 24) data={'delay': 0.1, 'freq': 1000, 'condition': 'exp', 'thisN': 299, 'thisTrialN': 11, 'thisRepN': 24}>
1474.4755 	EXP 	text: autoDraw = False
1474.4755 	EXP 	textbox: autoDraw = False
1474.4755 	EXP 	polygon: autoDraw = True
1474.5619 	DATA 	Mouse:  Left button up, pos=(914,330)
1475.4754 	INFO 	Keyboard events cleared
1475.4752 	EXP 	polygon: autoDraw = False
1475.4752 	EXP 	polygon_2: autoDraw = True
1475.7926 	EXP 	Device response: <KeyPress from None: t=1475.7854283000006, value=space, duration=None>
1475.7977 	DATA 	Keypress: space
1475.8087 	EXP 	polygon: autoDraw = False
1475.8087 	EXP 	polygon_2: autoDraw = False
1475.8755 	EXP 	Device response: <KeyPress from None: t=1475.7854283000006, value=space, duration=0.0858115999999427>
1475.8931 	EXP 	Sound sound_1 reached end of file
1475.9091 	EXP 	Playing sound sound_1 on speaker Speakers (Realtek(R) Audio)
1476.2037 	EXP 	Sound sound_1 stopped
1476.2135 	EXP 	text: autoDraw = True
1476.2135 	EXP 	textbox: autoDraw = True
1482.3986 	DATA 	Keypress: 0
1482.4099 	EXP 	Device response: <KeyPress from None: t=1482.3950648, value=0, duration=None>
1482.5091 	EXP 	Device response: <KeyPress from None: t=1482.3950648, value=0, duration=0.09949760000017704>
1483.0768 	DATA 	Mouse: Left button down, pos=(914,330)
1483.0780 	EXP 	New trial (rep=25, index=0): <Trial 300 (0 in rep 25) data={'delay': 0.1, 'freq': 1000, 'condition': 'exp', 'thisN': 300, 'thisTrialN': 0, 'thisRepN': 25}>
1483.0921 	EXP 	text: autoDraw = False
1483.0921 	EXP 	textbox: autoDraw = False
1483.0921 	EXP 	polygon: autoDraw = True
1483.1963 	DATA 	Mouse:  Left button up, pos=(914,330)
1484.0920 	INFO 	Keyboard events cleared
1484.0918 	EXP 	polygon: autoDraw = False
1484.0918 	EXP 	polygon_2: autoDraw = True
1484.3757 	EXP 	Device response: <KeyPress from None: t=1484.3652353000007, value=space, duration=None>
1484.3776 	DATA 	Keypress: space
1484.3916 	EXP 	polygon: autoDraw = False
1484.3916 	EXP 	polygon_2: autoDraw = False
1484.4586 	EXP 	Sound sound_1 reached end of file
1484.4749 	EXP 	Playing sound sound_1 on speaker Speakers (Realtek(R) Audio)
1484.5086 	EXP 	Device response: <KeyPress from None: t=1484.3652353000007, value=space, duration=0.13181209999947896>
1484.7714 	EXP 	Sound sound_1 stopped
1484.7829 	EXP 	text: autoDraw = True
1484.7829 	EXP 	textbox: autoDraw = True
1485.9259 	DATA 	Keypress: 2
1485.9278 	EXP 	Device response: <KeyPress from None: t=1485.9240688, value=2, duration=None>
1486.0104 	EXP 	Device response: <KeyPress from None: t=1485.9240688, value=2, duration=0.08236510000006092>
1486.3933 	DATA 	Mouse: Left button down, pos=(914,330)
1486.3948 	EXP 	New trial (rep=25, index=1): <Trial 301 (1 in rep 25) data={'delay': 0.7, 'freq': 1000, 'condition': 'exp', 'thisN': 301, 'thisTrialN': 1, 'thisRepN': 25}>
1486.4085 	EXP 	text: autoDraw = False
1486.4085 	EXP 	textbox: autoDraw = False
1486.4085 	EXP 	polygon: autoDraw = True
1486.4608 	DATA 	Mouse:  Left button up, pos=(914,330)
1487.4084 	INFO 	Keyboard events cleared
1487.4083 	EXP 	polygon: autoDraw = False
1487.4083 	EXP 	polygon_2: autoDraw = True
1487.6924 	EXP 	Device response: <KeyPress from None: t=1487.6826411000002, value=space, duration=None>
1487.6947 	DATA 	Keypress: space
1487.7083 	EXP 	polygon: autoDraw = False
1487.7083 	EXP 	polygon_2: autoDraw = False
1487.8096 	EXP 	Device response: <KeyPress from None: t=1487.6826411000002, value=space, duration=0.11242780000065977>
1488.3755 	EXP 	Sound sound_1 reached end of file
1488.3916 	EXP 	Playing sound sound_1 on speaker Speakers (Realtek(R) Audio)
1488.6926 	EXP 	Sound sound_1 stopped
1488.7022 	EXP 	text: autoDraw = True
1488.7022 	EXP 	textbox: autoDraw = True
1489.5090 	DATA 	Keypress: 3
1489.5107 	EXP 	Device response: <KeyPress from None: t=1489.5067746000004, value=3, duration=None>
1489.6259 	EXP 	Device response: <KeyPress from None: t=1489.5067746000004, value=3, duration=0.1051422000000457>
1490.3308 	DATA 	Mouse: Left button down, pos=(914,330)
1490.3441 	EXP 	New trial (rep=25, index=2): <Trial 302 (2 in rep 25) data={'delay': 0.7, 'freq': 400, 'condition': 'unexp', 'thisN': 302, 'thisTrialN': 2, 'thisRepN': 25}>
1490.3587 	EXP 	text: autoDraw = False
1490.3587 	EXP 	textbox: autoDraw = False
1490.3587 	EXP 	polygon: autoDraw = True
1490.4804 	DATA 	Mouse:  Left button up, pos=(914,330)
1491.3586 	INFO 	Keyboard events cleared
1491.3584 	EXP 	polygon: autoDraw = False
1491.3584 	EXP 	polygon_2: autoDraw = True
1491.9939 	DATA 	Keypress: space
1492.0088 	EXP 	Device response: <KeyPress from None: t=1491.9929365000007, value=space, duration=None>
1492.0250 	EXP 	polygon: autoDraw = False
1492.0250 	EXP 	polygon_2: autoDraw = False
1492.1253 	EXP 	Device response: <KeyPress from None: t=1491.9929365000007, value=space, duration=0.12553349999961938>
1492.6925 	EXP 	Sound sound_1 reached end of file
1492.7086 	EXP 	Playing sound sound_1 on speaker Speakers (Realtek(R) Audio)
1493.0030 	EXP 	Sound sound_1 stopped
1493.0129 	EXP 	text: autoDraw = True
1493.0129 	EXP 	textbox: autoDraw = True
1494.5829 	DATA 	Keypress: 0
1494.5925 	EXP 	Device response: <KeyPress from None: t=1494.5820072000006, value=0, duration=None>
1494.6922 	EXP 	Device response: <KeyPress from None: t=1494.5820072000006, value=0, duration=0.09902299999976094>
1495.0095 	DATA 	Mouse: Left button down, pos=(914,330)
1495.0116 	EXP 	New trial (rep=25, index=3): <Trial 303 (3 in rep 25) data={'delay': 0.1, 'freq': 1000, 'condition': 'exp', 'thisN': 303, 'thisTrialN': 3, 'thisRepN': 25}>
1495.0251 	EXP 	text: autoDraw = False
1495.0251 	EXP 	textbox: autoDraw = False
1495.0251 	EXP 	polygon: autoDraw = True
1495.1149 	DATA 	Mouse:  Left button up, pos=(914,330)
1496.0248 	INFO 	Keyboard events cleared
1496.0247 	EXP 	polygon: autoDraw = False
1496.0247 	EXP 	polygon_2: autoDraw = True
1496.2924 	EXP 	Device response: <KeyPress from None: t=1496.2801593000004, value=space, duration=None>
1496.2946 	DATA 	Keypress: space
1496.3086 	EXP 	polygon: autoDraw = False
1496.3086 	EXP 	polygon_2: autoDraw = False
1496.3923 	EXP 	Sound sound_1 reached end of file
1496.4084 	EXP 	Playing sound sound_1 on speaker Speakers (Realtek(R) Audio)
1496.4098 	EXP 	Device response: <KeyPress from None: t=1496.2801593000004, value=space, duration=0.12842519999958313>
1496.7062 	EXP 	Sound sound_1 stopped
1496.7159 	EXP 	text: autoDraw = True
1496.7159 	EXP 	textbox: autoDraw = True
1497.8590 	DATA 	Keypress: 2
1497.8608 	EXP 	Device response: <KeyPress from None: t=1497.8534905000006, value=2, duration=None>
1497.9596 	EXP 	Device response: <KeyPress from None: t=1497.8534905000006, value=2, duration=0.08975869999994757>
1498.7092 	DATA 	Keypress: backspace
1498.7108 	EXP 	Device response: <KeyPress from None: t=1498.7014436, value=backspace, duration=None>
1498.8107 	EXP 	Device response: <KeyPress from None: t=1498.7014436, value=backspace, duration=0.10631210000065039>
1499.1924 	DATA 	Keypress: 1
1499.1938 	EXP 	Device response: <KeyPress from None: t=1499.1912734000007, value=1, duration=None>
1499.3108 	EXP 	Device response: <KeyPress from None: t=1499.1912734000007, value=1, duration=0.10905629999979283>
1499.7168 	DATA 	Mouse: Left button down, pos=(914,330)
1499.7264 	EXP 	New trial (rep=25, index=4): <Trial 304 (4 in rep 25) data={'delay': 0.1, 'freq': 400, 'condition': 'unexp', 'thisN': 304, 'thisTrialN': 4, 'thisRepN': 25}>
1499.7420 	EXP 	text: autoDraw = False
1499.7420 	EXP 	textbox: autoDraw = False
1499.7420 	EXP 	polygon: autoDraw = True
1499.8134 	DATA 	Mouse:  Left button up, pos=(914,330)
1500.7417 	INFO 	Keyboard events cleared
1500.7415 	EXP 	polygon: autoDraw = False
1500.7415 	EXP 	polygon_2: autoDraw = True
1500.9259 	EXP 	Device response: <KeyPress from None: t=1500.9256819000002, value=space, duration=None>
1500.9270 	DATA 	Keypress: space
1500.9591 	EXP 	polygon: autoDraw = False
1500.9591 	EXP 	polygon_2: autoDraw = False
1501.0251 	EXP 	Sound sound_1 reached end of file
1501.0415 	EXP 	Playing sound sound_1 on speaker Speakers (Realtek(R) Audio)
1501.0253 	EXP 	Device response: <KeyPress from None: t=1500.9256819000002, value=space, duration=0.09789980000005016>
1501.3426 	EXP 	Sound sound_1 stopped
1501.3528 	EXP 	text: autoDraw = True
1501.3528 	EXP 	textbox: autoDraw = True
1501.9291 	DATA 	Keypress: 0
1501.9349 	EXP 	Device response: <KeyPress from None: t=1501.9248328000003, value=0, duration=None>
1502.0594 	EXP 	Device response: <KeyPress from None: t=1501.9248328000003, value=0, duration=0.12613210000017716>
1502.3932 	DATA 	Mouse: Left button down, pos=(981,934)
1502.4772 	DATA 	Mouse:  Left button up, pos=(981,934)
1503.4429 	DATA 	Mouse: Left button down, pos=(969,212)
1503.4443 	EXP 	New trial (rep=25, index=5): <Trial 305 (5 in rep 25) data={'delay': 0.7, 'freq': 1000, 'condition': 'exp', 'thisN': 305, 'thisTrialN': 5, 'thisRepN': 25}>
1503.4584 	EXP 	text: autoDraw = False
1503.4584 	EXP 	textbox: autoDraw = False
1503.4584 	EXP 	polygon: autoDraw = True
1503.5458 	DATA 	Mouse:  Left button up, pos=(969,212)
1504.4581 	INFO 	Keyboard events cleared
1504.4579 	EXP 	polygon: autoDraw = False
1504.4579 	EXP 	polygon_2: autoDraw = True
1504.7248 	EXP 	Device response: <KeyPress from None: t=1504.7153039000004, value=space, duration=None>
1504.7264 	DATA 	Keypress: space
1504.7411 	EXP 	polygon: autoDraw = False
1504.7411 	EXP 	polygon_2: autoDraw = False
1504.8581 	EXP 	Device response: <KeyPress from None: t=1504.7153039000004, value=space, duration=0.12852529999963735>
1505.4085 	EXP 	Sound sound_1 reached end of file
1505.4247 	EXP 	Playing sound sound_1 on speaker Speakers (Realtek(R) Audio)
1505.7222 	EXP 	Sound sound_1 stopped
1505.7327 	EXP 	text: autoDraw = True
1505.7327 	EXP 	textbox: autoDraw = True
1506.5585 	DATA 	Keypress: 4
1506.5591 	EXP 	Device response: <KeyPress from None: t=1506.5572724000003, value=4, duration=None>
1506.6590 	EXP 	Device response: <KeyPress from None: t=1506.5572724000003, value=4, duration=0.0888903000004575>
1507.0419 	DATA 	Mouse: Left button down, pos=(969,212)
1507.0424 	EXP 	New trial (rep=25, index=6): <Trial 306 (6 in rep 25) data={'delay': 0.4, 'freq': 1000, 'condition': 'exp', 'thisN': 306, 'thisTrialN': 6, 'thisRepN': 25}>
1507.0578 	EXP 	text: autoDraw = False
1507.0578 	EXP 	textbox: autoDraw = False
1507.0578 	EXP 	polygon: autoDraw = True
1507.0941 	DATA 	Mouse:  Left button up, pos=(969,212)
1508.0581 	INFO 	Keyboard events cleared
1508.0579 	EXP 	polygon: autoDraw = False
1508.0579 	EXP 	polygon_2: autoDraw = True
1508.3919 	EXP 	Device response: <KeyPress from None: t=1508.3763314000007, value=space, duration=None>
1508.3932 	DATA 	Keypress: space
1508.4081 	EXP 	polygon: autoDraw = False
1508.4081 	EXP 	polygon_2: autoDraw = False
1508.4915 	EXP 	Device response: <KeyPress from None: t=1508.3763314000007, value=space, duration=0.10951769999974204>
1508.7913 	EXP 	Sound sound_1 reached end of file
1508.8077 	EXP 	Playing sound sound_1 on speaker Speakers (Realtek(R) Audio)
1509.1012 	EXP 	Sound sound_1 stopped
1509.1079 	EXP 	text: autoDraw = True
1509.1079 	EXP 	textbox: autoDraw = True
1511.9590 	DATA 	Keypress: 3
1511.9607 	EXP 	Device response: <KeyPress from None: t=1511.9546060000002, value=3, duration=None>
1512.0429 	EXP 	Device response: <KeyPress from None: t=1511.9546060000002, value=3, duration=0.08547580000049493>
1512.7919 	DATA 	Mouse: Left button down, pos=(931,295)
1512.7926 	EXP 	New trial (rep=25, index=7): <Trial 307 (7 in rep 25) data={'delay': 0.1, 'freq': 1000, 'condition': 'exp', 'thisN': 307, 'thisTrialN': 7, 'thisRepN': 25}>
1512.8089 	EXP 	text: autoDraw = False
1512.8089 	EXP 	textbox: autoDraw = False
1512.8089 	EXP 	polygon: autoDraw = True
1512.8774 	DATA 	Mouse:  Left button up, pos=(931,295)
1513.8081 	INFO 	Keyboard events cleared
1513.8079 	EXP 	polygon_2: autoDraw = True
1513.8248 	EXP 	polygon: autoDraw = False
1514.2615 	DATA 	Keypress: space
1514.2751 	EXP 	Device response: <KeyPress from None: t=1514.2603586000005, value=space, duration=None>
1514.2914 	EXP 	polygon: autoDraw = False
1514.2914 	EXP 	polygon_2: autoDraw = False
1514.3587 	EXP 	Sound sound_1 reached end of file
1514.3749 	EXP 	Playing sound sound_1 on speaker Speakers (Realtek(R) Audio)
1514.4254 	EXP 	Device response: <KeyPress from None: t=1514.2603586000005, value=space, duration=0.1515681000000768>
1514.6752 	EXP 	Sound sound_1 stopped
1514.6857 	EXP 	text: autoDraw = True
1514.6857 	EXP 	textbox: autoDraw = True
1516.5258 	DATA 	Keypress: 2
1516.5287 	EXP 	Device response: <KeyPress from None: t=1516.5217870000006, value=2, duration=None>
1516.5933 	EXP 	Device response: <KeyPress from None: t=1516.5217870000006, value=2, duration=0.06301799999982904>
1517.0436 	DATA 	Mouse: Left button down, pos=(931,295)
1517.0447 	EXP 	New trial (rep=25, index=8): <Trial 308 (8 in rep 25) data={'delay': 0.4, 'freq': 1000, 'condition': 'exp', 'thisN': 308, 'thisTrialN': 8, 'thisRepN': 25}>
1517.0583 	EXP 	text: autoDraw = False
1517.0583 	EXP 	textbox: autoDraw = False
1517.0583 	EXP 	polygon: autoDraw = True
1517.1301 	DATA 	Mouse:  Left button up, pos=(931,295)
1518.0585 	INFO 	Keyboard events cleared
1518.0583 	EXP 	polygon: autoDraw = False
1518.0583 	EXP 	polygon_2: autoDraw = True
1518.4584 	EXP 	Device response: <KeyPress from None: t=1518.4570741000007, value=space, duration=None>
1518.4603 	DATA 	Keypress: space
1518.4749 	EXP 	polygon: autoDraw = False
1518.4749 	EXP 	polygon_2: autoDraw = False
1518.6255 	EXP 	Device response: <KeyPress from None: t=1518.4570741000007, value=space, duration=0.15460589999929653>
1518.8420 	EXP 	Sound sound_1 reached end of file
1518.8581 	EXP 	Playing sound sound_1 on speaker Speakers (Realtek(R) Audio)
1519.1557 	EXP 	Sound sound_1 stopped
1519.1680 	EXP 	text: autoDraw = True
1519.1680 	EXP 	textbox: autoDraw = True
1520.3140 	DATA 	Keypress: 2
1520.3256 	EXP 	Device response: <KeyPress from None: t=1520.3105968, value=2, duration=None>
1520.3923 	EXP 	Device response: <KeyPress from None: t=1520.3105968, value=2, duration=0.07314710000082414>
1520.7973 	DATA 	Mouse: Left button down, pos=(931,295)
1520.8104 	EXP 	New trial (rep=25, index=9): <Trial 309 (9 in rep 25) data={'delay': 0.4, 'freq': 400, 'condition': 'unexp', 'thisN': 309, 'thisTrialN': 9, 'thisRepN': 25}>
1520.8249 	EXP 	text: autoDraw = False
1520.8249 	EXP 	textbox: autoDraw = False
1520.8249 	EXP 	polygon: autoDraw = True
1520.8788 	DATA 	Mouse:  Left button up, pos=(931,295)
1521.8248 	INFO 	Keyboard events cleared
1521.8246 	EXP 	polygon: autoDraw = False
1521.8246 	EXP 	polygon_2: autoDraw = True
1522.2252 	EXP 	Device response: <KeyPress from None: t=1522.2214777000008, value=space, duration=None>
1522.2270 	DATA 	Keypress: space
1522.2416 	EXP 	polygon: autoDraw = False
1522.2416 	EXP 	polygon_2: autoDraw = False
1522.3585 	EXP 	Device response: <KeyPress from None: t=1522.2214777000008, value=space, duration=0.13547309999921708>
1522.6090 	EXP 	Sound sound_1 reached end of file
1522.6249 	EXP 	Playing sound sound_1 on speaker Speakers (Realtek(R) Audio)
1522.9208 	EXP 	Sound sound_1 stopped
1522.9331 	EXP 	text: autoDraw = True
1522.9331 	EXP 	textbox: autoDraw = True
1523.6330 	DATA 	Keypress: 0
1523.6422 	EXP 	Device response: <KeyPress from None: t=1523.6318043, value=0, duration=None>
1523.7421 	EXP 	Device response: <KeyPress from None: t=1523.6318043, value=0, duration=0.09612440000000788>
1524.1969 	DATA 	Mouse: Left button down, pos=(931,295)
1524.2101 	EXP 	New trial (rep=25, index=10): <Trial 310 (10 in rep 25) data={'delay': 0.7, 'freq': 1000, 'condition': 'exp', 'thisN': 310, 'thisTrialN': 10, 'thisRepN': 25}>
1524.2246 	EXP 	text: autoDraw = False
1524.2246 	EXP 	textbox: autoDraw = False
1524.2246 	EXP 	polygon: autoDraw = True
1524.2954 	DATA 	Mouse:  Left button up, pos=(931,295)
1525.2246 	INFO 	Keyboard events cleared
1525.2245 	EXP 	polygon: autoDraw = False
1525.2245 	EXP 	polygon_2: autoDraw = True
1525.6420 	EXP 	Device response: <KeyPress from None: t=1525.6289411000007, value=space, duration=None>
1525.6440 	DATA 	Keypress: space
1525.6581 	EXP 	polygon: autoDraw = False
1525.6581 	EXP 	polygon_2: autoDraw = False
1525.7751 	EXP 	Device response: <KeyPress from None: t=1525.6289411000007, value=space, duration=0.14501609999933862>
1526.3423 	EXP 	Sound sound_1 reached end of file
1526.3584 	EXP 	Playing sound sound_1 on speaker Speakers (Realtek(R) Audio)
1526.6548 	EXP 	Sound sound_1 stopped
1526.6646 	EXP 	text: autoDraw = True
1526.6646 	EXP 	textbox: autoDraw = True
1528.1586 	DATA 	Keypress: 3
1528.1605 	EXP 	Device response: <KeyPress from None: t=1528.1532547000006, value=3, duration=None>
1528.2256 	EXP 	Device response: <KeyPress from None: t=1528.1532547000006, value=3, duration=0.06001829999968322>
1528.6598 	DATA 	Mouse: Left button down, pos=(931,295)
1528.6610 	EXP 	New trial (rep=25, index=11): <Trial 311 (11 in rep 25) data={'delay': 0.4, 'freq': 1000, 'condition': 'exp', 'thisN': 311, 'thisTrialN': 11, 'thisRepN': 25}>
1528.6747 	EXP 	text: autoDraw = False
1528.6747 	EXP 	textbox: autoDraw = False
1528.6747 	EXP 	polygon: autoDraw = True
1528.7637 	DATA 	Mouse:  Left button up, pos=(931,295)
1529.6747 	INFO 	Keyboard events cleared
1529.6745 	EXP 	polygon: autoDraw = False
1529.6745 	EXP 	polygon_2: autoDraw = True
1530.3427 	EXP 	Device response: <KeyPress from None: t=1530.3300784000003, value=space, duration=None>
1530.3445 	DATA 	Keypress: space
1530.3577 	EXP 	polygon: autoDraw = False
1530.3577 	EXP 	polygon_2: autoDraw = False
1530.4747 	EXP 	Device response: <KeyPress from None: t=1530.3300784000003, value=space, duration=0.13899860000037734>
1530.7417 	EXP 	Sound sound_1 reached end of file
1530.7579 	EXP 	Playing sound sound_1 on speaker Speakers (Realtek(R) Audio)
1531.0520 	EXP 	Sound sound_1 stopped
1531.0612 	EXP 	text: autoDraw = True
1531.0612 	EXP 	textbox: autoDraw = True
1532.6987 	DATA 	Keypress: 2
1532.7089 	EXP 	Device response: <KeyPress from None: t=1532.6925650000003, value=2, duration=None>
1532.7946 	EXP 	Device response: <KeyPress from None: t=1532.6925650000003, value=2, duration=0.09625390000019252>
1533.2259 	DATA 	Mouse: Left button down, pos=(931,295)
1533.2270 	EXP 	New trial (rep=26, index=0): <Trial 312 (0 in rep 26) data={'delay': 0.4, 'freq': 1000, 'condition': 'exp', 'thisN': 312, 'thisTrialN': 0, 'thisRepN': 26}>
1533.2411 	EXP 	text: autoDraw = False
1533.2411 	EXP 	textbox: autoDraw = False
1533.2411 	EXP 	polygon: autoDraw = True
1533.3441 	DATA 	Mouse:  Left button up, pos=(931,295)
1534.2413 	INFO 	Keyboard events cleared
1534.2411 	EXP 	polygon: autoDraw = False
1534.2411 	EXP 	polygon_2: autoDraw = True
1534.6454 	DATA 	Keypress: space
1534.6586 	EXP 	Device response: <KeyPress from None: t=1534.6443302000007, value=space, duration=None>
1534.6745 	EXP 	polygon: autoDraw = False
1534.6745 	EXP 	polygon_2: autoDraw = False
1534.7914 	EXP 	Device response: <KeyPress from None: t=1534.6443302000007, value=space, duration=0.13158459999976913>
1535.0579 	EXP 	Sound sound_1 reached end of file
1535.0741 	EXP 	Playing sound sound_1 on speaker Speakers (Realtek(R) Audio)
1535.3730 	EXP 	Sound sound_1 stopped
1535.3837 	EXP 	text: autoDraw = True
1535.3837 	EXP 	textbox: autoDraw = True
1536.9803 	DATA 	Keypress: 2
1536.9921 	EXP 	Device response: <KeyPress from None: t=1536.979029, value=2, duration=None>
1537.0945 	EXP 	Device response: <KeyPress from None: t=1536.979029, value=2, duration=0.1095872000005329>
1537.4663 	DATA 	Mouse: Left button down, pos=(931,295)
1537.4769 	EXP 	New trial (rep=26, index=1): <Trial 313 (1 in rep 26) data={'delay': 0.1, 'freq': 1000, 'condition': 'exp', 'thisN': 313, 'thisTrialN': 1, 'thisRepN': 26}>
1537.4909 	EXP 	text: autoDraw = False
1537.4909 	EXP 	textbox: autoDraw = False
1537.4909 	EXP 	polygon: autoDraw = True
1537.5605 	DATA 	Mouse:  Left button up, pos=(931,295)
1538.4908 	INFO 	Keyboard events cleared
1538.4907 	EXP 	polygon: autoDraw = False
1538.4907 	EXP 	polygon_2: autoDraw = True
1538.8749 	EXP 	Device response: <KeyPress from None: t=1538.8676337000006, value=space, duration=None>
1538.8767 	DATA 	Keypress: space
1538.8914 	EXP 	polygon: autoDraw = False
1538.8914 	EXP 	polygon_2: autoDraw = False
1538.9581 	EXP 	Sound sound_1 reached end of file
1538.9745 	EXP 	Playing sound sound_1 on speaker Speakers (Realtek(R) Audio)
1538.9923 	EXP 	Device response: <KeyPress from None: t=1538.8676337000006, value=space, duration=0.1161842000001343>
1539.2718 	EXP 	Sound sound_1 stopped
1539.2809 	EXP 	text: autoDraw = True
1539.2809 	EXP 	textbox: autoDraw = True
1540.2818 	DATA 	Keypress: 2
1540.2919 	EXP 	Device response: <KeyPress from None: t=1540.2801530000006, value=2, duration=None>
1540.3921 	EXP 	Device response: <KeyPress from None: t=1540.2801530000006, value=2, duration=0.09937339999942196>
1541.5298 	DATA 	Mouse: Left button down, pos=(931,295)
1541.5421 	EXP 	New trial (rep=26, index=2): <Trial 314 (2 in rep 26) data={'delay': 0.7, 'freq': 400, 'condition': 'unexp', 'thisN': 314, 'thisTrialN': 2, 'thisRepN': 26}>
1541.5612 	EXP 	text: autoDraw = False
1541.5612 	EXP 	textbox: autoDraw = False
1541.5612 	EXP 	polygon: autoDraw = True
1541.6100 	DATA 	Mouse:  Left button up, pos=(931,295)
1542.5413 	INFO 	Keyboard events cleared
1542.5411 	EXP 	polygon_2: autoDraw = True
1542.5743 	EXP 	polygon: autoDraw = False
1542.7922 	EXP 	Device response: <KeyPress from None: t=1542.7820923000008, value=space, duration=None>
1542.7946 	DATA 	Keypress: space
1542.8079 	EXP 	polygon: autoDraw = False
1542.8079 	EXP 	polygon_2: autoDraw = False
1542.8753 	EXP 	Device response: <KeyPress from None: t=1542.7820923000008, value=space, duration=0.08900909999920259>
1543.4919 	EXP 	Sound sound_1 reached end of file
1543.5077 	EXP 	Playing sound sound_1 on speaker Speakers (Realtek(R) Audio)
1543.8061 	EXP 	Sound sound_1 stopped
1543.8174 	EXP 	text: autoDraw = True
1543.8174 	EXP 	textbox: autoDraw = True
1544.2580 	DATA 	Keypress: 9
1544.2597 	EXP 	Device response: <KeyPress from None: t=1544.2557217000003, value=9, duration=None>
1544.3414 	EXP 	Device response: <KeyPress from None: t=1544.2557217000003, value=9, duration=0.06955639999978303>
1544.9589 	DATA 	Keypress: backspace
1544.9605 	EXP 	Device response: <KeyPress from None: t=1544.9556071000006, value=backspace, duration=None>
1545.0764 	EXP 	Device response: <KeyPress from None: t=1544.9556071000006, value=backspace, duration=0.11821150000014313>
1545.2163 	DATA 	Keypress: 0
1545.2253 	EXP 	Device response: <KeyPress from None: t=1545.2157563, value=0, duration=None>
1545.2916 	EXP 	Device response: <KeyPress from None: t=1545.2157563, value=0, duration=0.06301710000025196>
1547.5146 	DATA 	Mouse: Left button down, pos=(931,287)
1547.5258 	EXP 	New trial (rep=26, index=3): <Trial 315 (3 in rep 26) data={'delay': 0.1, 'freq': 1000, 'condition': 'exp', 'thisN': 315, 'thisTrialN': 3, 'thisRepN': 26}>
1547.5413 	EXP 	text: autoDraw = False
1547.5413 	EXP 	textbox: autoDraw = False
1547.5413 	EXP 	polygon: autoDraw = True
1547.6289 	DATA 	Mouse:  Left button up, pos=(931,287)
1548.2612 	DATA 	Mouse: Left button down, pos=(931,287)
1548.5412 	INFO 	Keyboard events cleared
1548.5411 	EXP 	polygon: autoDraw = False
1548.5411 	EXP 	polygon_2: autoDraw = True
1549.0084 	EXP 	Device response: <KeyPress from None: t=1549.0000713, value=space, duration=None>
1549.0108 	DATA 	Keypress: space
1549.0247 	EXP 	polygon: autoDraw = False
1549.0247 	EXP 	polygon_2: autoDraw = False
1549.0917 	EXP 	Sound sound_1 reached end of file
1549.1078 	EXP 	Playing sound sound_1 on speaker Speakers (Realtek(R) Audio)
1549.1422 	EXP 	Device response: <KeyPress from None: t=1549.0000713, value=space, duration=0.1327489000004789>
1549.1948 	DATA 	Mouse:  Left button up, pos=(1170,259)
1549.4057 	EXP 	Sound sound_1 stopped
1549.4159 	EXP 	text: autoDraw = True
1549.4159 	EXP 	textbox: autoDraw = True
1550.4174 	DATA 	Keypress: 2
1550.4254 	EXP 	Device response: <KeyPress from None: t=1550.4160726, value=2, duration=None>
1550.5250 	EXP 	Device response: <KeyPress from None: t=1550.4160726, value=2, duration=0.09590520000074321>
1551.2423 	DATA 	Mouse: Left button down, pos=(969,247)
1551.2438 	EXP 	New trial (rep=26, index=4): <Trial 316 (4 in rep 26) data={'delay': 0.4, 'freq': 400, 'condition': 'unexp', 'thisN': 316, 'thisTrialN': 4, 'thisRepN': 26}>
1551.2578 	EXP 	text: autoDraw = False
1551.2578 	EXP 	textbox: autoDraw = False
1551.2578 	EXP 	polygon: autoDraw = True
1551.3461 	DATA 	Mouse:  Left button up, pos=(969,247)
1552.2575 	INFO 	Keyboard events cleared
1552.2574 	EXP 	polygon: autoDraw = False
1552.2574 	EXP 	polygon_2: autoDraw = True
1552.5748 	EXP 	Device response: <KeyPress from None: t=1552.5610762000006, value=space, duration=None>
1552.5767 	DATA 	Keypress: space
1552.5912 	EXP 	polygon: autoDraw = False
1552.5912 	EXP 	polygon_2: autoDraw = False
1552.6776 	EXP 	Device response: <KeyPress from None: t=1552.5610762000006, value=space, duration=0.10227740000027552>
1552.9585 	EXP 	Sound sound_1 reached end of file
1552.9748 	EXP 	Playing sound sound_1 on speaker Speakers (Realtek(R) Audio)
1553.2739 	EXP 	Sound sound_1 stopped
1553.2830 	EXP 	text: autoDraw = True
1553.2830 	EXP 	textbox: autoDraw = True
1554.1312 	DATA 	Keypress: 0
1554.1419 	EXP 	Device response: <KeyPress from None: t=1554.1260857000007, value=0, duration=None>
1554.3081 	EXP 	Device response: <KeyPress from None: t=1554.1260857000007, value=0, duration=0.17126319999988482>
1554.8640 	DATA 	Mouse: Left button down, pos=(967,245)
1554.8759 	EXP 	New trial (rep=26, index=5): <Trial 317 (5 in rep 26) data={'delay': 0.7, 'freq': 1000, 'condition': 'exp', 'thisN': 317, 'thisTrialN': 5, 'thisRepN': 26}>
1554.8909 	EXP 	text: autoDraw = False
1554.8909 	EXP 	textbox: autoDraw = False
1554.8909 	EXP 	polygon: autoDraw = True
1554.9802 	DATA 	Mouse:  Left button up, pos=(967,245)
1555.8913 	INFO 	Keyboard events cleared
1555.8909 	EXP 	polygon: autoDraw = False
1555.8909 	EXP 	polygon_2: autoDraw = True
1556.2923 	EXP 	Device response: <KeyPress from None: t=1556.2820517, value=space, duration=None>
1556.2942 	DATA 	Keypress: space
1556.3073 	EXP 	polygon: autoDraw = False
1556.3073 	EXP 	polygon_2: autoDraw = False
1556.3917 	EXP 	Device response: <KeyPress from None: t=1556.2820517, value=space, duration=0.10278220000054716>
1556.9919 	EXP 	Sound sound_1 reached end of file
1557.0079 	EXP 	Playing sound sound_1 on speaker Speakers (Realtek(R) Audio)
1557.3031 	EXP 	Sound sound_1 stopped
1557.3134 	EXP 	text: autoDraw = True
1557.3134 	EXP 	textbox: autoDraw = True
1557.9922 	DATA 	Keypress: 4
1557.9948 	EXP 	Device response: <KeyPress from None: t=1557.9854645000005, value=4, duration=None>
1558.1107 	EXP 	Device response: <KeyPress from None: t=1557.9854645000005, value=4, duration=0.11926109999967593>
1558.5771 	DATA 	Mouse: Left button down, pos=(967,245)
1558.5782 	EXP 	New trial (rep=26, index=6): <Trial 318 (6 in rep 26) data={'delay': 0.1, 'freq': 1000, 'condition': 'exp', 'thisN': 318, 'thisTrialN': 6, 'thisRepN': 26}>
1558.5906 	EXP 	text: autoDraw = False
1558.5906 	EXP 	textbox: autoDraw = False
1558.5906 	EXP 	polygon: autoDraw = True
1558.6598 	DATA 	Mouse:  Left button up, pos=(967,245)
1559.5917 	INFO 	Keyboard events cleared
1559.5915 	EXP 	polygon: autoDraw = False
1559.5915 	EXP 	polygon_2: autoDraw = True
1559.9583 	EXP 	Device response: <KeyPress from None: t=1559.9536435, value=space, duration=None>
1559.9642 	DATA 	Keypress: space
1559.9745 	EXP 	polygon: autoDraw = False
1559.9745 	EXP 	polygon_2: autoDraw = False
1560.0420 	EXP 	Sound sound_1 reached end of file
1560.0579 	EXP 	Playing sound sound_1 on speaker Speakers (Realtek(R) Audio)
1560.0914 	EXP 	Device response: <KeyPress from None: t=1559.9536435, value=space, duration=0.1223933000001125>
1560.3524 	EXP 	Sound sound_1 stopped
1560.3631 	EXP 	text: autoDraw = True
1560.3631 	EXP 	textbox: autoDraw = True
1561.1745 	DATA 	Keypress: 2
1561.1758 	EXP 	Device response: <KeyPress from None: t=1561.1667895, value=2, duration=None>
1561.2750 	EXP 	Device response: <KeyPress from None: t=1561.1667895, value=2, duration=0.09634069999992789>
1561.7301 	DATA 	Mouse: Left button down, pos=(967,245)
1561.7425 	EXP 	New trial (rep=26, index=7): <Trial 319 (7 in rep 26) data={'delay': 0.4, 'freq': 1000, 'condition': 'exp', 'thisN': 319, 'thisTrialN': 7, 'thisRepN': 26}>
1561.7578 	EXP 	text: autoDraw = False
1561.7578 	EXP 	textbox: autoDraw = False
1561.7578 	EXP 	polygon: autoDraw = True
1561.8292 	DATA 	Mouse:  Left button up, pos=(967,245)
1562.7578 	INFO 	Keyboard events cleared
1562.7577 	EXP 	polygon: autoDraw = False
1562.7577 	EXP 	polygon_2: autoDraw = True
1563.1247 	EXP 	Device response: <KeyPress from None: t=1563.1161642000006, value=space, duration=None>
1563.1268 	DATA 	Keypress: space
1563.1410 	EXP 	polygon: autoDraw = False
1563.1410 	EXP 	polygon_2: autoDraw = False
1563.2082 	EXP 	Device response: <KeyPress from None: t=1563.1161642000006, value=space, duration=0.08285299999988638>
1563.5077 	EXP 	Sound sound_1 reached end of file
1563.5240 	EXP 	Playing sound sound_1 on speaker Speakers (Realtek(R) Audio)
1563.8225 	EXP 	Sound sound_1 stopped
1563.8315 	EXP 	text: autoDraw = True
1563.8315 	EXP 	textbox: autoDraw = True
1564.6417 	DATA 	Keypress: 3
1564.6439 	EXP 	Device response: <KeyPress from None: t=1564.6407750000008, value=3, duration=None>
1564.7769 	EXP 	Device response: <KeyPress from None: t=1564.6407750000008, value=3, duration=0.1311147999995228>
1565.1959 	DATA 	Mouse: Left button down, pos=(967,245)
1565.2088 	EXP 	New trial (rep=26, index=8): <Trial 320 (8 in rep 26) data={'delay': 0.4, 'freq': 1000, 'condition': 'exp', 'thisN': 320, 'thisTrialN': 8, 'thisRepN': 26}>
1565.2244 	EXP 	text: autoDraw = False
1565.2244 	EXP 	textbox: autoDraw = False
1565.2244 	EXP 	polygon: autoDraw = True
1565.2951 	DATA 	Mouse:  Left button up, pos=(967,245)
1566.2238 	INFO 	Keyboard events cleared
1566.2237 	EXP 	polygon: autoDraw = False
1566.2237 	EXP 	polygon_2: autoDraw = True
1566.6241 	EXP 	Device response: <KeyPress from None: t=1566.6113848000005, value=space, duration=None>
1566.6260 	DATA 	Keypress: space
1566.6406 	EXP 	polygon: autoDraw = False
1566.6406 	EXP 	polygon_2: autoDraw = False
1566.7240 	EXP 	Device response: <KeyPress from None: t=1566.6113848000005, value=space, duration=0.09613369999988208>
1567.0072 	EXP 	Sound sound_1 reached end of file
1567.0236 	EXP 	Playing sound sound_1 on speaker Speakers (Realtek(R) Audio)
1567.3247 	EXP 	Sound sound_1 stopped
1567.3346 	EXP 	text: autoDraw = True
1567.3346 	EXP 	textbox: autoDraw = True
1568.3152 	DATA 	Keypress: 2
1568.3249 	EXP 	Device response: <KeyPress from None: t=1568.3141734, value=2, duration=None>
1568.4260 	EXP 	Device response: <KeyPress from None: t=1568.3141734, value=2, duration=0.10626150000007328>
1568.8268 	DATA 	Mouse: Left button down, pos=(967,245)
1568.8280 	EXP 	New trial (rep=26, index=9): <Trial 321 (9 in rep 26) data={'delay': 0.7, 'freq': 1000, 'condition': 'exp', 'thisN': 321, 'thisTrialN': 9, 'thisRepN': 26}>
1568.8407 	EXP 	text: autoDraw = False
1568.8407 	EXP 	textbox: autoDraw = False
1568.8407 	EXP 	polygon: autoDraw = True
1568.9096 	DATA 	Mouse:  Left button up, pos=(967,245)
1569.8410 	INFO 	Keyboard events cleared
1569.8408 	EXP 	polygon: autoDraw = False
1569.8408 	EXP 	polygon_2: autoDraw = True
1570.1407 	EXP 	Device response: <KeyPress from None: t=1570.1376710000004, value=space, duration=None>
1570.1427 	DATA 	Keypress: space
1570.1572 	EXP 	polygon: autoDraw = False
1570.1572 	EXP 	polygon_2: autoDraw = False
1570.2407 	EXP 	Device response: <KeyPress from None: t=1570.1376710000004, value=space, duration=0.09599460000026738>
1570.8243 	EXP 	Sound sound_1 reached end of file
1570.8406 	EXP 	Playing sound sound_1 on speaker Speakers (Realtek(R) Audio)
1571.1343 	EXP 	Sound sound_1 stopped
1571.1433 	EXP 	text: autoDraw = True
1571.1433 	EXP 	textbox: autoDraw = True
1572.0153 	DATA 	Keypress: 4
1572.0247 	EXP 	Device response: <KeyPress from None: t=1572.0095189000003, value=4, duration=None>
1572.1080 	EXP 	Device response: <KeyPress from None: t=1572.0095189000003, value=4, duration=0.08544119999987743>
1572.6304 	DATA 	Mouse: Left button down, pos=(967,245)
1572.6429 	EXP 	New trial (rep=26, index=10): <Trial 322 (10 in rep 26) data={'delay': 0.7, 'freq': 1000, 'condition': 'exp', 'thisN': 322, 'thisTrialN': 10, 'thisRepN': 26}>
1572.6572 	EXP 	text: autoDraw = False
1572.6572 	EXP 	textbox: autoDraw = False
1572.6572 	EXP 	polygon: autoDraw = True
1572.7461 	DATA 	Mouse:  Left button up, pos=(967,245)
1573.6575 	INFO 	Keyboard events cleared
1573.6573 	EXP 	polygon: autoDraw = False
1573.6573 	EXP 	polygon_2: autoDraw = True
1574.2077 	EXP 	Device response: <KeyPress from None: t=1574.1975527000004, value=space, duration=None>
1574.2097 	DATA 	Keypress: space
1574.2237 	EXP 	polygon: autoDraw = False
1574.2237 	EXP 	polygon_2: autoDraw = False
1574.3407 	EXP 	Device response: <KeyPress from None: t=1574.1975527000004, value=space, duration=0.14274139999997715>
1574.8914 	EXP 	Sound sound_1 reached end of file
1574.9073 	EXP 	Playing sound sound_1 on speaker Speakers (Realtek(R) Audio)
1575.2045 	EXP 	Sound sound_1 stopped
1575.2158 	EXP 	text: autoDraw = True
1575.2158 	EXP 	textbox: autoDraw = True
1575.8927 	EXP 	Device response: <KeyPress from None: t=1575.8923253000003, value=2, duration=None>
1575.9021 	DATA 	Keypress: 2
1576.0080 	EXP 	Device response: <KeyPress from None: t=1575.8923253000003, value=2, duration=0.10208200000033685>
1576.8413 	DATA 	Keypress: backspace
1576.8426 	EXP 	Device response: <KeyPress from None: t=1576.8406682000004, value=backspace, duration=None>
1577.0079 	EXP 	Device response: <KeyPress from None: t=1576.8406682000004, value=backspace, duration=0.15486590000000433>
1577.4182 	DATA 	Keypress: 3
1577.4248 	EXP 	Device response: <KeyPress from None: t=1577.4148438000002, value=3, duration=None>
1577.5277 	EXP 	Device response: <KeyPress from None: t=1577.4148438000002, value=3, duration=0.10897590000058699>
1578.2641 	DATA 	Mouse: Left button down, pos=(967,245)
1578.2758 	EXP 	New trial (rep=26, index=11): <Trial 323 (11 in rep 26) data={'delay': 0.1, 'freq': 400, 'condition': 'unexp', 'thisN': 323, 'thisTrialN': 11, 'thisRepN': 26}>
1578.2909 	EXP 	text: autoDraw = False
1578.2909 	EXP 	textbox: autoDraw = False
1578.2909 	EXP 	polygon: autoDraw = True
1578.3612 	DATA 	Mouse:  Left button up, pos=(967,245)
1579.2905 	INFO 	Keyboard events cleared
1579.2903 	EXP 	polygon: autoDraw = False
1579.2903 	EXP 	polygon_2: autoDraw = True
1580.4918 	EXP 	Device response: <KeyPress from None: t=1580.4798157000005, value=space, duration=None>
1580.4938 	DATA 	Keypress: space
1580.5070 	EXP 	polygon: autoDraw = False
1580.5070 	EXP 	polygon_2: autoDraw = False
1580.5908 	EXP 	Sound sound_1 reached end of file
1580.6070 	EXP 	Playing sound sound_1 on speaker Speakers (Realtek(R) Audio)
1580.6080 	EXP 	Device response: <KeyPress from None: t=1580.4798157000005, value=space, duration=0.1254305000002205>
1580.9051 	EXP 	Sound sound_1 stopped
1580.9154 	EXP 	text: autoDraw = True
1580.9154 	EXP 	textbox: autoDraw = True
1581.7257 	DATA 	Keypress: 0
1581.7276 	EXP 	Device response: <KeyPress from None: t=1581.7251295000005, value=0, duration=None>
1581.8588 	EXP 	Device response: <KeyPress from None: t=1581.7251295000005, value=0, duration=0.1283160000002681>
1582.3458 	DATA 	Mouse: Left button down, pos=(967,245)
1582.3598 	EXP 	New trial (rep=27, index=0): <Trial 324 (0 in rep 27) data={'delay': 0.4, 'freq': 1000, 'condition': 'exp', 'thisN': 324, 'thisTrialN': 0, 'thisRepN': 27}>
1582.3742 	EXP 	text: autoDraw = False
1582.3742 	EXP 	textbox: autoDraw = False
1582.3742 	EXP 	polygon: autoDraw = True
1582.4299 	DATA 	Mouse:  Left button up, pos=(967,245)
1583.3745 	INFO 	Keyboard events cleared
1583.3743 	EXP 	polygon: autoDraw = False
1583.3743 	EXP 	polygon_2: autoDraw = True
1583.7581 	EXP 	Device response: <KeyPress from None: t=1583.7577778000004, value=space, duration=None>
1583.7605 	DATA 	Keypress: space
1583.7736 	EXP 	polygon: autoDraw = False
1583.7736 	EXP 	polygon_2: autoDraw = False
1583.8589 	EXP 	Device response: <KeyPress from None: t=1583.7577778000004, value=space, duration=0.08937859999969078>
1584.1414 	EXP 	Sound sound_1 reached end of file
1584.1575 	EXP 	Playing sound sound_1 on speaker Speakers (Realtek(R) Audio)
1584.4566 	EXP 	Sound sound_1 stopped
1584.4662 	EXP 	text: autoDraw = True
1584.4662 	EXP 	textbox: autoDraw = True
1585.2253 	DATA 	Keypress: 2
1585.2277 	EXP 	Device response: <KeyPress from None: t=1585.2188459000008, value=2, duration=None>
1585.2917 	EXP 	Device response: <KeyPress from None: t=1585.2188459000008, value=2, duration=0.062429599999632046>
1585.7915 	DATA 	Mouse: Left button down, pos=(967,245)
1585.7925 	EXP 	New trial (rep=27, index=1): <Trial 325 (1 in rep 27) data={'delay': 0.1, 'freq': 1000, 'condition': 'exp', 'thisN': 325, 'thisTrialN': 1, 'thisRepN': 27}>
1585.8079 	EXP 	text: autoDraw = False
1585.8079 	EXP 	textbox: autoDraw = False
1585.8079 	EXP 	polygon: autoDraw = True
1585.8934 	DATA 	Mouse:  Left button up, pos=(967,245)
1586.8071 	INFO 	Keyboard events cleared
1586.8069 	EXP 	polygon: autoDraw = False
1586.8069 	EXP 	polygon_2: autoDraw = True
1587.1745 	EXP 	Device response: <KeyPress from None: t=1587.1635849000004, value=space, duration=None>
1587.1767 	DATA 	Keypress: space
1587.1907 	EXP 	polygon: autoDraw = False
1587.1907 	EXP 	polygon_2: autoDraw = False
1587.2572 	EXP 	Device response: <KeyPress from None: t=1587.1635849000004, value=space, duration=0.09175990000039747>
1587.2740 	EXP 	Sound sound_1 reached end of file
1587.2903 	EXP 	Playing sound sound_1 on speaker Speakers (Realtek(R) Audio)
1587.5870 	EXP 	Sound sound_1 stopped
1587.5985 	EXP 	text: autoDraw = True
1587.5985 	EXP 	textbox: autoDraw = True
1589.0084 	DATA 	Keypress: 2
1589.0104 	EXP 	Device response: <KeyPress from None: t=1589.0057438000003, value=2, duration=None>
1589.0928 	EXP 	Device response: <KeyPress from None: t=1589.0057438000003, value=2, duration=0.08246549999967101>
1589.5970 	DATA 	Mouse: Left button down, pos=(967,245)
1589.6087 	EXP 	New trial (rep=27, index=2): <Trial 326 (2 in rep 27) data={'delay': 0.7, 'freq': 1000, 'condition': 'exp', 'thisN': 326, 'thisTrialN': 2, 'thisRepN': 27}>
1589.6238 	EXP 	text: autoDraw = False
1589.6238 	EXP 	textbox: autoDraw = False
1589.6238 	EXP 	polygon: autoDraw = True
1589.7108 	DATA 	Mouse:  Left button up, pos=(967,245)
1590.6071 	INFO 	Keyboard events cleared
1590.6069 	EXP 	polygon_2: autoDraw = True
1590.6239 	EXP 	polygon: autoDraw = False
1590.7244 	EXP 	Device response: <KeyPress from None: t=1590.7170412000005, value=space, duration=None>
1590.7262 	DATA 	Keypress: space
1590.7407 	EXP 	polygon: autoDraw = False
1590.7407 	EXP 	polygon_2: autoDraw = False
1590.8410 	EXP 	Device response: <KeyPress from None: t=1590.7170412000005, value=space, duration=0.1087176000000909>
1591.4080 	EXP 	Sound sound_1 reached end of file
1591.4241 	EXP 	Playing sound sound_1 on speaker Speakers (Realtek(R) Audio)
1591.7236 	EXP 	Sound sound_1 stopped
1591.7341 	EXP 	text: autoDraw = True
1591.7341 	EXP 	textbox: autoDraw = True
1593.0914 	DATA 	Keypress: 3
1593.0932 	EXP 	Device response: <KeyPress from None: t=1593.0882900000006, value=3, duration=None>
1593.2077 	EXP 	Device response: <KeyPress from None: t=1593.0882900000006, value=3, duration=0.10562529999970138>
1593.6919 	DATA 	Mouse: Left button down, pos=(967,245)
1593.6933 	EXP 	New trial (rep=27, index=3): <Trial 327 (3 in rep 27) data={'delay': 0.1, 'freq': 1000, 'condition': 'exp', 'thisN': 327, 'thisTrialN': 3, 'thisRepN': 27}>
1593.7081 	EXP 	text: autoDraw = False
1593.7081 	EXP 	textbox: autoDraw = False
1593.7081 	EXP 	polygon: autoDraw = True
1593.8265 	DATA 	Mouse:  Left button up, pos=(967,245)
1594.7078 	INFO 	Keyboard events cleared
1594.7076 	EXP 	polygon: autoDraw = False
1594.7076 	EXP 	polygon_2: autoDraw = True
1594.9741 	EXP 	Device response: <KeyPress from None: t=1594.9605394, value=space, duration=None>
1594.9760 	DATA 	Keypress: space
1594.9904 	EXP 	polygon: autoDraw = False
1594.9904 	EXP 	polygon_2: autoDraw = False
1595.0406 	EXP 	Device response: <KeyPress from None: t=1594.9605394, value=space, duration=0.07260580000001937>
1595.0574 	EXP 	Sound sound_1 reached end of file
1595.0736 	EXP 	Playing sound sound_1 on speaker Speakers (Realtek(R) Audio)
1595.3758 	EXP 	Sound sound_1 stopped
1595.3866 	EXP 	text: autoDraw = True
1595.3866 	EXP 	textbox: autoDraw = True
1596.2078 	DATA 	Keypress: 2
1596.2096 	EXP 	Device response: <KeyPress from None: t=1596.2038775, value=2, duration=None>
1596.3087 	EXP 	Device response: <KeyPress from None: t=1596.2038775, value=2, duration=0.10294810000050347>
1597.0752 	DATA 	Keypress: backspace
1597.0773 	EXP 	Device response: <KeyPress from None: t=1597.0641602000005, value=backspace, duration=None>
1597.1911 	EXP 	Device response: <KeyPress from None: t=1597.0641602000005, value=backspace, duration=0.11549809999996796>
1597.4809 	DATA 	Keypress: 1
1597.4914 	EXP 	Device response: <KeyPress from None: t=1597.4753962000004, value=1, duration=None>
1597.5745 	EXP 	Device response: <KeyPress from None: t=1597.4753962000004, value=1, duration=0.08814819999952306>
1598.0081 	DATA 	Mouse: Left button down, pos=(967,245)
1598.0098 	EXP 	New trial (rep=27, index=4): <Trial 328 (4 in rep 27) data={'delay': 0.7, 'freq': 400, 'condition': 'unexp', 'thisN': 328, 'thisTrialN': 4, 'thisRepN': 27}>
1598.0235 	EXP 	text: autoDraw = False
1598.0235 	EXP 	textbox: autoDraw = False
1598.0235 	EXP 	polygon: autoDraw = True
1598.0950 	DATA 	Mouse:  Left button up, pos=(967,245)
1599.0238 	INFO 	Keyboard events cleared
1599.0237 	EXP 	polygon: autoDraw = False
1599.0237 	EXP 	polygon_2: autoDraw = True
1600.2262 	EXP 	Device response: <KeyPress from None: t=1600.2180627000007, value=space, duration=None>
1600.2280 	DATA 	Keypress: space
1600.2400 	EXP 	polygon: autoDraw = False
1600.2400 	EXP 	polygon_2: autoDraw = False
1600.3246 	EXP 	Device response: <KeyPress from None: t=1600.2180627000007, value=space, duration=0.09575369999947725>
1600.9243 	EXP 	Sound sound_1 reached end of file
1600.9403 	EXP 	Playing sound sound_1 on speaker Speakers (Realtek(R) Audio)
1601.2369 	EXP 	Sound sound_1 stopped
1601.2495 	EXP 	text: autoDraw = True
1601.2495 	EXP 	textbox: autoDraw = True
1602.0139 	DATA 	Keypress: 0
1602.0242 	EXP 	Device response: <KeyPress from None: t=1602.0102914000008, value=0, duration=None>
1602.1412 	EXP 	Device response: <KeyPress from None: t=1602.0102914000008, value=0, duration=0.1158410999996704>
1602.8930 	DATA 	Mouse: Left button down, pos=(1012,154)
1602.8942 	EXP 	New trial (rep=27, index=5): <Trial 329 (5 in rep 27) data={'delay': 0.4, 'freq': 1000, 'condition': 'exp', 'thisN': 329, 'thisTrialN': 5, 'thisRepN': 27}>
1602.9067 	EXP 	text: autoDraw = False
1602.9067 	EXP 	textbox: autoDraw = False
1602.9067 	EXP 	polygon: autoDraw = True
1602.9779 	DATA 	Mouse:  Left button up, pos=(1012,154)
1603.9073 	INFO 	Keyboard events cleared
1603.9072 	EXP 	polygon: autoDraw = False
1603.9072 	EXP 	polygon_2: autoDraw = True
1605.0416 	EXP 	Device response: <KeyPress from None: t=1605.0288198000007, value=space, duration=None>
1605.0439 	DATA 	Keypress: space
1605.0568 	EXP 	polygon: autoDraw = False
1605.0568 	EXP 	polygon_2: autoDraw = False
1605.1409 	EXP 	Device response: <KeyPress from None: t=1605.0288198000007, value=space, duration=0.10247369999979128>
1605.4407 	EXP 	Sound sound_1 reached end of file
1605.4570 	EXP 	Playing sound sound_1 on speaker Speakers (Realtek(R) Audio)
1605.7514 	EXP 	Sound sound_1 stopped
1605.7640 	EXP 	text: autoDraw = True
1605.7640 	EXP 	textbox: autoDraw = True
1606.5492 	DATA 	Keypress: 3
1606.5576 	EXP 	Device response: <KeyPress from None: t=1606.547982, value=3, duration=None>
1606.6244 	EXP 	Device response: <KeyPress from None: t=1606.547982, value=3, duration=0.06304619999991701>
1607.3412 	DATA 	Keypress: space
1607.3439 	EXP 	Device response: <KeyPress from None: t=1607.3304209000007, value=space, duration=None>
1607.4412 	EXP 	Device response: <KeyPress from None: t=1607.3304209000007, value=space, duration=0.09937459999946441>
1608.3423 	DATA 	Mouse: Left button down, pos=(972,366)
1608.3443 	EXP 	New trial (rep=27, index=6): <Trial 330 (6 in rep 27) data={'delay': 0.4, 'freq': 400, 'condition': 'unexp', 'thisN': 330, 'thisTrialN': 6, 'thisRepN': 27}>
1608.3568 	EXP 	text: autoDraw = False
1608.3568 	EXP 	textbox: autoDraw = False
1608.3568 	EXP 	polygon: autoDraw = True
1608.4453 	DATA 	Mouse:  Left button up, pos=(972,366)
1609.3569 	INFO 	Keyboard events cleared
1609.3567 	EXP 	polygon: autoDraw = False
1609.3567 	EXP 	polygon_2: autoDraw = True
1610.1568 	EXP 	Device response: <KeyPress from None: t=1610.1497064000005, value=space, duration=None>
1610.1586 	DATA 	Keypress: space
1610.1731 	EXP 	polygon: autoDraw = False
1610.1731 	EXP 	polygon_2: autoDraw = False
1610.2412 	EXP 	Device response: <KeyPress from None: t=1610.1497064000005, value=space, duration=0.07993629999964469>
1610.5404 	EXP 	Sound sound_1 reached end of file
1610.5564 	EXP 	Playing sound sound_1 on speaker Speakers (Realtek(R) Audio)
1610.8552 	EXP 	Sound sound_1 stopped
1610.8654 	EXP 	text: autoDraw = True
1610.8654 	EXP 	textbox: autoDraw = True
1611.3975 	DATA 	Keypress: 0
1611.4075 	EXP 	Device response: <KeyPress from None: t=1611.3941043000004, value=0, duration=None>
1611.4938 	EXP 	Device response: <KeyPress from None: t=1611.3941043000004, value=0, duration=0.0935671999995975>
1611.8291 	DATA 	Mouse: Left button down, pos=(972,366)
1611.8414 	EXP 	New trial (rep=27, index=7): <Trial 331 (7 in rep 27) data={'delay': 0.4, 'freq': 1000, 'condition': 'exp', 'thisN': 331, 'thisTrialN': 7, 'thisRepN': 27}>
1611.8574 	EXP 	text: autoDraw = False
1611.8574 	EXP 	textbox: autoDraw = False
1611.8574 	EXP 	polygon: autoDraw = True
1611.9462 	DATA 	Mouse:  Left button up, pos=(972,366)
1612.8567 	INFO 	Keyboard events cleared
1612.8566 	EXP 	polygon: autoDraw = False
1612.8566 	EXP 	polygon_2: autoDraw = True
1613.0072 	EXP 	Device response: <KeyPress from None: t=1612.9930497000005, value=space, duration=None>
1613.0093 	DATA 	Keypress: space
1613.0235 	EXP 	polygon: autoDraw = False
1613.0235 	EXP 	polygon_2: autoDraw = False
1613.0911 	EXP 	Device response: <KeyPress from None: t=1612.9930497000005, value=space, duration=0.08923289999984263>
1613.3911 	EXP 	Sound sound_1 reached end of file
1613.4065 	EXP 	Playing sound sound_1 on speaker Speakers (Realtek(R) Audio)
1613.7059 	EXP 	Sound sound_1 stopped
1613.7168 	EXP 	text: autoDraw = True
1613.7168 	EXP 	textbox: autoDraw = True
1614.4808 	DATA 	Keypress: 2
1614.4911 	EXP 	Device response: <KeyPress from None: t=1614.4778234000005, value=2, duration=None>
1614.5744 	EXP 	Device response: <KeyPress from None: t=1614.4778234000005, value=2, duration=0.08568560000003345>
1615.0127 	DATA 	Mouse: Left button down, pos=(972,366)
1615.0254 	EXP 	New trial (rep=27, index=8): <Trial 332 (8 in rep 27) data={'delay': 0.7, 'freq': 1000, 'condition': 'exp', 'thisN': 332, 'thisTrialN': 8, 'thisRepN': 27}>
1615.0405 	EXP 	text: autoDraw = False
1615.0405 	EXP 	textbox: autoDraw = False
1615.0405 	EXP 	polygon: autoDraw = True
1615.0956 	DATA 	Mouse:  Left button up, pos=(972,366)
1616.0411 	INFO 	Keyboard events cleared
1616.0410 	EXP 	polygon: autoDraw = False
1616.0410 	EXP 	polygon_2: autoDraw = True
1616.4573 	EXP 	Device response: <KeyPress from None: t=1616.4503717000007, value=space, duration=None>
1616.4593 	DATA 	Keypress: space
1616.4729 	EXP 	polygon: autoDraw = False
1616.4729 	EXP 	polygon_2: autoDraw = False
1616.5411 	EXP 	Device response: <KeyPress from None: t=1616.4503717000007, value=space, duration=0.08620819999941887>
1617.1404 	EXP 	Sound sound_1 reached end of file
1617.1565 	EXP 	Playing sound sound_1 on speaker Speakers (Realtek(R) Audio)
1617.4517 	EXP 	Sound sound_1 stopped
1617.4614 	EXP 	text: autoDraw = True
1617.4614 	EXP 	textbox: autoDraw = True
1618.7151 	DATA 	Keypress: 3
1618.7238 	EXP 	Device response: <KeyPress from None: t=1618.7128146000005, value=3, duration=None>
1618.8256 	EXP 	Device response: <KeyPress from None: t=1618.7128146000005, value=3, duration=0.10295580000001792>
1619.1944 	DATA 	Keypress: backspace
1619.2075 	EXP 	Device response: <KeyPress from None: t=1619.1927762000005, value=backspace, duration=None>
1619.3258 	EXP 	Device response: <KeyPress from None: t=1619.1927762000005, value=backspace, duration=0.12553620000016963>
1619.6742 	DATA 	Keypress: 2
1619.6763 	EXP 	Device response: <KeyPress from None: t=1619.6699012000008, value=2, duration=None>
1619.7757 	EXP 	Device response: <KeyPress from None: t=1619.6699012000008, value=2, duration=0.10312869999961549>
1620.3078 	DATA 	Mouse: Left button down, pos=(972,366)
1620.3097 	EXP 	New trial (rep=27, index=9): <Trial 333 (9 in rep 27) data={'delay': 0.7, 'freq': 1000, 'condition': 'exp', 'thisN': 333, 'thisTrialN': 9, 'thisRepN': 27}>
1620.3235 	EXP 	text: autoDraw = False
1620.3235 	EXP 	textbox: autoDraw = False
1620.3235 	EXP 	polygon: autoDraw = True
1620.4441 	DATA 	Mouse:  Left button up, pos=(962,376)
1621.3232 	INFO 	Keyboard events cleared
1621.3231 	EXP 	polygon: autoDraw = False
1621.3231 	EXP 	polygon_2: autoDraw = True
1621.4405 	EXP 	Device response: <KeyPress from None: t=1621.4345804000004, value=space, duration=None>
1621.4422 	DATA 	Keypress: space
1621.4566 	EXP 	polygon: autoDraw = False
1621.4566 	EXP 	polygon_2: autoDraw = False
1621.4735 	EXP 	Device response: <KeyPress from None: t=1621.4345804000004, value=space, duration=0.03622730000006413>
1622.1236 	EXP 	Sound sound_1 reached end of file
1622.1399 	EXP 	Playing sound sound_1 on speaker Speakers (Realtek(R) Audio)
1622.4424 	EXP 	Sound sound_1 stopped
1622.4530 	EXP 	text: autoDraw = True
1622.4530 	EXP 	textbox: autoDraw = True
1624.3299 	DATA 	Keypress: 2
1624.3408 	EXP 	Device response: <KeyPress from None: t=1624.3256887000007, value=2, duration=None>
1624.4238 	EXP 	Device response: <KeyPress from None: t=1624.3256887000007, value=2, duration=0.08277109999926324>
1625.8476 	DATA 	Mouse: Left button down, pos=(962,376)
1625.8491 	EXP 	New trial (rep=27, index=10): <Trial 334 (10 in rep 27) data={'delay': 0.1, 'freq': 1000, 'condition': 'exp', 'thisN': 334, 'thisTrialN': 10, 'thisRepN': 27}>
1625.8567 	EXP 	text: autoDraw = False
1625.8567 	EXP 	textbox: autoDraw = False
1625.8567 	EXP 	polygon: autoDraw = True
1625.9606 	DATA 	Mouse:  Left button up, pos=(962,376)
1626.8563 	INFO 	Keyboard events cleared
1626.8562 	EXP 	polygon: autoDraw = False
1626.8562 	EXP 	polygon_2: autoDraw = True
1627.1900 	EXP 	Device response: <KeyPress from None: t=1627.1824874000004, value=space, duration=None>
1627.1921 	DATA 	Keypress: space
1627.2064 	EXP 	polygon: autoDraw = False
1627.2064 	EXP 	polygon_2: autoDraw = False
1627.2734 	EXP 	Sound sound_1 reached end of file
1627.2898 	EXP 	Playing sound sound_1 on speaker Speakers (Realtek(R) Audio)
1627.3237 	EXP 	Device response: <KeyPress from None: t=1627.1824874000004, value=space, duration=0.12564709999969637>
1627.5930 	EXP 	Sound sound_1 stopped
1627.6022 	EXP 	text: autoDraw = True
1627.6022 	EXP 	textbox: autoDraw = True
1628.9744 	DATA 	Keypress: 2
1628.9770 	EXP 	Device response: <KeyPress from None: t=1628.9728206, value=2, duration=None>
1629.0424 	EXP 	Device response: <KeyPress from None: t=1628.9728206, value=2, duration=0.06711400000040157>
1629.5965 	DATA 	Mouse: Left button down, pos=(962,376)
1629.6074 	EXP 	New trial (rep=27, index=11): <Trial 335 (11 in rep 27) data={'delay': 0.1, 'freq': 400, 'condition': 'unexp', 'thisN': 335, 'thisTrialN': 11, 'thisRepN': 27}>
1629.6231 	EXP 	text: autoDraw = False
1629.6231 	EXP 	textbox: autoDraw = False
1629.6231 	EXP 	polygon: autoDraw = True
1629.7102 	DATA 	Mouse:  Left button up, pos=(962,376)
1630.6070 	INFO 	Keyboard events cleared
1630.6067 	EXP 	polygon_2: autoDraw = True
1630.6235 	EXP 	polygon: autoDraw = False
1631.4421 	EXP 	Device response: <KeyPress from None: t=1631.4409717000008, value=space, duration=None>
1631.4443 	DATA 	Keypress: space
1631.4562 	EXP 	polygon: autoDraw = False
1631.4562 	EXP 	polygon_2: autoDraw = False
1631.5408 	EXP 	Sound sound_1 reached end of file
1631.5571 	EXP 	Playing sound sound_1 on speaker Speakers (Realtek(R) Audio)
1631.5411 	EXP 	Device response: <KeyPress from None: t=1631.4409717000008, value=space, duration=0.09929509999983566>
1631.8560 	EXP 	Sound sound_1 stopped
1631.8694 	EXP 	text: autoDraw = True
1631.8694 	EXP 	textbox: autoDraw = True
1632.7741 	DATA 	Keypress: 0
1632.7756 	EXP 	Device response: <KeyPress from None: t=1632.7697481000005, value=0, duration=None>
1632.8765 	EXP 	Device response: <KeyPress from None: t=1632.7697481000005, value=0, duration=0.09583509999993112>
1633.3246 	DATA 	Mouse: Left button down, pos=(962,376)
1633.3256 	EXP 	New trial (rep=28, index=0): <Trial 336 (0 in rep 28) data={'delay': 0.4, 'freq': 400, 'condition': 'unexp', 'thisN': 336, 'thisTrialN': 0, 'thisRepN': 28}>
1633.3398 	EXP 	text: autoDraw = False
1633.3398 	EXP 	textbox: autoDraw = False
1633.3398 	EXP 	polygon: autoDraw = True
1633.4457 	DATA 	Mouse:  Left button up, pos=(962,376)
1634.3402 	INFO 	Keyboard events cleared
1634.3400 	EXP 	polygon: autoDraw = False
1634.3400 	EXP 	polygon_2: autoDraw = True
1634.5237 	EXP 	Device response: <KeyPress from None: t=1634.5100201000005, value=space, duration=None>
1634.5254 	DATA 	Keypress: space
1634.5396 	EXP 	polygon: autoDraw = False
1634.5396 	EXP 	polygon_2: autoDraw = False
1634.5734 	EXP 	Device response: <KeyPress from None: t=1634.5100201000005, value=space, duration=0.059310099999493104>
1634.9072 	EXP 	Sound sound_1 reached end of file
1634.9234 	EXP 	Playing sound sound_1 on speaker Speakers (Realtek(R) Audio)
1635.2226 	EXP 	Sound sound_1 stopped
1635.2347 	EXP 	text: autoDraw = True
1635.2347 	EXP 	textbox: autoDraw = True
1635.7460 	DATA 	Keypress: minus
1635.7602 	EXP 	Device response: <KeyPress from None: t=1635.7425737000003, value=minus, duration=None>
1635.8596 	EXP 	Device response: <KeyPress from None: t=1635.7425737000003, value=minus, duration=0.11342849999982718>
1636.6120 	DATA 	Keypress: backspace
1636.6236 	EXP 	Device response: <KeyPress from None: t=1636.6109378, value=backspace, duration=None>
1636.7407 	EXP 	Device response: <KeyPress from None: t=1636.6109378, value=backspace, duration=0.11298549999992247>
1636.9359 	DATA 	Keypress: 0
1636.9408 	EXP 	Device response: <KeyPress from None: t=1636.9334079, value=0, duration=None>
1637.0409 	EXP 	Device response: <KeyPress from None: t=1636.9334079, value=0, duration=0.0924881999999343>
1637.4095 	DATA 	Mouse: Left button down, pos=(962,376)
1637.4111 	EXP 	New trial (rep=28, index=1): <Trial 337 (1 in rep 28) data={'delay': 0.7, 'freq': 400, 'condition': 'unexp', 'thisN': 337, 'thisTrialN': 1, 'thisRepN': 28}>
1637.4233 	EXP 	text: autoDraw = False
1637.4233 	EXP 	textbox: autoDraw = False
1637.4233 	EXP 	polygon: autoDraw = True
1637.4946 	DATA 	Mouse:  Left button up, pos=(962,376)
1638.4232 	INFO 	Keyboard events cleared
1638.4230 	EXP 	polygon: autoDraw = False
1638.4230 	EXP 	polygon_2: autoDraw = True
1638.6905 	EXP 	Device response: <KeyPress from None: t=1638.6848646000008, value=space, duration=None>
1638.6924 	DATA 	Keypress: space
1638.7059 	EXP 	polygon: autoDraw = False
1638.7059 	EXP 	polygon_2: autoDraw = False
1638.8234 	EXP 	Device response: <KeyPress from None: t=1638.6848646000008, value=space, duration=0.12215639999976702>
1639.3899 	EXP 	Sound sound_1 reached end of file
1639.4061 	EXP 	Playing sound sound_1 on speaker Speakers (Realtek(R) Audio)
1639.7055 	EXP 	Sound sound_1 stopped
1639.7183 	EXP 	text: autoDraw = True
1639.7183 	EXP 	textbox: autoDraw = True
1640.5002 	DATA 	Keypress: 0
1640.5070 	EXP 	Device response: <KeyPress from None: t=1640.4984079000005, value=0, duration=None>
1640.5924 	EXP 	Device response: <KeyPress from None: t=1640.4984079000005, value=0, duration=0.08627599999999802>
1640.9452 	DATA 	Mouse: Left button down, pos=(962,376)
1640.9583 	EXP 	New trial (rep=28, index=2): <Trial 338 (2 in rep 28) data={'delay': 0.1, 'freq': 1000, 'condition': 'exp', 'thisN': 338, 'thisTrialN': 2, 'thisRepN': 28}>
1640.9738 	EXP 	text: autoDraw = False
1640.9738 	EXP 	textbox: autoDraw = False
1640.9738 	EXP 	polygon: autoDraw = True
1641.0096 	DATA 	Mouse:  Left button up, pos=(962,376)
1641.9736 	INFO 	Keyboard events cleared
1641.9734 	EXP 	polygon: autoDraw = False
1641.9734 	EXP 	polygon_2: autoDraw = True
1642.4068 	EXP 	Device response: <KeyPress from None: t=1642.3979227, value=space, duration=None>
1642.4096 	DATA 	Keypress: space
1642.4231 	EXP 	polygon: autoDraw = False
1642.4231 	EXP 	polygon_2: autoDraw = False
1642.4899 	EXP 	Sound sound_1 reached end of file
1642.5062 	EXP 	Playing sound sound_1 on speaker Speakers (Realtek(R) Audio)
1642.5401 	EXP 	Device response: <KeyPress from None: t=1642.3979227, value=space, duration=0.13188910000008036>
1642.8008 	EXP 	Sound sound_1 stopped
1642.8138 	EXP 	text: autoDraw = True
1642.8138 	EXP 	textbox: autoDraw = True
1643.9116 	DATA 	Keypress: 2
1643.9238 	EXP 	Device response: <KeyPress from None: t=1643.9108378, value=2, duration=None>
1644.0422 	EXP 	Device response: <KeyPress from None: t=1643.9108378, value=2, duration=0.12952080000013666>
1644.4903 	DATA 	Mouse: Left button down, pos=(962,376)
1644.4908 	EXP 	New trial (rep=28, index=3): <Trial 339 (3 in rep 28) data={'delay': 0.7, 'freq': 1000, 'condition': 'exp', 'thisN': 339, 'thisTrialN': 3, 'thisRepN': 28}>
1644.5059 	EXP 	text: autoDraw = False
1644.5059 	EXP 	textbox: autoDraw = False
1644.5059 	EXP 	polygon: autoDraw = True
1644.6101 	DATA 	Mouse:  Left button up, pos=(962,376)
1645.5060 	INFO 	Keyboard events cleared
1645.5059 	EXP 	polygon: autoDraw = False
1645.5059 	EXP 	polygon_2: autoDraw = True
1645.7570 	EXP 	Device response: <KeyPress from None: t=1645.7495291000005, value=space, duration=None>
1645.7595 	DATA 	Keypress: space
1645.7730 	EXP 	polygon: autoDraw = False
1645.7730 	EXP 	polygon_2: autoDraw = False
1645.9233 	EXP 	Device response: <KeyPress from None: t=1645.7495291000005, value=space, duration=0.16881459999967774>
1646.4407 	EXP 	Sound sound_1 reached end of file
1646.4569 	EXP 	Playing sound sound_1 on speaker Speakers (Realtek(R) Audio)
1646.7546 	EXP 	Sound sound_1 stopped
1646.7635 	EXP 	text: autoDraw = True
1646.7635 	EXP 	textbox: autoDraw = True
1647.5619 	DATA 	Keypress: 3
1647.5730 	EXP 	Device response: <KeyPress from None: t=1647.558309, value=3, duration=None>
1647.6736 	EXP 	Device response: <KeyPress from None: t=1647.558309, value=3, duration=0.09928870000021561>
1648.3083 	DATA 	Mouse: Left button down, pos=(962,376)
1648.3096 	EXP 	New trial (rep=28, index=4): <Trial 340 (4 in rep 28) data={'delay': 0.1, 'freq': 1000, 'condition': 'exp', 'thisN': 340, 'thisTrialN': 4, 'thisRepN': 28}>
1648.3232 	EXP 	text: autoDraw = False
1648.3232 	EXP 	textbox: autoDraw = False
1648.3232 	EXP 	polygon: autoDraw = True
1648.3922 	DATA 	Mouse:  Left button up, pos=(962,376)
1649.3234 	INFO 	Keyboard events cleared
1649.3231 	EXP 	polygon: autoDraw = False
1649.3231 	EXP 	polygon_2: autoDraw = True
1649.6403 	EXP 	Device response: <KeyPress from None: t=1649.6250029000003, value=space, duration=None>
1649.6422 	DATA 	Keypress: space
1649.6560 	EXP 	polygon: autoDraw = False
1649.6560 	EXP 	polygon_2: autoDraw = False
1649.7404 	EXP 	Sound sound_1 reached end of file
1649.7564 	EXP 	Playing sound sound_1 on speaker Speakers (Realtek(R) Audio)
1649.7569 	EXP 	Device response: <KeyPress from None: t=1649.6250029000003, value=space, duration=0.1257551999997304>
1650.0514 	EXP 	Sound sound_1 stopped
1650.0604 	EXP 	text: autoDraw = True
1650.0604 	EXP 	textbox: autoDraw = True
1651.1472 	DATA 	Keypress: 2
1651.1572 	EXP 	Device response: <KeyPress from None: t=1651.1463504000003, value=2, duration=None>
1651.2570 	EXP 	Device response: <KeyPress from None: t=1651.1463504000003, value=2, duration=0.09591129999989789>
1652.1840 	DATA 	Mouse: Left button down, pos=(1057,304)
1652.1918 	EXP 	New trial (rep=28, index=5): <Trial 341 (5 in rep 28) data={'delay': 0.1, 'freq': 400, 'condition': 'unexp', 'thisN': 341, 'thisTrialN': 5, 'thisRepN': 28}>
1652.2062 	EXP 	text: autoDraw = False
1652.2062 	EXP 	textbox: autoDraw = False
1652.2062 	EXP 	polygon: autoDraw = True
1652.2939 	DATA 	Mouse:  Left button up, pos=(1057,304)
1653.2062 	INFO 	Keyboard events cleared
1653.2060 	EXP 	polygon: autoDraw = False
1653.2060 	EXP 	polygon_2: autoDraw = True
1653.5234 	EXP 	Device response: <KeyPress from None: t=1653.5155368000005, value=space, duration=None>
1653.5254 	DATA 	Keypress: space
1653.5398 	EXP 	polygon: autoDraw = False
1653.5398 	EXP 	polygon_2: autoDraw = False
1653.6065 	EXP 	Sound sound_1 reached end of file
1653.6226 	EXP 	Playing sound sound_1 on speaker Speakers (Realtek(R) Audio)
1653.6234 	EXP 	Device response: <KeyPress from None: t=1653.5155368000005, value=space, duration=0.10532789999979286>
1653.9241 	EXP 	Sound sound_1 stopped
1653.9341 	EXP 	text: autoDraw = True
1653.9341 	EXP 	textbox: autoDraw = True
1654.6138 	DATA 	Keypress: 0
1654.6234 	EXP 	Device response: <KeyPress from None: t=1654.6094668000005, value=0, duration=None>
1654.7097 	EXP 	Device response: <KeyPress from None: t=1654.6094668000005, value=0, duration=0.09272499999951833>
1655.0740 	DATA 	Mouse: Left button down, pos=(1057,304)
1655.0760 	EXP 	New trial (rep=28, index=6): <Trial 342 (6 in rep 28) data={'delay': 0.4, 'freq': 1000, 'condition': 'exp', 'thisN': 342, 'thisTrialN': 6, 'thisRepN': 28}>
1655.0898 	EXP 	text: autoDraw = False
1655.0898 	EXP 	textbox: autoDraw = False
1655.0898 	EXP 	polygon: autoDraw = True
1655.1954 	DATA 	Mouse:  Left button up, pos=(1057,304)
1656.0898 	INFO 	Keyboard events cleared
1656.0896 	EXP 	polygon: autoDraw = False
1656.0896 	EXP 	polygon_2: autoDraw = True
1656.3564 	EXP 	Device response: <KeyPress from None: t=1656.3554986000008, value=space, duration=None>
1656.3582 	DATA 	Keypress: space
1656.3728 	EXP 	polygon: autoDraw = False
1656.3728 	EXP 	polygon_2: autoDraw = False
1656.4732 	EXP 	Device response: <KeyPress from None: t=1656.3554986000008, value=space, duration=0.11233489999995072>
1656.7403 	EXP 	Sound sound_1 reached end of file
1656.7563 	EXP 	Playing sound sound_1 on speaker Speakers (Realtek(R) Audio)
1657.0515 	EXP 	Sound sound_1 stopped
1657.0612 	EXP 	text: autoDraw = True
1657.0612 	EXP 	textbox: autoDraw = True
1657.8900 	DATA 	Keypress: 2
1657.8920 	EXP 	Device response: <KeyPress from None: t=1657.8826450000006, value=2, duration=None>
1657.9908 	EXP 	Device response: <KeyPress from None: t=1657.8826450000006, value=2, duration=0.09319649999997637>
1658.5916 	DATA 	Mouse: Left button down, pos=(1057,304)
1658.5932 	EXP 	New trial (rep=28, index=7): <Trial 343 (7 in rep 28) data={'delay': 0.7, 'freq': 1000, 'condition': 'exp', 'thisN': 343, 'thisTrialN': 7, 'thisRepN': 28}>
1658.6064 	EXP 	text: autoDraw = False
1658.6064 	EXP 	textbox: autoDraw = False
1658.6064 	EXP 	polygon: autoDraw = True
1658.6949 	DATA 	Mouse:  Left button up, pos=(1057,304)
1659.6061 	INFO 	Keyboard events cleared
1659.6060 	EXP 	polygon: autoDraw = False
1659.6060 	EXP 	polygon_2: autoDraw = True
1659.8066 	EXP 	Device response: <KeyPress from None: t=1659.8063213000005, value=space, duration=None>
1659.8093 	DATA 	Keypress: space
1659.8224 	EXP 	polygon: autoDraw = False
1659.8224 	EXP 	polygon_2: autoDraw = False
1660.0073 	EXP 	Device response: <KeyPress from None: t=1659.8063213000005, value=space, duration=0.18535960000008345>
1660.4896 	EXP 	Sound sound_1 reached end of file
1660.5059 	EXP 	Playing sound sound_1 on speaker Speakers (Realtek(R) Audio)
1660.8033 	EXP 	Sound sound_1 stopped
1660.8147 	EXP 	text: autoDraw = True
1660.8147 	EXP 	textbox: autoDraw = True
1662.2088 	DATA 	Keypress: 2
1662.2105 	EXP 	Device response: <KeyPress from None: t=1662.2067361000009, value=2, duration=None>
1662.3404 	EXP 	Device response: <KeyPress from None: t=1662.2067361000009, value=2, duration=0.11825879999923927>
1662.7774 	DATA 	Mouse: Left button down, pos=(1057,304)
1662.7911 	EXP 	New trial (rep=28, index=8): <Trial 344 (8 in rep 28) data={'delay': 0.4, 'freq': 1000, 'condition': 'exp', 'thisN': 344, 'thisTrialN': 8, 'thisRepN': 28}>
1662.8069 	EXP 	text: autoDraw = False
1662.8069 	EXP 	textbox: autoDraw = False
1662.8069 	EXP 	polygon: autoDraw = True
1662.8769 	DATA 	Mouse:  Left button up, pos=(1057,304)
1663.8061 	INFO 	Keyboard events cleared
1663.8059 	EXP 	polygon: autoDraw = False
1663.8059 	EXP 	polygon_2: autoDraw = True
1664.1069 	EXP 	Device response: <KeyPress from None: t=1664.0964726000002, value=space, duration=None>
1664.1097 	DATA 	Keypress: space
1664.1225 	EXP 	polygon: autoDraw = False
1664.1225 	EXP 	polygon_2: autoDraw = False
1664.1909 	EXP 	Device response: <KeyPress from None: t=1664.0964726000002, value=space, duration=0.09331420000034996>
1664.4907 	EXP 	Sound sound_1 reached end of file
1664.5067 	EXP 	Playing sound sound_1 on speaker Speakers (Realtek(R) Audio)
1664.8006 	EXP 	Sound sound_1 stopped
1664.8112 	EXP 	text: autoDraw = True
1664.8112 	EXP 	textbox: autoDraw = True
1665.4616 	DATA 	Keypress: 3
1665.4729 	EXP 	Device response: <KeyPress from None: t=1665.4596209000001, value=3, duration=None>
1665.5733 	EXP 	Device response: <KeyPress from None: t=1665.4596209000001, value=3, duration=0.10019650000049296>
1665.9416 	DATA 	Mouse: Left button down, pos=(1057,304)
1665.9430 	EXP 	New trial (rep=28, index=9): <Trial 345 (9 in rep 28) data={'delay': 0.4, 'freq': 1000, 'condition': 'exp', 'thisN': 345, 'thisTrialN': 9, 'thisRepN': 28}>
1665.9564 	EXP 	text: autoDraw = False
1665.9564 	EXP 	textbox: autoDraw = False
1665.9564 	EXP 	polygon: autoDraw = True
1666.0301 	DATA 	Mouse:  Left button up, pos=(1057,304)
1666.9562 	INFO 	Keyboard events cleared
1666.9560 	EXP 	polygon: autoDraw = False
1666.9560 	EXP 	polygon_2: autoDraw = True
1667.2899 	EXP 	Device response: <KeyPress from None: t=1667.2881460000008, value=space, duration=None>
1667.2919 	DATA 	Keypress: space
1667.3057 	EXP 	polygon: autoDraw = False
1667.3057 	EXP 	polygon_2: autoDraw = False
1667.4231 	EXP 	Device response: <KeyPress from None: t=1667.2881460000008, value=space, duration=0.12555389999943145>
1667.6730 	EXP 	Sound sound_1 reached end of file
1667.6892 	EXP 	Playing sound sound_1 on speaker Speakers (Realtek(R) Audio)
1667.9908 	EXP 	Sound sound_1 stopped
1668.0010 	EXP 	text: autoDraw = True
1668.0010 	EXP 	textbox: autoDraw = True
1668.7071 	DATA 	Keypress: 2
1668.7095 	EXP 	Device response: <KeyPress from None: t=1668.7048206, value=2, duration=None>
1668.8082 	EXP 	Device response: <KeyPress from None: t=1668.7048206, value=2, duration=0.09598460000052>
1669.3742 	DATA 	Mouse: Left button down, pos=(1057,304)
1669.3753 	EXP 	New trial (rep=28, index=10): <Trial 346 (10 in rep 28) data={'delay': 0.1, 'freq': 1000, 'condition': 'exp', 'thisN': 346, 'thisTrialN': 10, 'thisRepN': 28}>
1669.3905 	EXP 	text: autoDraw = False
1669.3905 	EXP 	textbox: autoDraw = False
1669.3905 	EXP 	polygon: autoDraw = True
1669.4781 	DATA 	Mouse:  Left button up, pos=(1057,304)
1670.3900 	INFO 	Keyboard events cleared
1670.3898 	EXP 	polygon: autoDraw = False
1670.3898 	EXP 	polygon_2: autoDraw = True
1670.4731 	EXP 	Device response: <KeyPress from None: t=1670.4592734000007, value=space, duration=None>
1670.4751 	DATA 	Keypress: space
1670.4894 	EXP 	polygon: autoDraw = False
1670.4894 	EXP 	polygon_2: autoDraw = False
1670.5561 	EXP 	Sound sound_1 reached end of file
1670.5723 	EXP 	Playing sound sound_1 on speaker Speakers (Realtek(R) Audio)
1670.5736 	EXP 	Device response: <KeyPress from None: t=1670.4592734000007, value=space, duration=0.10243769999942742>
1670.8743 	EXP 	Sound sound_1 stopped
1670.8859 	EXP 	text: autoDraw = True
1670.8859 	EXP 	textbox: autoDraw = True
1671.5961 	DATA 	Keypress: 1
1671.6068 	EXP 	Device response: <KeyPress from None: t=1671.5937244000006, value=1, duration=None>
1671.7076 	EXP 	Device response: <KeyPress from None: t=1671.5937244000006, value=1, duration=0.10587190000023838>
1673.8449 	DATA 	Mouse: Left button down, pos=(955,345)
1673.8575 	EXP 	New trial (rep=28, index=11): <Trial 347 (11 in rep 28) data={'delay': 0.7, 'freq': 1000, 'condition': 'exp', 'thisN': 347, 'thisTrialN': 11, 'thisRepN': 28}>
1673.8726 	EXP 	text: autoDraw = False
1673.8726 	EXP 	textbox: autoDraw = False
1673.8726 	EXP 	polygon: autoDraw = True
1674.0764 	DATA 	Mouse:  Left button up, pos=(955,345)
1674.8728 	INFO 	Keyboard events cleared
1674.8726 	EXP 	polygon: autoDraw = False
1674.8726 	EXP 	polygon_2: autoDraw = True
1675.1570 	EXP 	Device response: <KeyPress from None: t=1675.1476803000005, value=space, duration=None>
1675.1596 	DATA 	Keypress: space
1675.1726 	EXP 	polygon: autoDraw = False
1675.1726 	EXP 	polygon_2: autoDraw = False
1675.2232 	EXP 	Device response: <KeyPress from None: t=1675.1476803000005, value=space, duration=0.07314219999989291>
1675.8564 	EXP 	Sound sound_1 reached end of file
1675.8723 	EXP 	Playing sound sound_1 on speaker Speakers (Realtek(R) Audio)
1676.1727 	EXP 	Sound sound_1 stopped
1676.1808 	EXP 	text: autoDraw = True
1676.1808 	EXP 	textbox: autoDraw = True
1676.6465 	DATA 	Keypress: 4
1676.6567 	EXP 	Device response: <KeyPress from None: t=1676.6414966000002, value=4, duration=None>
1676.7580 	EXP 	Device response: <KeyPress from None: t=1676.6414966000002, value=4, duration=0.11274779999985185>
1677.3127 	DATA 	Mouse: Left button down, pos=(955,345)
1677.3243 	EXP 	New trial (rep=29, index=0): <Trial 348 (0 in rep 29) data={'delay': 0.1, 'freq': 400, 'condition': 'unexp', 'thisN': 348, 'thisTrialN': 0, 'thisRepN': 29}>
1677.3393 	EXP 	text: autoDraw = False
1677.3393 	EXP 	textbox: autoDraw = False
1677.3393 	EXP 	polygon: autoDraw = True
1677.4266 	DATA 	Mouse:  Left button up, pos=(955,345)
1678.3397 	INFO 	Keyboard events cleared
1678.3395 	EXP 	polygon: autoDraw = False
1678.3395 	EXP 	polygon_2: autoDraw = True
1678.8229 	EXP 	Device response: <KeyPress from None: t=1678.8084378000003, value=space, duration=None>
1678.8246 	DATA 	Keypress: space
1678.8392 	EXP 	polygon: autoDraw = False
1678.8392 	EXP 	polygon_2: autoDraw = False
1678.9062 	EXP 	Sound sound_1 reached end of file
1678.9225 	EXP 	Playing sound sound_1 on speaker Speakers (Realtek(R) Audio)
1678.9911 	EXP 	Device response: <KeyPress from None: t=1678.8084378000003, value=space, duration=0.16795939999974507>
1679.2216 	EXP 	Sound sound_1 stopped
1679.2333 	EXP 	text: autoDraw = True
1679.2333 	EXP 	textbox: autoDraw = True
1679.8403 	DATA 	Keypress: 0
1679.8421 	EXP 	Device response: <KeyPress from None: t=1679.8365392000005, value=0, duration=None>
1679.9752 	EXP 	Device response: <KeyPress from None: t=1679.8365392000005, value=0, duration=0.13229080000019167>
1680.3301 	DATA 	Mouse: Left button down, pos=(1005,1041)
1680.4138 	DATA 	Mouse:  Left button up, pos=(1005,1041)
1681.5971 	DATA 	Mouse: Left button down, pos=(968,354)
1681.6072 	EXP 	New trial (rep=29, index=1): <Trial 349 (1 in rep 29) data={'delay': 0.4, 'freq': 1000, 'condition': 'exp', 'thisN': 349, 'thisTrialN': 1, 'thisRepN': 29}>
1681.6226 	EXP 	text: autoDraw = False
1681.6226 	EXP 	textbox: autoDraw = False
1681.6226 	EXP 	polygon: autoDraw = True
1681.7096 	DATA 	Mouse:  Left button up, pos=(968,354)
1682.6061 	INFO 	Keyboard events cleared
1682.6059 	EXP 	polygon_2: autoDraw = True
1682.6225 	EXP 	polygon: autoDraw = False
1682.8397 	EXP 	Device response: <KeyPress from None: t=1682.832276, value=space, duration=None>
1682.8421 	DATA 	Keypress: space
1682.8558 	EXP 	polygon: autoDraw = False
1682.8558 	EXP 	polygon_2: autoDraw = False
1682.9734 	EXP 	Device response: <KeyPress from None: t=1682.832276, value=space, duration=0.1327486999998655>
1683.2397 	EXP 	Sound sound_1 reached end of file
1683.2558 	EXP 	Playing sound sound_1 on speaker Speakers (Realtek(R) Audio)
1683.5517 	EXP 	Sound sound_1 stopped
1683.5634 	EXP 	text: autoDraw = True
1683.5634 	EXP 	textbox: autoDraw = True
1684.8290 	DATA 	Keypress: 3
1684.8398 	EXP 	Device response: <KeyPress from None: t=1684.8265091000003, value=3, duration=None>
1684.9247 	EXP 	Device response: <KeyPress from None: t=1684.8265091000003, value=3, duration=0.08961400000043795>
1685.4248 	DATA 	Mouse: Left button down, pos=(968,354)
1685.4259 	EXP 	New trial (rep=29, index=2): <Trial 350 (2 in rep 29) data={'delay': 0.7, 'freq': 1000, 'condition': 'exp', 'thisN': 350, 'thisTrialN': 2, 'thisRepN': 29}>
1685.4392 	EXP 	text: autoDraw = False
1685.4392 	EXP 	textbox: autoDraw = False
1685.4392 	EXP 	polygon: autoDraw = True
1685.5272 	DATA 	Mouse:  Left button up, pos=(968,354)
1686.4391 	INFO 	Keyboard events cleared
1686.4390 	EXP 	polygon: autoDraw = False
1686.4390 	EXP 	polygon_2: autoDraw = True
1686.7396 	EXP 	Device response: <KeyPress from None: t=1686.7334272000007, value=space, duration=None>
1686.7412 	DATA 	Keypress: space
1686.7556 	EXP 	polygon: autoDraw = False
1686.7556 	EXP 	polygon_2: autoDraw = False
1686.8561 	EXP 	Device response: <KeyPress from None: t=1686.7334272000007, value=space, duration=0.11589499999990949>
1687.4225 	EXP 	Sound sound_1 reached end of file
1687.4388 	EXP 	Playing sound sound_1 on speaker Speakers (Realtek(R) Audio)
1687.7342 	EXP 	Sound sound_1 stopped
1687.7455 	EXP 	text: autoDraw = True
1687.7455 	EXP 	textbox: autoDraw = True
1688.5568 	DATA 	Keypress: 2
1688.5589 	EXP 	Device response: <KeyPress from None: t=1688.5555137000001, value=2, duration=None>
1688.6731 	EXP 	Device response: <KeyPress from None: t=1688.5555137000001, value=2, duration=0.1017587000005733>
1689.2904 	DATA 	Keypress: space
1689.2930 	EXP 	Device response: <KeyPress from None: t=1689.2823015000004, value=space, duration=None>
1689.3760 	EXP 	Device response: <KeyPress from None: t=1689.2823015000004, value=space, duration=0.08287010000003647>
1689.9122 	DATA 	Mouse: Left button down, pos=(978,321)
1689.9240 	EXP 	New trial (rep=29, index=3): <Trial 351 (3 in rep 29) data={'delay': 0.7, 'freq': 400, 'condition': 'unexp', 'thisN': 351, 'thisTrialN': 3, 'thisRepN': 29}>
1689.9393 	EXP 	text: autoDraw = False
1689.9393 	EXP 	textbox: autoDraw = False
1689.9393 	EXP 	polygon: autoDraw = True
1689.9761 	DATA 	Mouse:  Left button up, pos=(978,321)
1690.9395 	INFO 	Keyboard events cleared
1690.9393 	EXP 	polygon: autoDraw = False
1690.9393 	EXP 	polygon_2: autoDraw = True
1691.5900 	EXP 	Device response: <KeyPress from None: t=1691.5793935000002, value=space, duration=None>
1691.5926 	DATA 	Keypress: space
1691.6057 	EXP 	polygon: autoDraw = False
1691.6057 	EXP 	polygon_2: autoDraw = False
1691.6728 	EXP 	Device response: <KeyPress from None: t=1691.5793935000002, value=space, duration=0.08560800000032032>
1692.2893 	EXP 	Sound sound_1 reached end of file
1692.3055 	EXP 	Playing sound sound_1 on speaker Speakers (Realtek(R) Audio)
1692.6003 	EXP 	Sound sound_1 stopped
1692.6112 	EXP 	text: autoDraw = True
1692.6112 	EXP 	textbox: autoDraw = True
1693.3569 	DATA 	Keypress: 0
1693.3596 	EXP 	Device response: <KeyPress from None: t=1693.3530331000002, value=0, duration=None>
1693.4741 	EXP 	Device response: <KeyPress from None: t=1693.3530331000002, value=0, duration=0.11852180000005319>
1694.9309 	DATA 	Mouse: Left button down, pos=(978,321)
1694.9412 	EXP 	New trial (rep=29, index=4): <Trial 352 (4 in rep 29) data={'delay': 0.4, 'freq': 400, 'condition': 'unexp', 'thisN': 352, 'thisTrialN': 4, 'thisRepN': 29}>
1694.9559 	EXP 	text: autoDraw = False
1694.9559 	EXP 	textbox: autoDraw = False
1694.9559 	EXP 	polygon: autoDraw = True
1695.1577 	DATA 	Mouse:  Left button up, pos=(978,321)
1695.9561 	INFO 	Keyboard events cleared
1695.9559 	EXP 	polygon: autoDraw = False
1695.9559 	EXP 	polygon_2: autoDraw = True
1696.8754 	DATA 	Keypress: space
1696.8900 	EXP 	Device response: <KeyPress from None: t=1696.8745722000003, value=space, duration=None>
1696.9054 	EXP 	polygon: autoDraw = False
1696.9054 	EXP 	polygon_2: autoDraw = False
1696.9732 	EXP 	Device response: <KeyPress from None: t=1696.8745722000003, value=space, duration=0.08203950000006444>
1697.2900 	EXP 	Sound sound_1 reached end of file
1697.3060 	EXP 	Playing sound sound_1 on speaker Speakers (Realtek(R) Audio)
1697.6009 	EXP 	Sound sound_1 stopped
1697.6153 	EXP 	text: autoDraw = True
1697.6153 	EXP 	textbox: autoDraw = True
1698.2459 	DATA 	Keypress: 0
1698.2561 	EXP 	Device response: <KeyPress from None: t=1698.2415399000001, value=0, duration=None>
1698.3422 	EXP 	Device response: <KeyPress from None: t=1698.2415399000001, value=0, duration=0.08908880000035424>
1700.8172 	DATA 	Mouse: Left button down, pos=(978,321)
1700.8238 	EXP 	New trial (rep=29, index=5): <Trial 353 (5 in rep 29) data={'delay': 0.1, 'freq': 1000, 'condition': 'exp', 'thisN': 353, 'thisTrialN': 5, 'thisRepN': 29}>
1700.8392 	EXP 	text: autoDraw = False
1700.8392 	EXP 	textbox: autoDraw = False
1700.8392 	EXP 	polygon: autoDraw = True
1700.8956 	DATA 	Mouse:  Left button up, pos=(978,321)
1701.8395 	INFO 	Keyboard events cleared
1701.8392 	EXP 	polygon: autoDraw = False
1701.8392 	EXP 	polygon_2: autoDraw = True
1702.5730 	EXP 	Device response: <KeyPress from None: t=1702.5717782000002, value=space, duration=None>
1702.5747 	DATA 	Keypress: space
1702.5895 	EXP 	polygon: autoDraw = False
1702.5895 	EXP 	polygon_2: autoDraw = False
1702.6560 	EXP 	Sound sound_1 reached end of file
1702.6723 	EXP 	Playing sound sound_1 on speaker Speakers (Realtek(R) Audio)
1702.6728 	EXP 	Device response: <KeyPress from None: t=1702.5717782000002, value=space, duration=0.08919470000000729>
1702.9731 	EXP 	Sound sound_1 stopped
1702.9819 	EXP 	text: autoDraw = True
1702.9819 	EXP 	textbox: autoDraw = True
1704.1956 	DATA 	Keypress: 2
1704.2063 	EXP 	Device response: <KeyPress from None: t=1704.1908114000007, value=2, duration=None>
1704.3229 	EXP 	Device response: <KeyPress from None: t=1704.1908114000007, value=2, duration=0.1163077000001067>
1704.8912 	DATA 	Mouse: Left button down, pos=(978,321)
1704.8930 	EXP 	New trial (rep=29, index=6): <Trial 354 (6 in rep 29) data={'delay': 0.1, 'freq': 1000, 'condition': 'exp', 'thisN': 354, 'thisTrialN': 6, 'thisRepN': 29}>
1704.9057 	EXP 	text: autoDraw = False
1704.9057 	EXP 	textbox: autoDraw = False
1704.9057 	EXP 	polygon: autoDraw = True
1704.9755 	DATA 	Mouse:  Left button up, pos=(978,321)
1705.9053 	INFO 	Keyboard events cleared
1705.9051 	EXP 	polygon: autoDraw = False
1705.9051 	EXP 	polygon_2: autoDraw = True
1706.2398 	EXP 	Device response: <KeyPress from None: t=1706.2306477000002, value=space, duration=None>
1706.2415 	DATA 	Keypress: space
1706.2557 	EXP 	polygon: autoDraw = False
1706.2557 	EXP 	polygon_2: autoDraw = False
1706.3394 	EXP 	Sound sound_1 reached end of file
1706.3556 	EXP 	Playing sound sound_1 on speaker Speakers (Realtek(R) Audio)
1706.3397 	EXP 	Device response: <KeyPress from None: t=1706.2306477000002, value=space, duration=0.09984729999996489>
1706.6553 	EXP 	Sound sound_1 stopped
1706.6647 	EXP 	text: autoDraw = True
1706.6647 	EXP 	textbox: autoDraw = True
1707.6629 	DATA 	Keypress: 2
1707.6728 	EXP 	Device response: <KeyPress from None: t=1707.6618975000001, value=2, duration=None>
1707.7559 	EXP 	Device response: <KeyPress from None: t=1707.6618975000001, value=2, duration=0.07963879999988421>
1708.2110 	DATA 	Mouse: Left button down, pos=(978,321)
1708.2239 	EXP 	New trial (rep=29, index=7): <Trial 355 (7 in rep 29) data={'delay': 0.7, 'freq': 1000, 'condition': 'exp', 'thisN': 355, 'thisTrialN': 7, 'thisRepN': 29}>
1708.2392 	EXP 	text: autoDraw = False
1708.2392 	EXP 	textbox: autoDraw = False
1708.2392 	EXP 	polygon: autoDraw = True
1708.3069 	DATA 	Mouse:  Left button up, pos=(978,321)
1709.2395 	INFO 	Keyboard events cleared
1709.2393 	EXP 	polygon: autoDraw = False
1709.2393 	EXP 	polygon_2: autoDraw = True
1709.5560 	EXP 	Device response: <KeyPress from None: t=1709.5443680000008, value=space, duration=None>
1709.5582 	DATA 	Keypress: space
1709.5722 	EXP 	polygon: autoDraw = False
1709.5722 	EXP 	polygon_2: autoDraw = False
1709.6723 	EXP 	Device response: <KeyPress from None: t=1709.5443680000008, value=space, duration=0.11883919999945647>
1710.2395 	EXP 	Sound sound_1 reached end of file
1710.2554 	EXP 	Playing sound sound_1 on speaker Speakers (Realtek(R) Audio)
1710.5539 	EXP 	Sound sound_1 stopped
1710.5642 	EXP 	text: autoDraw = True
1710.5642 	EXP 	textbox: autoDraw = True
1711.3796 	DATA 	Keypress: 3
1711.3898 	EXP 	Device response: <KeyPress from None: t=1711.3732326000008, value=3, duration=None>
1711.5238 	EXP 	Device response: <KeyPress from None: t=1711.3732326000008, value=3, duration=0.14909139999963372>
1711.9619 	DATA 	Keypress: space
1711.9725 	EXP 	Device response: <KeyPress from None: t=1711.9593636, value=space, duration=None>
1712.1081 	EXP 	Device response: <KeyPress from None: t=1711.9593636, value=space, duration=0.1384447000000364>
1712.9151 	DATA 	Keypress: backspace
1712.9229 	EXP 	Device response: <KeyPress from None: t=1712.9125053000007, value=backspace, duration=None>
1713.0398 	EXP 	Device response: <KeyPress from None: t=1712.9125053000007, value=backspace, duration=0.11577979999947274>
1713.3121 	DATA 	Mouse: Left button down, pos=(978,321)
1713.3240 	EXP 	New trial (rep=29, index=8): <Trial 356 (8 in rep 29) data={'delay': 0.1, 'freq': 1000, 'condition': 'exp', 'thisN': 356, 'thisTrialN': 8, 'thisRepN': 29}>
1713.3391 	EXP 	text: autoDraw = False
1713.3391 	EXP 	textbox: autoDraw = False
1713.3391 	EXP 	polygon: autoDraw = True
1713.3943 	DATA 	Mouse:  Left button up, pos=(978,321)
1714.3388 	INFO 	Keyboard events cleared
1714.3386 	EXP 	polygon: autoDraw = False
1714.3386 	EXP 	polygon_2: autoDraw = True
1714.6226 	EXP 	Device response: <KeyPress from None: t=1714.6184003000008, value=space, duration=None>
1714.6244 	DATA 	Keypress: space
1714.6391 	EXP 	polygon: autoDraw = False
1714.6391 	EXP 	polygon_2: autoDraw = False
1714.7057 	EXP 	Sound sound_1 reached end of file
1714.7221 	EXP 	Playing sound sound_1 on speaker Speakers (Realtek(R) Audio)
1714.7230 	EXP 	Device response: <KeyPress from None: t=1714.6184003000008, value=space, duration=0.09906079999927897>
1715.0236 	EXP 	Sound sound_1 stopped
1715.0356 	EXP 	text: autoDraw = True
1715.0356 	EXP 	textbox: autoDraw = True
1715.7644 	DATA 	Keypress: 2
1715.7730 	EXP 	Device response: <KeyPress from None: t=1715.7640166, value=2, duration=None>
1715.8419 	EXP 	Device response: <KeyPress from None: t=1715.7640166, value=2, duration=0.07334810000065772>
1716.3142 	DATA 	Mouse: Left button down, pos=(978,321)
1716.3232 	EXP 	New trial (rep=29, index=9): <Trial 357 (9 in rep 29) data={'delay': 0.4, 'freq': 1000, 'condition': 'exp', 'thisN': 357, 'thisTrialN': 9, 'thisRepN': 29}>
1716.3389 	EXP 	text: autoDraw = False
1716.3389 	EXP 	textbox: autoDraw = False
1716.3389 	EXP 	polygon: autoDraw = True
1716.3943 	DATA 	Mouse:  Left button up, pos=(978,321)
1717.3226 	INFO 	Keyboard events cleared
1717.3225 	EXP 	polygon_2: autoDraw = True
1717.3392 	EXP 	polygon: autoDraw = False
1718.2401 	EXP 	Device response: <KeyPress from None: t=1718.2351610000005, value=space, duration=None>
1718.2424 	DATA 	Keypress: space
1718.2558 	EXP 	polygon: autoDraw = False
1718.2558 	EXP 	polygon_2: autoDraw = False
1718.3559 	EXP 	Device response: <KeyPress from None: t=1718.2351610000005, value=space, duration=0.10824549999961164>
1718.6391 	EXP 	Sound sound_1 reached end of file
1718.6551 	EXP 	Playing sound sound_1 on speaker Speakers (Realtek(R) Audio)
1718.9543 	EXP 	Sound sound_1 stopped
1718.9635 	EXP 	text: autoDraw = True
1718.9635 	EXP 	textbox: autoDraw = True
1720.9396 	DATA 	Keypress: 2
1720.9419 	EXP 	Device response: <KeyPress from None: t=1720.9372787000002, value=2, duration=None>
1721.0407 	EXP 	Device response: <KeyPress from None: t=1720.9372787000002, value=2, duration=0.09903010000016366>
1721.8575 	DATA 	Mouse: Left button down, pos=(978,321)
1721.8588 	EXP 	New trial (rep=29, index=10): <Trial 358 (10 in rep 29) data={'delay': 0.4, 'freq': 1000, 'condition': 'exp', 'thisN': 358, 'thisTrialN': 10, 'thisRepN': 29}>
1721.8721 	EXP 	text: autoDraw = False
1721.8721 	EXP 	textbox: autoDraw = False
1721.8721 	EXP 	polygon: autoDraw = True
1721.9575 	DATA 	Mouse:  Left button up, pos=(978,321)
1722.8721 	INFO 	Keyboard events cleared
1722.8720 	EXP 	polygon: autoDraw = False
1722.8720 	EXP 	polygon_2: autoDraw = True
1723.1396 	EXP 	Device response: <KeyPress from None: t=1723.1356435000007, value=space, duration=None>
1723.1419 	DATA 	Keypress: space
1723.1555 	EXP 	polygon: autoDraw = False
1723.1555 	EXP 	polygon_2: autoDraw = False
1723.2727 	EXP 	Device response: <KeyPress from None: t=1723.1356435000007, value=space, duration=0.12235009999949398>
1723.5395 	EXP 	Sound sound_1 reached end of file
1723.5551 	EXP 	Playing sound sound_1 on speaker Speakers (Realtek(R) Audio)
1723.8529 	EXP 	Sound sound_1 stopped
1723.8630 	EXP 	text: autoDraw = True
1723.8630 	EXP 	textbox: autoDraw = True
1725.3727 	DATA 	Keypress: 2
1725.3744 	EXP 	Device response: <KeyPress from None: t=1725.3658760000008, value=2, duration=None>
1725.4412 	EXP 	Device response: <KeyPress from None: t=1725.3658760000008, value=2, duration=0.06955109999944398>
1725.9638 	DATA 	Mouse: Left button down, pos=(978,321)
1725.9740 	EXP 	New trial (rep=29, index=11): <Trial 359 (11 in rep 29) data={'delay': 0.7, 'freq': 1000, 'condition': 'exp', 'thisN': 359, 'thisTrialN': 11, 'thisRepN': 29}>
1725.9891 	EXP 	text: autoDraw = False
1725.9891 	EXP 	textbox: autoDraw = False
1725.9891 	EXP 	polygon: autoDraw = True
1726.0584 	DATA 	Mouse:  Left button up, pos=(978,321)
1726.9892 	INFO 	Keyboard events cleared
1726.9890 	EXP 	polygon: autoDraw = False
1726.9890 	EXP 	polygon_2: autoDraw = True
1727.3062 	EXP 	Device response: <KeyPress from None: t=1727.2976671000006, value=space, duration=None>
1727.3085 	DATA 	Keypress: space
1727.3222 	EXP 	polygon: autoDraw = False
1727.3222 	EXP 	polygon_2: autoDraw = False
1727.3723 	EXP 	Device response: <KeyPress from None: t=1727.2976671000006, value=space, duration=0.06930029999966791>
1728.0050 	EXP 	Sound sound_1 reached end of file
1728.0213 	EXP 	Playing sound sound_1 on speaker Speakers (Realtek(R) Audio)
1728.3251 	EXP 	Sound sound_1 stopped
1728.3388 	EXP 	text: autoDraw = True
1728.3388 	EXP 	textbox: autoDraw = True
1729.1400 	DATA 	Keypress: 3
1729.1427 	EXP 	Device response: <KeyPress from None: t=1729.1362112000006, value=3, duration=None>
1729.2065 	EXP 	Device response: <KeyPress from None: t=1729.1362112000006, value=3, duration=0.0659881999999925>
1729.6634 	DATA 	Mouse: Left button down, pos=(978,321)
1729.6736 	EXP 	New trial (rep=30, index=0): <Trial 360 (0 in rep 30) data={'delay': 0.1, 'freq': 1000, 'condition': 'exp', 'thisN': 360, 'thisTrialN': 0, 'thisRepN': 30}>
1729.6895 	EXP 	text: autoDraw = False
1729.6895 	EXP 	textbox: autoDraw = False
1729.6895 	EXP 	polygon: autoDraw = True
1729.7582 	DATA 	Mouse:  Left button up, pos=(978,321)
1730.6892 	INFO 	Keyboard events cleared
1730.6890 	EXP 	polygon: autoDraw = False
1730.6890 	EXP 	polygon_2: autoDraw = True
1731.0223 	EXP 	Device response: <KeyPress from None: t=1731.0142384, value=space, duration=None>
1731.0245 	DATA 	Keypress: space
1731.0388 	EXP 	polygon: autoDraw = False
1731.0388 	EXP 	polygon_2: autoDraw = False
1731.1054 	EXP 	Sound sound_1 reached end of file
1731.1217 	EXP 	Playing sound sound_1 on speaker Speakers (Realtek(R) Audio)
1731.1058 	EXP 	Device response: <KeyPress from None: t=1731.0142384, value=space, duration=0.07917400000042107>
1731.4204 	EXP 	Sound sound_1 stopped
1731.4308 	EXP 	text: autoDraw = True
1731.4308 	EXP 	textbox: autoDraw = True
1733.7636 	DATA 	Keypress: 3
1733.7723 	EXP 	Device response: <KeyPress from None: t=1733.7617566000008, value=3, duration=None>
1733.8893 	EXP 	Device response: <KeyPress from None: t=1733.7617566000008, value=3, duration=0.11288079999940237>
1734.2934 	DATA 	Mouse: Left button down, pos=(978,321)
1734.3072 	EXP 	New trial (rep=30, index=1): <Trial 361 (1 in rep 30) data={'delay': 0.1, 'freq': 1000, 'condition': 'exp', 'thisN': 361, 'thisTrialN': 1, 'thisRepN': 30}>
1734.3220 	EXP 	text: autoDraw = False
1734.3220 	EXP 	textbox: autoDraw = False
1734.3220 	EXP 	polygon: autoDraw = True
1734.4079 	DATA 	Mouse:  Left button up, pos=(978,321)
1735.3220 	INFO 	Keyboard events cleared
1735.3218 	EXP 	polygon: autoDraw = False
1735.3218 	EXP 	polygon_2: autoDraw = True
1735.6393 	EXP 	Device response: <KeyPress from None: t=1735.6319146000005, value=space, duration=None>
1735.6411 	DATA 	Keypress: space
1735.6549 	EXP 	polygon: autoDraw = False
1735.6549 	EXP 	polygon_2: autoDraw = False
1735.7389 	EXP 	Sound sound_1 reached end of file
1735.7549 	EXP 	Playing sound sound_1 on speaker Speakers (Realtek(R) Audio)
1735.8220 	EXP 	Device response: <KeyPress from None: t=1735.6319146000005, value=space, duration=0.18115760000000591>
1736.0517 	EXP 	Sound sound_1 stopped
1736.0608 	EXP 	text: autoDraw = True
1736.0608 	EXP 	textbox: autoDraw = True
1737.5137 	DATA 	Keypress: 2
1737.5222 	EXP 	Device response: <KeyPress from None: t=1737.5120977000006, value=2, duration=None>
1737.6220 	EXP 	Device response: <KeyPress from None: t=1737.5120977000006, value=2, duration=0.0959311999995407>
1741.9464 	DATA 	Mouse: Left button down, pos=(955,275)
1741.9568 	EXP 	New trial (rep=30, index=2): <Trial 362 (2 in rep 30) data={'delay': 0.7, 'freq': 400, 'condition': 'unexp', 'thisN': 362, 'thisTrialN': 2, 'thisRepN': 30}>
1741.9718 	EXP 	text: autoDraw = False
1741.9718 	EXP 	textbox: autoDraw = False
1741.9718 	EXP 	polygon: autoDraw = True
1742.0771 	DATA 	Mouse:  Left button up, pos=(955,275)
1742.9716 	INFO 	Keyboard events cleared
1742.9714 	EXP 	polygon: autoDraw = False
1742.9714 	EXP 	polygon_2: autoDraw = True
1743.2889 	EXP 	Device response: <KeyPress from None: t=1743.2813504000005, value=space, duration=None>
1743.2914 	DATA 	Keypress: space
1743.3051 	EXP 	polygon: autoDraw = False
1743.3051 	EXP 	polygon_2: autoDraw = False
1743.4056 	EXP 	Device response: <KeyPress from None: t=1743.2813504000005, value=space, duration=0.10876959999950486>
1743.9894 	EXP 	Sound sound_1 reached end of file
1744.0054 	EXP 	Playing sound sound_1 on speaker Speakers (Realtek(R) Audio)
1744.3064 	EXP 	Sound sound_1 stopped
1744.3182 	EXP 	text: autoDraw = True
1744.3182 	EXP 	textbox: autoDraw = True
1744.9973 	DATA 	Keypress: 0
1745.0057 	EXP 	Device response: <KeyPress from None: t=1744.9949765000001, value=0, duration=None>
1745.1057 	EXP 	Device response: <KeyPress from None: t=1744.9949765000001, value=0, duration=0.09649369999988266>
1745.6407 	DATA 	Mouse: Left button down, pos=(956,403)
1745.6420 	EXP 	New trial (rep=30, index=3): <Trial 363 (3 in rep 30) data={'delay': 0.7, 'freq': 1000, 'condition': 'exp', 'thisN': 363, 'thisTrialN': 3, 'thisRepN': 30}>
1745.6549 	EXP 	text: autoDraw = False
1745.6549 	EXP 	textbox: autoDraw = False
1745.6549 	EXP 	polygon: autoDraw = True
1745.7433 	DATA 	Mouse:  Left button up, pos=(956,403)
1746.6548 	INFO 	Keyboard events cleared
1746.6547 	EXP 	polygon: autoDraw = False
1746.6547 	EXP 	polygon_2: autoDraw = True
1747.0215 	EXP 	Device response: <KeyPress from None: t=1747.0104302, value=space, duration=None>
1747.0233 	DATA 	Keypress: space
1747.0379 	EXP 	polygon: autoDraw = False
1747.0379 	EXP 	polygon_2: autoDraw = False
1747.1050 	EXP 	Device response: <KeyPress from None: t=1747.0104302, value=space, duration=0.09251530000074126>
1747.7052 	EXP 	Sound sound_1 reached end of file
1747.7214 	EXP 	Playing sound sound_1 on speaker Speakers (Realtek(R) Audio)
1748.0240 	EXP 	Sound sound_1 stopped
1748.0333 	EXP 	text: autoDraw = True
1748.0333 	EXP 	textbox: autoDraw = True
1749.8721 	DATA 	Keypress: 2
1749.8738 	EXP 	Device response: <KeyPress from None: t=1749.8689663000005, value=2, duration=None>
1749.9568 	EXP 	Device response: <KeyPress from None: t=1749.8689663000005, value=2, duration=0.08265789999950357>
1751.2565 	DATA 	Mouse: Left button down, pos=(947,330)
1751.2576 	EXP 	New trial (rep=30, index=4): <Trial 364 (4 in rep 30) data={'delay': 0.4, 'freq': 1000, 'condition': 'exp', 'thisN': 364, 'thisTrialN': 4, 'thisRepN': 30}>
1751.2713 	EXP 	text: autoDraw = False
1751.2713 	EXP 	textbox: autoDraw = False
1751.2713 	EXP 	polygon: autoDraw = True
1751.3586 	DATA 	Mouse:  Left button up, pos=(947,330)
1752.2717 	INFO 	Keyboard events cleared
1752.2715 	EXP 	polygon: autoDraw = False
1752.2715 	EXP 	polygon_2: autoDraw = True
1752.9383 	EXP 	Device response: <KeyPress from None: t=1752.9284480000006, value=space, duration=None>
1752.9395 	DATA 	Keypress: space
1752.9544 	EXP 	polygon: autoDraw = False
1752.9544 	EXP 	polygon_2: autoDraw = False
1753.0049 	EXP 	Device response: <KeyPress from None: t=1752.9284480000006, value=space, duration=0.060284600000159116>
1753.3212 	EXP 	Sound sound_1 reached end of file
1753.3376 	EXP 	Playing sound sound_1 on speaker Speakers (Realtek(R) Audio)
1753.6326 	EXP 	Sound sound_1 stopped
1753.6400 	EXP 	text: autoDraw = True
1753.6400 	EXP 	textbox: autoDraw = True
1756.7480 	DATA 	Keypress: 2
1756.7593 	EXP 	Device response: <KeyPress from None: t=1756.7460472000002, value=2, duration=None>
1756.8779 	EXP 	Device response: <KeyPress from None: t=1756.7460472000002, value=2, duration=0.12866459999986546>
1757.3097 	DATA 	Mouse: Left button down, pos=(947,330)
1757.3106 	EXP 	New trial (rep=30, index=5): <Trial 365 (5 in rep 30) data={'delay': 0.1, 'freq': 1000, 'condition': 'exp', 'thisN': 365, 'thisTrialN': 5, 'thisRepN': 30}>
1757.3249 	EXP 	text: autoDraw = False
1757.3249 	EXP 	textbox: autoDraw = False
1757.3249 	EXP 	polygon: autoDraw = True
1757.3790 	DATA 	Mouse:  Left button up, pos=(947,330)
1758.3264 	INFO 	Keyboard events cleared
1758.3262 	EXP 	polygon: autoDraw = False
1758.3262 	EXP 	polygon_2: autoDraw = True
1758.6271 	EXP 	Device response: <KeyPress from None: t=1758.6132830000006, value=space, duration=None>
1758.6295 	DATA 	Keypress: space
1758.6436 	EXP 	polygon: autoDraw = False
1758.6436 	EXP 	polygon_2: autoDraw = False
1758.7261 	EXP 	Sound sound_1 reached end of file
1758.7424 	EXP 	Playing sound sound_1 on speaker Speakers (Realtek(R) Audio)
1758.7774 	EXP 	Device response: <KeyPress from None: t=1758.6132830000006, value=space, duration=0.1518796000000293>
1759.0413 	EXP 	Sound sound_1 stopped
1759.0551 	EXP 	text: autoDraw = True
1759.0551 	EXP 	textbox: autoDraw = True
1760.1920 	DATA 	Keypress: 2
1760.1927 	EXP 	Device response: <KeyPress from None: t=1760.1812871000002, value=2, duration=None>
1760.2589 	EXP 	Device response: <KeyPress from None: t=1760.1812871000002, value=2, duration=0.06272309999985737>
1761.7223 	DATA 	Mouse: Left button down, pos=(947,330)
1761.7232 	EXP 	New trial (rep=30, index=6): <Trial 366 (6 in rep 30) data={'delay': 0.4, 'freq': 1000, 'condition': 'exp', 'thisN': 366, 'thisTrialN': 6, 'thisRepN': 30}>
1761.7382 	EXP 	text: autoDraw = False
1761.7382 	EXP 	textbox: autoDraw = False
1761.7382 	EXP 	polygon: autoDraw = True
1761.9562 	DATA 	Mouse:  Left button up, pos=(947,330)
1762.7384 	INFO 	Keyboard events cleared
1762.7382 	EXP 	polygon: autoDraw = False
1762.7382 	EXP 	polygon_2: autoDraw = True
1763.6547 	EXP 	Device response: <KeyPress from None: t=1763.6441462000003, value=space, duration=None>
1763.6573 	DATA 	Keypress: space
1763.6709 	EXP 	polygon: autoDraw = False
1763.6709 	EXP 	polygon_2: autoDraw = False
1763.7049 	EXP 	Device response: <KeyPress from None: t=1763.6441462000003, value=space, duration=0.05922220000047673>
1764.0383 	EXP 	Sound sound_1 reached end of file
1764.0547 	EXP 	Playing sound sound_1 on speaker Speakers (Realtek(R) Audio)
1764.3552 	EXP 	Sound sound_1 stopped
1764.3662 	EXP 	text: autoDraw = True
1764.3662 	EXP 	textbox: autoDraw = True
1765.6597 	DATA 	Keypress: 2
1765.6715 	EXP 	Device response: <KeyPress from None: t=1765.6590908000007, value=2, duration=None>
1765.7549 	EXP 	Device response: <KeyPress from None: t=1765.6590908000007, value=2, duration=0.08281239999996615>
1766.4886 	DATA 	Keypress: space
1766.4894 	EXP 	Device response: <KeyPress from None: t=1766.4780567000007, value=space, duration=None>
1766.5742 	EXP 	Device response: <KeyPress from None: t=1766.4780567000007, value=space, duration=0.09299969999938185>
1767.2550 	DATA 	Keypress: backspace
1767.2567 	EXP 	Device response: <KeyPress from None: t=1767.2503499000004, value=backspace, duration=None>
1767.3566 	EXP 	Device response: <KeyPress from None: t=1767.2503499000004, value=backspace, duration=0.1030668000003061>
1767.6387 	DATA 	Mouse: Left button down, pos=(947,330)
1767.6394 	EXP 	New trial (rep=30, index=7): <Trial 367 (7 in rep 30) data={'delay': 0.4, 'freq': 400, 'condition': 'unexp', 'thisN': 367, 'thisTrialN': 7, 'thisRepN': 30}>
1767.6553 	EXP 	text: autoDraw = False
1767.6553 	EXP 	textbox: autoDraw = False
1767.6553 	EXP 	polygon: autoDraw = True
1767.7241 	DATA 	Mouse:  Left button up, pos=(947,330)
1768.6546 	INFO 	Keyboard events cleared
1768.6545 	EXP 	polygon: autoDraw = False
1768.6545 	EXP 	polygon_2: autoDraw = True
1769.1055 	EXP 	Device response: <KeyPress from None: t=1769.1008018000002, value=space, duration=None>
1769.1080 	DATA 	Keypress: space
1769.1213 	EXP 	polygon: autoDraw = False
1769.1213 	EXP 	polygon_2: autoDraw = False
1769.2221 	EXP 	Device response: <KeyPress from None: t=1769.1008018000002, value=space, duration=0.11591039999984787>
1769.5050 	EXP 	Sound sound_1 reached end of file
1769.5212 	EXP 	Playing sound sound_1 on speaker Speakers (Realtek(R) Audio)
1769.8225 	EXP 	Sound sound_1 stopped
1769.8335 	EXP 	text: autoDraw = True
1769.8335 	EXP 	textbox: autoDraw = True
1770.4279 	DATA 	Keypress: 0
1770.4387 	EXP 	Device response: <KeyPress from None: t=1770.4234704, value=0, duration=None>
1770.5392 	EXP 	Device response: <KeyPress from None: t=1770.4234704, value=0, duration=0.10268120000000636>
1770.7962 	DATA 	Mouse: Left button down, pos=(947,330)
1770.8058 	EXP 	New trial (rep=30, index=8): <Trial 368 (8 in rep 30) data={'delay': 0.4, 'freq': 1000, 'condition': 'exp', 'thisN': 368, 'thisTrialN': 8, 'thisRepN': 30}>
1770.8213 	EXP 	text: autoDraw = False
1770.8213 	EXP 	textbox: autoDraw = False
1770.8213 	EXP 	polygon: autoDraw = True
1770.9252 	DATA 	Mouse:  Left button up, pos=(947,330)
1771.8049 	INFO 	Keyboard events cleared
1771.8047 	EXP 	polygon_2: autoDraw = True
1771.8213 	EXP 	polygon: autoDraw = False
1772.1057 	EXP 	Device response: <KeyPress from None: t=1772.0973585000002, value=space, duration=None>
1772.1077 	DATA 	Keypress: space
1772.1210 	EXP 	polygon: autoDraw = False
1772.1210 	EXP 	polygon_2: autoDraw = False
1772.2213 	EXP 	Device response: <KeyPress from None: t=1772.0973585000002, value=space, duration=0.1122562000000471>
1772.5048 	EXP 	Sound sound_1 reached end of file
1772.5211 	EXP 	Playing sound sound_1 on speaker Speakers (Realtek(R) Audio)
1772.8191 	EXP 	Sound sound_1 stopped
1772.8302 	EXP 	text: autoDraw = True
1772.8302 	EXP 	textbox: autoDraw = True
1773.6890 	DATA 	Keypress: 2
1773.6916 	EXP 	Device response: <KeyPress from None: t=1773.6884528, value=2, duration=None>
1773.8239 	EXP 	Device response: <KeyPress from None: t=1773.6884528, value=2, duration=0.1321723999999449>
1774.3225 	DATA 	Mouse: Left button down, pos=(947,330)
1774.3238 	EXP 	New trial (rep=30, index=9): <Trial 369 (9 in rep 30) data={'delay': 0.7, 'freq': 1000, 'condition': 'exp', 'thisN': 369, 'thisTrialN': 9, 'thisRepN': 30}>
1774.3380 	EXP 	text: autoDraw = False
1774.3380 	EXP 	textbox: autoDraw = False
1774.3380 	EXP 	polygon: autoDraw = True
1774.4430 	DATA 	Mouse:  Left button up, pos=(947,330)
1774.4556 	WARNING 	Keypress was given unknown key code (174)
1774.4558 	EXP 	Device response: <KeyPress from None: t=1774.4531115, value=unknown, duration=None>
1775.3290 	INFO 	Keyboard events cleared
1775.3287 	EXP 	polygon_2: autoDraw = True
1775.3441 	EXP 	polygon: autoDraw = False
1775.4447 	EXP 	Device response: <KeyPress from None: t=1774.4531115, value=unknown, duration=0.9806516000007832>
1775.7112 	WARNING 	Keypress was given unknown key code (174)
1775.7122 	EXP 	Device response: <KeyPress from None: t=1775.6979131000007, value=unknown, duration=None>
1775.8108 	EXP 	Device response: <KeyPress from None: t=1775.6979131000007, value=unknown, duration=0.10004209999988234>
1776.2101 	WARNING 	Keypress was given unknown key code (174)
1776.2103 	EXP 	Device response: <KeyPress from None: t=1776.2016256000006, value=unknown, duration=None>
1776.2445 	EXP 	Device response: <KeyPress from None: t=1776.2430836000003, value=space, duration=None>
1776.2472 	DATA 	Keypress: space
1776.2599 	EXP 	polygon: autoDraw = False
1776.2599 	EXP 	polygon_2: autoDraw = False
1776.3634 	EXP 	Device response: <KeyPress from None: t=1776.2016256000006, value=unknown, duration=0.15912269999989803>
1776.3634 	EXP 	Device response: <KeyPress from None: t=1776.2430836000003, value=space, duration=0.1176647000002049>
1776.9280 	EXP 	Sound sound_1 reached end of file
1776.9441 	EXP 	Playing sound sound_1 on speaker Speakers (Realtek(R) Audio)
1777.2410 	EXP 	Sound sound_1 stopped
1777.2532 	EXP 	text: autoDraw = True
1777.2532 	EXP 	textbox: autoDraw = True
1778.4307 	DATA 	Keypress: 2
1778.4419 	EXP 	Device response: <KeyPress from None: t=1778.4268276000003, value=2, duration=None>
1778.5442 	EXP 	Device response: <KeyPress from None: t=1778.4268276000003, value=2, duration=0.110228399999869>
1779.1217 	DATA 	Keypress: backspace
1779.1236 	EXP 	Device response: <KeyPress from None: t=1779.1150202000008, value=backspace, duration=None>
1779.2547 	EXP 	Device response: <KeyPress from None: t=1779.1150202000008, value=backspace, duration=0.12509959999988496>
1779.6714 	DATA 	Keypress: 3
1779.6724 	EXP 	Device response: <KeyPress from None: t=1779.6698068000005, value=3, duration=None>
1779.7729 	EXP 	Device response: <KeyPress from None: t=1779.6698068000005, value=3, duration=0.09890709999945102>
1780.2559 	DATA 	Mouse: Left button down, pos=(947,330)
1780.2570 	EXP 	New trial (rep=30, index=10): <Trial 370 (10 in rep 30) data={'delay': 0.1, 'freq': 400, 'condition': 'unexp', 'thisN': 370, 'thisTrialN': 10, 'thisRepN': 30}>
1780.2712 	EXP 	text: autoDraw = False
1780.2712 	EXP 	textbox: autoDraw = False
1780.2712 	EXP 	polygon: autoDraw = True
1780.3399 	DATA 	Mouse:  Left button up, pos=(947,330)
1781.2708 	INFO 	Keyboard events cleared
1781.2707 	EXP 	polygon: autoDraw = False
1781.2707 	EXP 	polygon_2: autoDraw = True
1781.7543 	EXP 	Device response: <KeyPress from None: t=1781.7400861000006, value=space, duration=None>
1781.7557 	DATA 	Keypress: space
1781.7707 	EXP 	polygon: autoDraw = False
1781.7707 	EXP 	polygon_2: autoDraw = False
1781.8385 	EXP 	Sound sound_1 reached end of file
1781.8543 	EXP 	Playing sound sound_1 on speaker Speakers (Realtek(R) Audio)
1781.8889 	EXP 	Device response: <KeyPress from None: t=1781.7400861000006, value=space, duration=0.13641649999954097>
1782.1543 	EXP 	Sound sound_1 stopped
1782.1644 	EXP 	text: autoDraw = True
1782.1644 	EXP 	textbox: autoDraw = True
1783.6939 	DATA 	Keypress: 0
1783.7048 	EXP 	Device response: <KeyPress from None: t=1783.6926949000008, value=0, duration=None>
1783.8221 	EXP 	Device response: <KeyPress from None: t=1783.6926949000008, value=0, duration=0.12596209999992425>
1784.1725 	DATA 	Mouse: Left button down, pos=(947,330)
1784.1735 	EXP 	New trial (rep=30, index=11): <Trial 371 (11 in rep 30) data={'delay': 0.7, 'freq': 1000, 'condition': 'exp', 'thisN': 371, 'thisTrialN': 11, 'thisRepN': 30}>
1784.1879 	EXP 	text: autoDraw = False
1784.1879 	EXP 	textbox: autoDraw = False
1784.1879 	EXP 	polygon: autoDraw = True
1784.2581 	DATA 	Mouse:  Left button up, pos=(947,330)
1785.1882 	INFO 	Keyboard events cleared
1785.1880 	EXP 	polygon: autoDraw = False
1785.1880 	EXP 	polygon_2: autoDraw = True
1785.5551 	EXP 	Device response: <KeyPress from None: t=1785.5455891000001, value=space, duration=None>
1785.5571 	DATA 	Keypress: space
1785.5711 	EXP 	polygon: autoDraw = False
1785.5711 	EXP 	polygon_2: autoDraw = False
1785.6886 	EXP 	Device response: <KeyPress from None: t=1785.5455891000001, value=space, duration=0.1287290000000212>
1786.2546 	EXP 	Sound sound_1 reached end of file
1786.2709 	EXP 	Playing sound sound_1 on speaker Speakers (Realtek(R) Audio)
1786.5737 	EXP 	Sound sound_1 stopped
1786.5843 	EXP 	text: autoDraw = True
1786.5843 	EXP 	textbox: autoDraw = True
1788.3139 	DATA 	Keypress: 3
1788.3217 	EXP 	Device response: <KeyPress from None: t=1788.3130890000002, value=3, duration=None>
1788.4406 	EXP 	Device response: <KeyPress from None: t=1788.3130890000002, value=3, duration=0.11910900000020774>
1788.9727 	DATA 	Mouse: Left button down, pos=(948,327)
1788.9738 	EXP 	New trial (rep=31, index=0): <Trial 372 (0 in rep 31) data={'delay': 0.4, 'freq': 1000, 'condition': 'exp', 'thisN': 372, 'thisTrialN': 0, 'thisRepN': 31}>
1788.9880 	EXP 	text: autoDraw = False
1788.9880 	EXP 	textbox: autoDraw = False
1788.9880 	EXP 	polygon: autoDraw = True
1789.0441 	DATA 	Mouse:  Left button up, pos=(948,327)
1789.9877 	INFO 	Keyboard events cleared
1789.9875 	EXP 	polygon: autoDraw = False
1789.9875 	EXP 	polygon_2: autoDraw = True
1790.3222 	EXP 	Device response: <KeyPress from None: t=1790.3218580000002, value=space, duration=None>
1790.3242 	DATA 	Keypress: space
1790.3375 	EXP 	polygon: autoDraw = False
1790.3375 	EXP 	polygon_2: autoDraw = False
1790.4879 	EXP 	Device response: <KeyPress from None: t=1790.3218580000002, value=space, duration=0.1610265999997864>
1790.7213 	EXP 	Sound sound_1 reached end of file
1790.7377 	EXP 	Playing sound sound_1 on speaker Speakers (Realtek(R) Audio)
1791.0313 	EXP 	Sound sound_1 stopped
1791.0405 	EXP 	text: autoDraw = True
1791.0405 	EXP 	textbox: autoDraw = True
1795.1716 	DATA 	Keypress: 3
1795.1735 	EXP 	Device response: <KeyPress from None: t=1795.1685940000007, value=3, duration=None>
1795.2727 	EXP 	Device response: <KeyPress from None: t=1795.1685940000007, value=3, duration=0.0959127999994962>
1795.8408 	DATA 	Mouse: Left button down, pos=(945,322)
1795.8422 	EXP 	New trial (rep=31, index=1): <Trial 373 (1 in rep 31) data={'delay': 0.7, 'freq': 1000, 'condition': 'exp', 'thisN': 373, 'thisTrialN': 1, 'thisRepN': 31}>
1795.8543 	EXP 	text: autoDraw = False
1795.8543 	EXP 	textbox: autoDraw = False
1795.8543 	EXP 	polygon: autoDraw = True
1795.9570 	DATA 	Mouse:  Left button up, pos=(945,322)
1796.8543 	INFO 	Keyboard events cleared
1796.8542 	EXP 	polygon: autoDraw = False
1796.8542 	EXP 	polygon_2: autoDraw = True
1798.1393 	EXP 	Device response: <KeyPress from None: t=1798.1280131000003, value=space, duration=None>
1798.1423 	DATA 	Keypress: space
1798.1539 	EXP 	polygon: autoDraw = False
1798.1539 	EXP 	polygon_2: autoDraw = False
1798.2212 	EXP 	Device response: <KeyPress from None: t=1798.1280131000003, value=space, duration=0.08885250000002998>
1798.8383 	EXP 	Sound sound_1 reached end of file
1798.8546 	EXP 	Playing sound sound_1 on speaker Speakers (Realtek(R) Audio)
1799.1533 	EXP 	Sound sound_1 stopped
1799.1635 	EXP 	text: autoDraw = True
1799.1635 	EXP 	textbox: autoDraw = True
1800.0555 	DATA 	Keypress: 3
1800.0577 	EXP 	Device response: <KeyPress from None: t=1800.0471697000003, value=3, duration=None>
1800.1552 	EXP 	Device response: <KeyPress from None: t=1800.0471697000003, value=3, duration=0.09917899999982183>
1800.5225 	DATA 	Mouse: Left button down, pos=(945,322)
1800.5238 	EXP 	New trial (rep=31, index=2): <Trial 374 (2 in rep 31) data={'delay': 0.7, 'freq': 1000, 'condition': 'exp', 'thisN': 374, 'thisTrialN': 2, 'thisRepN': 31}>
1800.5379 	EXP 	text: autoDraw = False
1800.5379 	EXP 	textbox: autoDraw = False
1800.5379 	EXP 	polygon: autoDraw = True
1800.6247 	DATA 	Mouse:  Left button up, pos=(945,322)
1801.5374 	INFO 	Keyboard events cleared
1801.5373 	EXP 	polygon: autoDraw = False
1801.5373 	EXP 	polygon_2: autoDraw = True
1801.8216 	EXP 	Device response: <KeyPress from None: t=1801.8074475000003, value=space, duration=None>
1801.8243 	DATA 	Keypress: space
1801.8377 	EXP 	polygon: autoDraw = False
1801.8377 	EXP 	polygon_2: autoDraw = False
1801.9212 	EXP 	Device response: <KeyPress from None: t=1801.8074475000003, value=space, duration=0.09875629999987723>
1802.5240 	EXP 	Sound sound_1 reached end of file
1802.5400 	EXP 	Playing sound sound_1 on speaker Speakers (Realtek(R) Audio)
1802.8423 	EXP 	Sound sound_1 stopped
1802.8548 	EXP 	text: autoDraw = True
1802.8548 	EXP 	textbox: autoDraw = True
1804.7475 	DATA 	Keypress: 2
1804.7547 	EXP 	Device response: <KeyPress from None: t=1804.7468943000003, value=2, duration=None>
1804.8882 	EXP 	Device response: <KeyPress from None: t=1804.7468943000003, value=2, duration=0.12568180000016582>
1806.3424 	DATA 	Keypress: space
1806.3545 	EXP 	Device response: <KeyPress from None: t=1806.3387713000002, value=space, duration=None>
1806.4878 	EXP 	Device response: <KeyPress from None: t=1806.3387713000002, value=space, duration=0.13570919999983744>
1807.0780 	DATA 	Keypress: backspace
1807.0880 	EXP 	Device response: <KeyPress from None: t=1807.077502, value=backspace, duration=None>
1807.1712 	EXP 	Device response: <KeyPress from None: t=1807.077502, value=backspace, duration=0.07928770000035001>
1807.4720 	DATA 	Mouse: Left button down, pos=(945,322)
1807.4733 	EXP 	New trial (rep=31, index=3): <Trial 375 (3 in rep 31) data={'delay': 0.7, 'freq': 1000, 'condition': 'exp', 'thisN': 375, 'thisTrialN': 3, 'thisRepN': 31}>
1807.4869 	EXP 	text: autoDraw = False
1807.4869 	EXP 	textbox: autoDraw = False
1807.4869 	EXP 	polygon: autoDraw = True
1807.5574 	DATA 	Mouse:  Left button up, pos=(945,322)
1808.4873 	INFO 	Keyboard events cleared
1808.4871 	EXP 	polygon: autoDraw = False
1808.4871 	EXP 	polygon_2: autoDraw = True
1808.8049 	EXP 	Device response: <KeyPress from None: t=1808.7942234000002, value=space, duration=None>
1808.8069 	DATA 	Keypress: space
1808.8207 	EXP 	polygon: autoDraw = False
1808.8207 	EXP 	polygon_2: autoDraw = False
1808.8547 	EXP 	Device response: <KeyPress from None: t=1808.7942234000002, value=space, duration=0.059399100000518956>
1809.5052 	EXP 	Sound sound_1 reached end of file
1809.5210 	EXP 	Playing sound sound_1 on speaker Speakers (Realtek(R) Audio)
1809.8196 	EXP 	Sound sound_1 stopped
1809.8302 	EXP 	text: autoDraw = True
1809.8302 	EXP 	textbox: autoDraw = True
1810.9142 	DATA 	Keypress: 3
1810.9213 	EXP 	Device response: <KeyPress from None: t=1810.9137471000004, value=3, duration=None>
1810.9906 	EXP 	Device response: <KeyPress from None: t=1810.9137471000004, value=3, duration=0.06963939999968716>
1811.3904 	DATA 	Mouse: Left button down, pos=(945,322)
1811.3917 	EXP 	New trial (rep=31, index=4): <Trial 376 (4 in rep 31) data={'delay': 0.1, 'freq': 1000, 'condition': 'exp', 'thisN': 376, 'thisTrialN': 4, 'thisRepN': 31}>
1811.4041 	EXP 	text: autoDraw = False
1811.4041 	EXP 	textbox: autoDraw = False
1811.4041 	EXP 	polygon: autoDraw = True
1811.4750 	DATA 	Mouse:  Left button up, pos=(945,322)
1812.4044 	INFO 	Keyboard events cleared
1812.4042 	EXP 	polygon: autoDraw = False
1812.4042 	EXP 	polygon_2: autoDraw = True
1812.6879 	EXP 	Device response: <KeyPress from None: t=1812.6827571000003, value=space, duration=None>
1812.6902 	DATA 	Keypress: space
1812.7038 	EXP 	polygon: autoDraw = False
1812.7038 	EXP 	polygon_2: autoDraw = False
1812.7708 	EXP 	Device response: <KeyPress from None: t=1812.6827571000003, value=space, duration=0.0790422000000035>
1812.7877 	EXP 	Sound sound_1 reached end of file
1812.8039 	EXP 	Playing sound sound_1 on speaker Speakers (Realtek(R) Audio)
1813.1030 	EXP 	Sound sound_1 stopped
1813.1128 	EXP 	text: autoDraw = True
1813.1128 	EXP 	textbox: autoDraw = True
1815.1945 	DATA 	Keypress: 3
1815.2049 	EXP 	Device response: <KeyPress from None: t=1815.1900514000008, value=3, duration=None>
1815.3055 	EXP 	Device response: <KeyPress from None: t=1815.1900514000008, value=3, duration=0.1125713999999789>
1817.8047 	DATA 	Keypress: backspace
1817.8066 	EXP 	Device response: <KeyPress from None: t=1817.8000269000004, value=backspace, duration=None>
1817.9065 	EXP 	Device response: <KeyPress from None: t=1817.8000269000004, value=backspace, duration=0.09919590000026801>
1818.2456 	DATA 	Keypress: 2
1818.2550 	EXP 	Device response: <KeyPress from None: t=1818.2437976, value=2, duration=None>
1818.3398 	EXP 	Device response: <KeyPress from None: t=1818.2437976, value=2, duration=0.0891724000002796>
1818.6894 	DATA 	Mouse: Left button down, pos=(945,322)
1818.6906 	EXP 	New trial (rep=31, index=5): <Trial 377 (5 in rep 31) data={'delay': 0.1, 'freq': 1000, 'condition': 'exp', 'thisN': 377, 'thisTrialN': 5, 'thisRepN': 31}>
1818.7039 	EXP 	text: autoDraw = False
1818.7039 	EXP 	textbox: autoDraw = False
1818.7039 	EXP 	polygon: autoDraw = True
1818.7900 	DATA 	Mouse:  Left button up, pos=(945,322)
1819.7038 	INFO 	Keyboard events cleared
1819.7037 	EXP 	polygon: autoDraw = False
1819.7037 	EXP 	polygon_2: autoDraw = True
1820.0047 	EXP 	Device response: <KeyPress from None: t=1819.9911802000006, value=space, duration=None>
1820.0072 	DATA 	Keypress: space
1820.0207 	EXP 	polygon: autoDraw = False
1820.0207 	EXP 	polygon_2: autoDraw = False
1820.0881 	EXP 	Sound sound_1 reached end of file
1820.1044 	EXP 	Playing sound sound_1 on speaker Speakers (Realtek(R) Audio)
1820.0884 	EXP 	Device response: <KeyPress from None: t=1819.9911802000006, value=space, duration=0.08910759999980655>
1820.4021 	EXP 	Sound sound_1 stopped
1820.4153 	EXP 	text: autoDraw = True
1820.4153 	EXP 	textbox: autoDraw = True
1821.1604 	DATA 	Keypress: 1
1821.1712 	EXP 	Device response: <KeyPress from None: t=1821.1584713000002, value=1, duration=None>
1821.2736 	EXP 	Device response: <KeyPress from None: t=1821.1584713000002, value=1, duration=0.10588710000047286>
1821.6976 	DATA 	Mouse: Left button down, pos=(945,322)
1821.7057 	EXP 	New trial (rep=31, index=6): <Trial 378 (6 in rep 31) data={'delay': 0.4, 'freq': 400, 'condition': 'unexp', 'thisN': 378, 'thisTrialN': 6, 'thisRepN': 31}>
1821.7210 	EXP 	text: autoDraw = False
1821.7210 	EXP 	textbox: autoDraw = False
1821.7210 	EXP 	polygon: autoDraw = True
1821.7895 	DATA 	Mouse:  Left button up, pos=(945,322)
1822.7206 	INFO 	Keyboard events cleared
1822.7204 	EXP 	polygon: autoDraw = False
1822.7204 	EXP 	polygon_2: autoDraw = True
1823.0045 	EXP 	Device response: <KeyPress from None: t=1822.9946236000005, value=space, duration=None>
1823.0066 	DATA 	Keypress: space
1823.0202 	EXP 	polygon: autoDraw = False
1823.0202 	EXP 	polygon_2: autoDraw = False
1823.0880 	EXP 	Device response: <KeyPress from None: t=1822.9946236000005, value=space, duration=0.08608259999982693>
1823.4041 	EXP 	Sound sound_1 reached end of file
1823.4202 	EXP 	Playing sound sound_1 on speaker Speakers (Realtek(R) Audio)
1823.7242 	EXP 	Sound sound_1 stopped
1823.7358 	EXP 	text: autoDraw = True
1823.7358 	EXP 	textbox: autoDraw = True
1824.7111 	DATA 	Keypress: 0
1824.7214 	EXP 	Device response: <KeyPress from None: t=1824.7088918, value=0, duration=None>
1824.8389 	EXP 	Device response: <KeyPress from None: t=1824.7088918, value=0, duration=0.11872870000024704>
1825.1550 	DATA 	Mouse: Left button down, pos=(945,322)
1825.1559 	EXP 	New trial (rep=31, index=7): <Trial 379 (7 in rep 31) data={'delay': 0.7, 'freq': 400, 'condition': 'unexp', 'thisN': 379, 'thisTrialN': 7, 'thisRepN': 31}>
1825.1705 	EXP 	text: autoDraw = False
1825.1705 	EXP 	textbox: autoDraw = False
1825.1705 	EXP 	polygon: autoDraw = True
1825.2580 	DATA 	Mouse:  Left button up, pos=(945,322)
1826.1708 	INFO 	Keyboard events cleared
1826.1706 	EXP 	polygon: autoDraw = False
1826.1706 	EXP 	polygon_2: autoDraw = True
1826.4708 	EXP 	Device response: <KeyPress from None: t=1826.4596979000007, value=space, duration=None>
1826.4724 	DATA 	Keypress: space
1826.4868 	EXP 	polygon: autoDraw = False
1826.4868 	EXP 	polygon_2: autoDraw = False
1826.5208 	EXP 	Device response: <KeyPress from None: t=1826.4596979000007, value=space, duration=0.05982069999936357>
1827.1540 	EXP 	Sound sound_1 reached end of file
1827.1703 	EXP 	Playing sound sound_1 on speaker Speakers (Realtek(R) Audio)
1827.4634 	EXP 	Sound sound_1 stopped
1827.4740 	EXP 	text: autoDraw = True
1827.4740 	EXP 	textbox: autoDraw = True
1828.1615 	DATA 	Keypress: 0
1828.1717 	EXP 	Device response: <KeyPress from None: t=1828.1604375000006, value=0, duration=None>
1828.2721 	EXP 	Device response: <KeyPress from None: t=1828.1604375000006, value=0, duration=0.10249709999970946>
1828.6275 	DATA 	Mouse: Left button down, pos=(945,322)
1828.6398 	EXP 	New trial (rep=31, index=8): <Trial 380 (8 in rep 31) data={'delay': 0.1, 'freq': 400, 'condition': 'unexp', 'thisN': 380, 'thisTrialN': 8, 'thisRepN': 31}>
1828.6537 	EXP 	text: autoDraw = False
1828.6537 	EXP 	textbox: autoDraw = False
1828.6537 	EXP 	polygon: autoDraw = True
1828.7251 	DATA 	Mouse:  Left button up, pos=(945,322)
1829.6539 	INFO 	Keyboard events cleared
1829.6538 	EXP 	polygon: autoDraw = False
1829.6538 	EXP 	polygon_2: autoDraw = True
1830.1038 	EXP 	Device response: <KeyPress from None: t=1830.0931292000005, value=space, duration=None>
1830.1054 	DATA 	Keypress: space
1830.1204 	EXP 	polygon: autoDraw = False
1830.1204 	EXP 	polygon_2: autoDraw = False
1830.1872 	EXP 	Sound sound_1 reached end of file
1830.2035 	EXP 	Playing sound sound_1 on speaker Speakers (Realtek(R) Audio)
1830.2206 	EXP 	Device response: <KeyPress from None: t=1830.0931292000005, value=space, duration=0.12598830000024464>
1830.5028 	EXP 	Sound sound_1 stopped
1830.5133 	EXP 	text: autoDraw = True
1830.5133 	EXP 	textbox: autoDraw = True
1831.1436 	DATA 	Keypress: 0
1831.1545 	EXP 	Device response: <KeyPress from None: t=1831.1425408000005, value=0, duration=None>
1831.2877 	EXP 	Device response: <KeyPress from None: t=1831.1425408000005, value=0, duration=0.12977349999982835>
1831.5598 	DATA 	Mouse: Left button down, pos=(945,322)
1831.5731 	EXP 	New trial (rep=31, index=9): <Trial 381 (9 in rep 31) data={'delay': 0.4, 'freq': 1000, 'condition': 'exp', 'thisN': 381, 'thisTrialN': 9, 'thisRepN': 31}>
1831.5875 	EXP 	text: autoDraw = False
1831.5875 	EXP 	textbox: autoDraw = False
1831.5875 	EXP 	polygon: autoDraw = True
1831.6733 	DATA 	Mouse:  Left button up, pos=(945,322)
1832.5875 	INFO 	Keyboard events cleared
1832.5873 	EXP 	polygon: autoDraw = False
1832.5873 	EXP 	polygon_2: autoDraw = True
1832.6711 	EXP 	Device response: <KeyPress from None: t=1832.6640304000002, value=space, duration=None>
1832.6739 	DATA 	Keypress: space
1832.6873 	EXP 	polygon: autoDraw = False
1832.6873 	EXP 	polygon_2: autoDraw = False
1832.8041 	EXP 	Device response: <KeyPress from None: t=1832.6640304000002, value=space, duration=0.13934390000031271>
1833.0544 	EXP 	Sound sound_1 reached end of file
1833.0705 	EXP 	Playing sound sound_1 on speaker Speakers (Realtek(R) Audio)
1833.3698 	EXP 	Sound sound_1 stopped
1833.3791 	EXP 	text: autoDraw = True
1833.3791 	EXP 	textbox: autoDraw = True
1834.2767 	DATA 	Keypress: 2
1834.2885 	EXP 	Device response: <KeyPress from None: t=1834.2754391000008, value=2, duration=None>
1834.3891 	EXP 	Device response: <KeyPress from None: t=1834.2754391000008, value=2, duration=0.10959969999930763>
1834.8713 	DATA 	Mouse: Left button down, pos=(945,322)
1834.8722 	EXP 	New trial (rep=31, index=10): <Trial 382 (10 in rep 31) data={'delay': 0.4, 'freq': 1000, 'condition': 'exp', 'thisN': 382, 'thisTrialN': 10, 'thisRepN': 31}>
1834.8875 	EXP 	text: autoDraw = False
1834.8875 	EXP 	textbox: autoDraw = False
1834.8875 	EXP 	polygon: autoDraw = True
1834.9419 	DATA 	Mouse:  Left button up, pos=(945,322)
1835.8873 	INFO 	Keyboard events cleared
1835.8872 	EXP 	polygon: autoDraw = False
1835.8872 	EXP 	polygon_2: autoDraw = True
1836.1541 	EXP 	Device response: <KeyPress from None: t=1836.1399136, value=space, duration=None>
1836.1566 	DATA 	Keypress: space
1836.1701 	EXP 	polygon: autoDraw = False
1836.1701 	EXP 	polygon_2: autoDraw = False
1836.2539 	EXP 	Device response: <KeyPress from None: t=1836.1399136, value=space, duration=0.10580100000061066>
1836.5372 	EXP 	Sound sound_1 reached end of file
1836.5535 	EXP 	Playing sound sound_1 on speaker Speakers (Realtek(R) Audio)
1836.8514 	EXP 	Sound sound_1 stopped
1836.8608 	EXP 	text: autoDraw = True
1836.8608 	EXP 	textbox: autoDraw = True
1838.2112 	DATA 	Keypress: 2
1838.2213 	EXP 	Device response: <KeyPress from None: t=1838.2105149000008, value=2, duration=None>
1838.3539 	EXP 	Device response: <KeyPress from None: t=1838.2105149000008, value=2, duration=0.12891529999978957>
1838.7890 	DATA 	Mouse: Left button down, pos=(945,322)
1838.7904 	EXP 	New trial (rep=31, index=11): <Trial 383 (11 in rep 31) data={'delay': 0.1, 'freq': 1000, 'condition': 'exp', 'thisN': 383, 'thisTrialN': 11, 'thisRepN': 31}>
1838.8034 	EXP 	text: autoDraw = False
1838.8034 	EXP 	textbox: autoDraw = False
1838.8034 	EXP 	polygon: autoDraw = True
1838.8912 	DATA 	Mouse:  Left button up, pos=(945,322)
1839.8037 	INFO 	Keyboard events cleared
1839.8036 	EXP 	polygon: autoDraw = False
1839.8036 	EXP 	polygon_2: autoDraw = True
1840.1540 	EXP 	Device response: <KeyPress from None: t=1840.1457902000002, value=space, duration=None>
1840.1563 	DATA 	Keypress: space
1840.1702 	EXP 	polygon: autoDraw = False
1840.1702 	EXP 	polygon_2: autoDraw = False
1840.2376 	EXP 	Sound sound_1 reached end of file
1840.2538 	EXP 	Playing sound sound_1 on speaker Speakers (Realtek(R) Audio)
1840.2884 	EXP 	Device response: <KeyPress from None: t=1840.1457902000002, value=space, duration=0.12595909999981814>
1840.5505 	EXP 	Sound sound_1 stopped
1840.5628 	EXP 	text: autoDraw = True
1840.5628 	EXP 	textbox: autoDraw = True
1841.2713 	DATA 	Keypress: 1
1841.2732 	EXP 	Device response: <KeyPress from None: t=1841.2660190000006, value=1, duration=None>
1841.3561 	EXP 	Device response: <KeyPress from None: t=1841.2660190000006, value=1, duration=0.08199280000008002>
1841.7784 	DATA 	Mouse: Left button down, pos=(945,322)
1841.7900 	EXP 	New trial (rep=32, index=0): <Trial 384 (0 in rep 32) data={'delay': 0.4, 'freq': 1000, 'condition': 'exp', 'thisN': 384, 'thisTrialN': 0, 'thisRepN': 32}>
1841.8035 	EXP 	text: autoDraw = False
1841.8035 	EXP 	textbox: autoDraw = False
1841.8035 	EXP 	polygon: autoDraw = True
1841.8752 	DATA 	Mouse:  Left button up, pos=(945,322)
1842.8035 	INFO 	Keyboard events cleared
1842.8034 	EXP 	polygon: autoDraw = False
1842.8034 	EXP 	polygon_2: autoDraw = True
1843.0879 	EXP 	Device response: <KeyPress from None: t=1843.0747737000002, value=space, duration=None>
1843.0904 	DATA 	Keypress: space
1843.1036 	EXP 	polygon: autoDraw = False
1843.1036 	EXP 	polygon_2: autoDraw = False
1843.1542 	EXP 	Device response: <KeyPress from None: t=1843.0747737000002, value=space, duration=0.07529520000025514>
1843.4872 	EXP 	Sound sound_1 reached end of file
1843.5035 	EXP 	Playing sound sound_1 on speaker Speakers (Realtek(R) Audio)
1843.8007 	EXP 	Sound sound_1 stopped
1843.8104 	EXP 	text: autoDraw = True
1843.8104 	EXP 	textbox: autoDraw = True
1844.4938 	DATA 	Keypress: 2
1844.5039 	EXP 	Device response: <KeyPress from None: t=1844.4926501, value=2, duration=None>
1844.6046 	EXP 	Device response: <KeyPress from None: t=1844.4926501, value=2, duration=0.09672750000027008>
1844.9051 	DATA 	Mouse: Left button down, pos=(945,322)
1844.9069 	EXP 	New trial (rep=32, index=1): <Trial 385 (1 in rep 32) data={'delay': 0.7, 'freq': 1000, 'condition': 'exp', 'thisN': 385, 'thisTrialN': 1, 'thisRepN': 32}>
1844.9200 	EXP 	text: autoDraw = False
1844.9200 	EXP 	textbox: autoDraw = False
1844.9200 	EXP 	polygon: autoDraw = True
1844.9897 	DATA 	Mouse:  Left button up, pos=(945,322)
1845.9205 	INFO 	Keyboard events cleared
1845.9203 	EXP 	polygon: autoDraw = False
1845.9203 	EXP 	polygon_2: autoDraw = True
1846.2378 	EXP 	Device response: <KeyPress from None: t=1846.2320236000005, value=space, duration=None>
1846.2409 	DATA 	Keypress: space
1846.2534 	EXP 	polygon: autoDraw = False
1846.2534 	EXP 	polygon_2: autoDraw = False
1846.3376 	EXP 	Device response: <KeyPress from None: t=1846.2320236000005, value=space, duration=0.09662140000000363>
1846.9370 	EXP 	Sound sound_1 reached end of file
1846.9533 	EXP 	Playing sound sound_1 on speaker Speakers (Realtek(R) Audio)
1847.2544 	EXP 	Sound sound_1 stopped
1847.2653 	EXP 	text: autoDraw = True
1847.2653 	EXP 	textbox: autoDraw = True
1847.7881 	DATA 	Keypress: 3
1847.7897 	EXP 	Device response: <KeyPress from None: t=1847.7784418, value=3, duration=None>
1847.8902 	EXP 	Device response: <KeyPress from None: t=1847.7784418, value=3, duration=0.10955430000012711>
1848.4558 	DATA 	Mouse: Left button down, pos=(945,322)
1848.4570 	EXP 	New trial (rep=32, index=2): <Trial 386 (2 in rep 32) data={'delay': 0.7, 'freq': 400, 'condition': 'unexp', 'thisN': 386, 'thisTrialN': 2, 'thisRepN': 32}>
1848.4703 	EXP 	text: autoDraw = False
1848.4703 	EXP 	textbox: autoDraw = False
1848.4703 	EXP 	polygon: autoDraw = True
1848.5393 	DATA 	Mouse:  Left button up, pos=(945,322)
1849.4704 	INFO 	Keyboard events cleared
1849.4702 	EXP 	polygon: autoDraw = False
1849.4702 	EXP 	polygon_2: autoDraw = True
1850.4037 	EXP 	Device response: <KeyPress from None: t=1850.3990747000007, value=escape, duration=None>
1850.4048 	DATA 	Keypress: escape
1850.6545 	EXP 	Device response: <KeyPress from None: t=1850.3990747000007, value=escape, duration=0.24539000000004307>
1850.6547 	EXP 	intentional binding exp: status = STOPPED
1850.6704 	EXP 	polygon_2: autoDraw = False
1850.6706 	EXP 	intentional binding exp: status = STOPPED
1850.8463 	INFO 	saved data to 'C:\\Users\\Dell\\OneDrive\\Desktop\\PSY310\\8 intentional binding\\data\\participant_intentional binding exp_2025-11-13_16h08.20.043.csv'
1850.8600 	INFO 	saved data to C:\Users\Dell\OneDrive\Desktop\PSY310\8 intentional binding\data\participant_intentional binding exp_2025-11-13_16h08.20.043.psydat
1851.3208 	WARNING 	Stopping key buffers but this could be dangerous ifother keyboards rely on the same.
1851.3493 	WARNING 	Stopping key buffers but this could be dangerous ifother keyboards rely on the same.
